memory profiling: sample.interval=1000
:218243:325173:17331384:0:"gc" "system.time" 
:218243:325173:17331384:0:"gc" "system.time" 
:218243:325173:17331384:0:"gc" "system.time" 
:217978:322321:17311784:0:"gc" "system.time" 
:239497:378267:20212472:852:"lazyLoadDBfetch" "genCode" "cmpfun" "doTryCatch" "tryCatchOne" "tryCatchList" "tryCatch" "compiler:::tryCmpfun" "pt_sampler_trunc" "system.time" 
:244416:725531:20514032:21:"lazyLoadDBfetch" "<Anonymous>" "lazyLoadDBfetch" "exists" "getInlineHandler" "tryInline" "cmpCall" "cmp" "genCode" "cmpfun" "doTryCatch" "tryCatchOne" "tryCatchList" "tryCatch" "compiler:::tryCmpfun" "pt_sampler_trunc" "system.time" 
:258357:748255:21262416:0:"lazyLoadDBfetch" "<Anonymous>" "lazyLoadDBfetch" "exists" "getInlineHandler" "tryInline" "cmpCall" "cmp" "genCode" "cmpfun" "doTryCatch" "tryCatchOne" "tryCatchList" "tryCatch" "compiler:::tryCmpfun" "pt_sampler_trunc" "system.time" 
:271779:770322:21983248:0:"lazyLoadDBfetch" "<Anonymous>" "lazyLoadDBfetch" "exists" "getInlineHandler" "tryInline" "cmpCall" "cmp" "genCode" "cmpfun" "doTryCatch" "tryCatchOne" "tryCatchList" "tryCatch" "compiler:::tryCmpfun" "pt_sampler_trunc" "system.time" 
:285064:792223:22728776:0:"lazyLoadDBfetch" "<Anonymous>" "lazyLoadDBfetch" "exists" "getInlineHandler" "tryInline" "cmpCall" "cmp" "genCode" "cmpfun" "doTryCatch" "tryCatchOne" "tryCatchList" "tryCatch" "compiler:::tryCmpfun" "pt_sampler_trunc" "system.time" 
:297182:810884:23357488:0:"lazyLoadDBfetch" "<Anonymous>" "lazyLoadDBfetch" "exists" "getInlineHandler" "tryInline" "cmpCall" "cmp" "genCode" "cmpfun" "doTryCatch" "tryCatchOne" "tryCatchList" "tryCatch" "compiler:::tryCmpfun" "pt_sampler_trunc" "system.time" 
:302504:845489:24039176:161:"grep" "is.ddsym" "cmpSym" "cmpBuiltinArgs" "h" "tryInline" "cmpCall" "cmp" "cmpPrim2" "h" "tryInline" "cmpCall" "cmp" "genCode" "cb$putconst" "cmpCallArgs" "cmpCallSymFun" "cmpCall" "cmp" "h" "tryInline" "cmpCall" "cmp" "genCode" "cmpfun" "doTryCatch" "tryCatchOne" "tryCatchList" "tryCatch" "compiler:::tryCmpfun" "pt_sampler_trunc" "system.time" 
:309703:874706:25173624:346:"%in%" "getFoldFun" "constantFoldCall" "constantFold" "cmp" "h" "tryInline" "cmpCall" "cmp" "genCode" "cmpfun" "doTryCatch" "tryCatchOne" "tryCatchList" "tryCatch" "compiler:::tryCmpfun" "pt_sampler_trunc" "system.time" 
:315298:887194:26367432:517:"as.list.default" "as.list" "checkSkipLoopCntxtList" "checkSkipLoopCntxt" "checkSkipLoopCntxtList" "checkSkipLoopCntxt" "checkSkipLoopCntxtList" "checkSkipLoopCntxt" "h" "tryInline" "cmpCall" "cmp" "h" "tryInline" "cmpCall" "cmp" "cmpForBody" "h" "tryInline" "cmpCall" "cmp" "h" "tryInline" "cmpCall" "cmp" "genCode" "cmpfun" "doTryCatch" "tryCatchOne" "tryCatchList" "tryCatch" "compiler:::tryCmpfun" "pt_sampler_trunc" "system.time" 
:323792:900803:28029232:669:"constantFoldCall" "constantFold" "h" "tryInline" "cmpCall" "cmp" "h" "tryInline" "cmpCall" "cmp" "cmpForBody" "h" "tryInline" "cmpCall" "cmp" "h" "tryInline" "cmpCall" "cmp" "genCode" "cmpfun" "doTryCatch" "tryCatchOne" "tryCatchList" "tryCatch" "compiler:::tryCmpfun" "pt_sampler_trunc" "system.time" 
:328758:903880:29323448:652:"getInlineInfo" "isBaseVar" "isLoopTopFun" "checkSkipLoopCntxt" "checkSkipLoopCntxtList" "checkSkipLoopCntxt" "checkSkipLoopCntxtList" "checkSkipLoopCntxt" "checkSkipLoopCntxtList" "checkSkipLoopCntxt" "h" "tryInline" "cmpCall" "cmp" "h" "tryInline" "cmpCall" "cmp" "h" "tryInline" "cmpCall" "cmp" "h" "tryInline" "cmpCall" "cmp" "cmpForBody" "h" "tryInline" "cmpCall" "cmp" "h" "tryInline" "cmpCall" "cmp" "genCode" "cmpfun" "doTryCatch" "tryCatchOne" "tryCatchList" "tryCatch" "compiler:::tryCmpfun" "pt_sampler_trunc" "system.time" 
:333318:906040:30345392:501:"cb$putcode" "h" "tryInline" "cmpCall" "cmp" "cmpForBody" "h" "tryInline" "cmpCall" "cmp" "h" "tryInline" "cmpCall" "cmp" "h" "tryInline" "cmpCall" "cmp" "h" "tryInline" "cmpCall" "cmp" "cmpForBody" "h" "tryInline" "cmpCall" "cmp" "h" "tryInline" "cmpCall" "cmp" "genCode" "cmpfun" "doTryCatch" "tryCatchOne" "tryCatchList" "tryCatch" "compiler:::tryCmpfun" "pt_sampler_trunc" "system.time" 
:337567:911305:31525200:479:"is.factor" "grep" "is.ddsym" "cmpSym" "cmp" "cmpIndices" "cmpSubsetDispatch" "h" "tryInline" "cmpCall" "cmp" "cmpPrim2" "h" "tryInline" "cmpCall" "cmp" "cmpPrim2" "h" "tryInline" "cmpCall" "cmp" "h" "tryInline" "cmpCall" "cmp" "cmpPrim2" "h" "tryInline" "cmpCall" "cmp" "cmpSymbolAssign" "h" "tryInline" "cmpCall" "cmp" "h" "tryInline" "cmpCall" "cmp" "h" "tryInline" "cmpCall" "cmp" "h" "tryInline" "cmpCall" "cmp" "cmpForBody" "h" "tryInline" "cmpCall" "cmp" "h" "tryInline" "cmpCall" "cmp" "h" "tryInline" "cmpCall" "cmp" "h" "tryInline" "cmpCall" "cmp" "cmpForBody" "h" "tryInline" "cmpCall" "cmp" "h" "tryInline" "cmpCall" "cmp" "genCode" "cmpfun" "doTryCatch" "tryCatchOne" "tryCatchList" "tryCatch" "compiler:::tryCmpfun" "pt_sampler_trunc" "system.time" 
:340645:914020:32396616:375:"make.nonTailCallContext" "cmpPrim2" "h" "tryInline" "cmpCall" "cmp" "h" "tryInline" "cmpCall" "cmp" "h" "tryInline" "cmpCall" "cmp" "h" "tryInline" "cmpCall" "cmp" "h" "tryInline" "cmpCall" "cmp" "cmpForBody" "h" "tryInline" "cmpCall" "cmp" "h" "tryInline" "cmpCall" "cmp" "h" "tryInline" "cmpCall" "cmp" "h" "tryInline" "cmpCall" "cmp" "cmpForBody" "h" "tryInline" "cmpCall" "cmp" "h" "tryInline" "cmpCall" "cmp" "genCode" "cmpfun" "doTryCatch" "tryCatchOne" "tryCatchList" "tryCatch" "compiler:::tryCmpfun" "pt_sampler_trunc" "system.time" 
:344290:916656:33289592:393:"getInlineInfo" "tryInline" "cmpCall" "cmp" "cmpComplexAssign" "h" "tryInline" "cmpCall" "cmp" "h" "tryInline" "cmpCall" "cmp" "h" "tryInline" "cmpCall" "cmp" "h" "tryInline" "cmpCall" "cmp" "h" "tryInline" "cmpCall" "cmp" "h" "tryInline" "cmpCall" "cmp" "cmpForBody" "h" "tryInline" "cmpCall" "cmp" "h" "tryInline" "cmpCall" "cmp" "h" "tryInline" "cmpCall" "cmp" "h" "tryInline" "cmpCall" "cmp" "cmpForBody" "h" "tryInline" "cmpCall" "cmp" "h" "tryInline" "cmpCall" "cmp" "genCode" "cmpfun" "doTryCatch" "tryCatchOne" "tryCatchList" "tryCatch" "compiler:::tryCmpfun" "pt_sampler_trunc" "system.time" 
:347853:919074:34200600:366:"findCenvVar" "getInlineInfo" "isBaseVar" "getFoldFun" "constantFoldCall" "constantFold" "cmp" "cmpPrim2" "h" "tryInline" "cmpCall" "cmp" "cmpBuiltinArgs" "h" "tryInline" "cmpCall" "cmp" "h" "tryInline" "cmpCall" "cmp" "genCode" "cmpfun" "doTryCatch" "tryCatchOne" "tryCatchList" "tryCatch" "compiler:::tryCmpfun" "pt_sampler_trunc" "system.time" 
:350165:1623061:34821304:216:"matrix" "pt_sampler_trunc" "system.time" 
:353731:1625620:35655928:348:"findCenvVar" "findFunDef" "cmpCall" "cmp" "cmpSymbolAssign" "h" "tryInline" "cmpCall" "cmp" "h" "tryInline" "cmpCall" "cmp" "cmpRepeatBody" "h" "tryInline" "cmpCall" "cmp" "h" "tryInline" "cmpCall" "cmp" "genCode" "cmpfun" "doTryCatch" "tryCatchOne" "tryCatchList" "tryCatch" "compiler:::tryCmpfun" "r_trunc_norm" "pt_rw_step_trunc" "pt_sampler_trunc" "system.time" 
:357248:1627440:36440992:285:"%in%" "findLocals1" "lapply" "FUN" "lapply" "findLocalsList1" "findLocalsList" "funEnv" "make.functionContext" "cmpfun" "doTryCatch" "tryCatchOne" "tryCatchList" "tryCatch" "compiler:::tryCmpfun" "logf" "pt_rw_step_trunc" "pt_sampler_trunc" "system.time" 
:364459:1628565:37742656:464:"findCenvVar" "getInlineInfo" "tryInline" "cmpCall" "cmp" "cmpSymbolAssign" "h" "tryInline" "cmpCall" "cmp" "h" "tryInline" "cmpCall" "cmp" "genCode" "cmpfun" "doTryCatch" "tryCatchOne" "tryCatchList" "tryCatch" "compiler:::tryCmpfun" "logf" "pt_rw_step_trunc" "pt_sampler_trunc" "system.time" 
:368900:1631401:38875704:453:"findCenvVar" "getInlineInfo" "tryInline" "cmpCall" "cmp" "h" "tryInline" "cmpCall" "cmp" "h" "tryInline" "cmpCall" "cmp" "h" "tryInline" "cmpCall" "cmp" "genCode" "cmpfun" "doTryCatch" "tryCatchOne" "tryCatchList" "tryCatch" "compiler:::tryCmpfun" "logf" "pt_rw_step_trunc" "pt_sampler_trunc" "system.time" 
:371803:1635922:39618264:288:"h" "tryInline" "cmpCall" "cmp" "h" "tryInline" "cmpCall" "cmp" "h" "tryInline" "cmpCall" "cmp" "h" "tryInline" "cmpCall" "cmp" "genCode" "cmpfun" "doTryCatch" "tryCatchOne" "tryCatchList" "tryCatch" "compiler:::tryCmpfun" "logf" "pt_rw_step_trunc" "pt_sampler_trunc" "system.time" 
:373334:1637368:40082672:186:"cmp" "cmpPrim1" "h" "tryInline" "cmpCall" "cmp" "cmpPrim2" "h" "tryInline" "cmpCall" "cmp" "cmpSymbolAssign" "h" "tryInline" "cmpCall" "cmp" "h" "tryInline" "cmpCall" "cmp" "h" "tryInline" "cmpCall" "cmp" "h" "tryInline" "cmpCall" "cmp" "genCode" "cmpfun" "doTryCatch" "tryCatchOne" "tryCatchList" "tryCatch" "compiler:::tryCmpfun" "logf" "pt_rw_step_trunc" "pt_sampler_trunc" "system.time" 
:373334:1637368:40082672:0:"cmp" "cmpPrim1" "h" "tryInline" "cmpCall" "cmp" "cmpPrim2" "h" "tryInline" "cmpCall" "cmp" "cmpSymbolAssign" "h" "tryInline" "cmpCall" "cmp" "h" "tryInline" "cmpCall" "cmp" "h" "tryInline" "cmpCall" "cmp" "h" "tryInline" "cmpCall" "cmp" "genCode" "cmpfun" "doTryCatch" "tryCatchOne" "tryCatchList" "tryCatch" "compiler:::tryCmpfun" "logf" "pt_rw_step_trunc" "pt_sampler_trunc" "system.time" 
:283345:1118542:22382080:538:"make.nonTailCallContext" "cmpPrim1" "h" "tryInline" "cmpCall" "cmp" "cmpPrim2" "h" "tryInline" "cmpCall" "cmp" "cmpPrim2" "h" "tryInline" "cmpCall" "cmp" "h" "tryInline" "cmpCall" "cmp" "cmpPrim2" "h" "tryInline" "cmpCall" "cmp" "cmpComplexAssign" "h" "tryInline" "cmpCall" "cmp" "h" "tryInline" "cmpCall" "cmp" "h" "tryInline" "cmpCall" "cmp" "h" "tryInline" "cmpCall" "cmp" "genCode" "cmpfun" "doTryCatch" "tryCatchOne" "tryCatchList" "tryCatch" "compiler:::tryCmpfun" "logf" "pt_rw_step_trunc" "pt_sampler_trunc" "system.time" 
:286812:1125641:23220008:320:"structure" "makeCenv" "structure" "make.toplevelContext" "cmpfun" "doTryCatch" "tryCatchOne" "tryCatchList" "tryCatch" "compiler:::tryCmpfun" "Z_tail" "pt_rw_step_trunc" "pt_sampler_trunc" "system.time" 
:291484:1126942:24293136:402:"as.list" "lapply" "FUN" "lapply" "findLocalsList1" "findLocalsList" "funEnv" "make.functionContext" "cmpfun" "doTryCatch" "tryCatchOne" "tryCatchList" "tryCatch" "compiler:::tryCmpfun" "pt_rw_step_trunc" "pt_sampler_trunc" "system.time" 
:296077:1127530:25092424:293:"cmpCall" "cmp" "h" "tryInline" "cmpCall" "cmp" "genCode" "cmpfun" "doTryCatch" "tryCatchOne" "tryCatchList" "tryCatch" "compiler:::tryCmpfun" "pt_rw_step_trunc" "pt_sampler_trunc" "system.time" 
:301166:1131093:26435248:598:"getInlineInfo" "isBaseVar" "getFoldFun" "constantFoldCall" "constantFold" "cmp" "cmpPrim2" "h" "tryInline" "cmpCall" "cmp" "cmpPrim2" "h" "tryInline" "cmpCall" "cmp" "cmpPrim2" "h" "tryInline" "cmpCall" "cmp" "cmpSymbolAssign" "h" "tryInline" "cmpCall" "cmp" "h" "tryInline" "cmpCall" "cmp" "genCode" "cmpfun" "doTryCatch" "tryCatchOne" "tryCatchList" "tryCatch" "compiler:::tryCmpfun" "pt_rw_step_trunc" "pt_sampler_trunc" "system.time" 
:305645:1134021:27590024:477:"findCenvVar" "getInlineInfo" "isBaseVar" "getFoldFun" "constantFoldCall" "constantFold" "cmp" "cmpPrim2" "h" "tryInline" "cmpCall" "cmp" "h" "tryInline" "cmpCall" "cmp" "h" "tryInline" "cmpCall" "cmp" "h" "tryInline" "cmpCall" "cmp" "genCode" "cmpfun" "doTryCatch" "tryCatchOne" "tryCatchList" "tryCatch" "compiler:::tryCmpfun" "pt_rw_step_trunc" "pt_sampler_trunc" "system.time" 
:309721:1136398:28692664:350:"logf" "pt_rw_step_trunc" "pt_sampler_trunc" "system.time" 
:315101:1136398:30303840:432:"logf" "pt_rw_step_trunc" "pt_sampler_trunc" "system.time" 
:319354:1136398:31579296:341:"logf" "pt_rw_step_trunc" "pt_sampler_trunc" "system.time" 
:323823:1136398:32927496:365:"pnorm" "Z_tail" "pt_rw_step_trunc" "pt_sampler_trunc" "system.time" 
:328952:1136398:34470072:418:"length" "pmax" "logf" "pt_rw_step_trunc" "pt_sampler_trunc" "system.time" 
:333394:1136398:35804776:358:"FUN" "vapply" "pmax" "logf" "pt_rw_step_trunc" "pt_sampler_trunc" "system.time" 
:338396:1136398:37313024:410:"vapply" "pmax" "logf" "pt_rw_step_trunc" "pt_sampler_trunc" "system.time" 
:347618:1136398:40082672:745:"pmax" "logf" "pt_sampler_trunc" "system.time" 
:280930:1112203:21731416:191:"match.fun" "vapply" "pmax" "logf" "pt_rw_step_trunc" "pt_sampler_trunc" "system.time" 
:307962:1112203:29848560:2181:"rnorm" "r_trunc_norm" "pt_rw_step_trunc" "pt_sampler_trunc" "system.time" 
:316617:1112203:32453512:704:"logf" "pt_rw_step_trunc" "pt_sampler_trunc" "system.time" 
:325163:1112203:35025872:696:"all" "pmax" "logf" "pt_rw_step_trunc" "pt_sampler_trunc" "system.time" 
:329972:1112203:36480360:397:"match.fun" "vapply" "pmax" "logf" "pt_rw_step_trunc" "pt_sampler_trunc" "system.time" 
:335360:1112203:38104752:441:"pt_rw_step_trunc" "pt_sampler_trunc" "system.time" 
:340888:1112203:39768680:451:"logf" "pt_rw_step_trunc" "pt_sampler_trunc" "system.time" 
:341938:1112203:40082672:84:"logf" "pt_sampler_trunc" "system.time" 
:283348:1112203:22454768:385:"logf" "pt_rw_step_trunc" "pt_sampler_trunc" "system.time" 
:290311:1112203:24549952:566:"pmax" "logf" "pt_rw_step_trunc" "pt_sampler_trunc" "system.time" 
:295938:1112203:26244064:459:"logf" "pt_rw_step_trunc" "pt_sampler_trunc" "system.time" 
:301890:1112203:28036400:486:"logf" "pt_rw_step_trunc" "pt_sampler_trunc" "system.time" 
:309399:1112203:30302888:615:"logf" "pt_rw_step_trunc" "pt_sampler_trunc" "system.time" 
:321308:1112203:33888624:972:"logf" "pt_rw_step_trunc" "pt_sampler_trunc" "system.time" 
:329203:1112203:36262352:642:"Z_tail" "pt_rw_step_trunc" "pt_sampler_trunc" "system.time" 
:310758:1112203:30714152:3656:"pt_sampler_trunc" "system.time" 
:318860:1112203:33153624:658:"pnorm" "Z_tail" "pt_rw_step_trunc" "pt_sampler_trunc" "system.time" 
:325590:1112203:35182280:552:"attributes" "pmax" "logf" "pt_rw_step_trunc" "pt_sampler_trunc" "system.time" 
:331791:1112203:37048144:506:"r_trunc_norm" "pt_rw_step_trunc" "pt_sampler_trunc" "system.time" 
:338572:1112203:39088056:552:"logf" "pt_sampler_trunc" "system.time" 
:341885:1112203:40082672:267:"pmax" "logf" "pt_rw_step_trunc" "pt_sampler_trunc" "system.time" 
:282739:1112203:22263248:331:"pt_rw_step_trunc" "pt_sampler_trunc" "system.time" 
:288730:1112203:24068408:490:"pmax" "logf" "pt_rw_step_trunc" "pt_sampler_trunc" "system.time" 
:294208:1112203:25716488:446:"pt_rw_step_trunc" "pt_sampler_trunc" "system.time" 
:300519:1112203:27618304:516:"Z_tail" "pt_rw_step_trunc" "pt_sampler_trunc" "system.time" 
:308339:1112203:29969464:635:"vapply" "pmax" "logf" "pt_rw_step_trunc" "pt_sampler_trunc" "system.time" 
:321044:1112203:33798744:1038:"vapply" "pmax" "logf" "pt_rw_step_trunc" "pt_sampler_trunc" "system.time" 
:328872:1112203:36151920:636:"pmax" "logf" "pt_rw_step_trunc" "pt_sampler_trunc" "system.time" 
:282128:1112203:22073800:1342:"vapply" "pmax" "logf" "pt_rw_step_trunc" "pt_sampler_trunc" "system.time" 
:287803:1112203:23783424:463:"pmax" "logf" "pt_rw_step_trunc" "pt_sampler_trunc" "system.time" 
:331042:1112203:36810760:3530:"pmax" "logf" "pt_rw_step_trunc" "pt_sampler_trunc" "system.time" 
:341387:1112203:39924080:842:"pt_sampler_trunc" "system.time" 
:297354:1112203:26659416:1562:"logf" "pt_rw_step_trunc" "pt_sampler_trunc" "system.time" 
:317885:1112203:32849040:1679:"pmax" "logf" "pt_rw_step_trunc" "pt_sampler_trunc" "system.time" 
:324241:1112203:34758304:514:"pmax" "logf" "pt_sampler_trunc" "system.time" 
:340005:1112203:39506880:1284:"pt_rw_step_trunc" "pt_sampler_trunc" "system.time" 
:279590:1112203:21302176:220:"vapply" "pmax" "logf" "pt_rw_step_trunc" "pt_sampler_trunc" "system.time" 
:287757:1112203:23757552:664:"vapply" "pmax" "logf" "pt_rw_step_trunc" "pt_sampler_trunc" "system.time" 
:296939:1112203:26523784:750:"vapply" "pmax" "logf" "pt_rw_step_trunc" "pt_sampler_trunc" "system.time" 
:306358:1112203:29365616:773:"rnorm" "r_trunc_norm" "pt_rw_step_trunc" "pt_sampler_trunc" "system.time" 
:280428:1112203:21553112:3037:"match.fun" "vapply" "pmax" "logf" "pt_rw_step_trunc" "pt_sampler_trunc" "system.time" 
:285381:1112203:23041984:402:"logf" "pt_rw_step_trunc" "pt_sampler_trunc" "system.time" 
:293447:1112203:25471208:656:"vapply" "pmax" "logf" "pt_rw_step_trunc" "pt_sampler_trunc" "system.time" 
:299529:1112203:27306048:498:"pmax" "logf" "pt_rw_step_trunc" "pt_sampler_trunc" "system.time" 
:309573:1112203:30335704:826:"pmax" "logf" "pt_sampler_trunc" "system.time" 
:316307:1112203:32366040:549:"mostattributes<-" "pmax" "logf" "pt_rw_step_trunc" "pt_sampler_trunc" "system.time" 
:320794:1112203:33722360:370:"logf" "pt_rw_step_trunc" "pt_sampler_trunc" "system.time" 
:326850:1112203:35541072:491:"logf" "pt_sampler_trunc" "system.time" 
:281591:1112203:21899528:1453:"logf" "pt_rw_step_trunc" "pt_sampler_trunc" "system.time" 
:289067:1112203:24155264:613:"vapply" "pmax" "logf" "pt_rw_step_trunc" "pt_sampler_trunc" "system.time" 
:307491:1112203:29699488:1499:"pmax" "logf" "pt_rw_step_trunc" "pt_sampler_trunc" "system.time" 
:324890:1112203:34942768:1420:"pt_rw_step_trunc" "pt_sampler_trunc" "system.time" 
:335954:1112203:38272080:900:"pt_sampler_trunc" "system.time" 
:313473:1112203:31493784:3308:"pt_rw_step_trunc" "pt_sampler_trunc" "system.time" 
:320531:1112203:33618144:574:"pt_rw_step_trunc" "pt_sampler_trunc" "system.time" 
:326571:1112203:35434336:490:"all" "pmax" "logf" "pt_rw_step_trunc" "pt_sampler_trunc" "system.time" 
:337803:1112203:38816512:914:"r_trunc_norm" "pt_rw_step_trunc" "pt_sampler_trunc" "system.time" 
:331639:1112203:36972320:4650:"runif" "pt_rw_step_trunc" "pt_sampler_trunc" "system.time" 
:337429:1112203:38718736:474:"runif" "pt_rw_step_trunc" "pt_sampler_trunc" "system.time" 
:281528:1112203:21863576:582:"pt_sampler_trunc" "system.time" 
:285637:1112203:23105544:338:"pmax" "logf" "pt_rw_step_trunc" "pt_sampler_trunc" "system.time" 
:313521:1112203:31501792:2273:"vapply" "pmax" "logf" "pt_rw_step_trunc" "pt_sampler_trunc" "system.time" 
:331166:1112203:36821680:1443:"logf" "pt_rw_step_trunc" "pt_sampler_trunc" "system.time" 
:341986:1112203:40082672:884:"r_trunc_norm" "pt_rw_step_trunc" "pt_sampler_trunc" "system.time" 
:285493:1112203:23060576:540:"pt_sampler_trunc" "system.time" 
:292745:1112203:25240768:588:"r_trunc_norm" "pt_rw_step_trunc" "pt_sampler_trunc" "system.time" 
:310849:1112203:30695560:1477:"vapply" "pmax" "logf" "pt_rw_step_trunc" "pt_sampler_trunc" "system.time" 
:320470:1112203:33593560:786:"logf" "pt_rw_step_trunc" "pt_sampler_trunc" "system.time" 
:331289:1112203:36852088:881:"pt_rw_step_trunc" "pt_sampler_trunc" "system.time" 
:340283:1112203:39560080:733:"logf" "pt_rw_step_trunc" "pt_sampler_trunc" "system.time" 
:281888:1112203:21966784:380:"any" "logf" "pt_rw_step_trunc" "pt_sampler_trunc" "system.time" 
:283783:1112203:22543584:157:"pnorm" "Z_tail" "pt_rw_step_trunc" "pt_sampler_trunc" "system.time" 
:290155:1112203:24452120:513:"pmax" "logf" "pt_rw_step_trunc" "pt_sampler_trunc" "system.time" 
:292849:1112203:25264400:219:"-" "logf" "pt_sampler_trunc" "system.time" 
:297946:1112203:26804736:420:"logf" "pt_rw_step_trunc" "pt_sampler_trunc" "system.time" 
:320663:1112203:33648384:1856:"pt_rw_step_trunc" "pt_sampler_trunc" "system.time" 
:330235:1112203:36527568:776:"logf" "pt_rw_step_trunc" "pt_sampler_trunc" "system.time" 
:287419:1112203:23629760:1654:"logf" "pt_rw_step_trunc" "pt_sampler_trunc" "system.time" 
:293538:1112203:25472048:498:"rnorm" "r_trunc_norm" "pt_rw_step_trunc" "pt_sampler_trunc" "system.time" 
:302970:1112203:28315504:771:"logf" "pt_rw_step_trunc" "pt_sampler_trunc" "system.time" 
:336327:1112203:38358712:2717:"mostattributes<-" "pmax" "logf" "pt_rw_step_trunc" "pt_sampler_trunc" "system.time" 
:296751:1112203:26437712:1918:"logf" "pt_rw_step_trunc" "pt_sampler_trunc" "system.time" 
:320534:1112203:33603136:1939:"vapply" "pmax" "logf" "pt_rw_step_trunc" "pt_sampler_trunc" "system.time" 
:287397:1112203:23616096:2438:"pmax" "logf" "pt_rw_step_trunc" "pt_sampler_trunc" "system.time" 
:315069:1112203:31958528:2260:"FUN" "vapply" "pmax" "logf" "pt_rw_step_trunc" "pt_sampler_trunc" "system.time" 
:335090:1112203:37988272:1632:"pmax" "logf" "pt_rw_step_trunc" "pt_sampler_trunc" "system.time" 
:328888:1112203:36113336:4638:"pmax" "logf" "pt_rw_step_trunc" "pt_sampler_trunc" "system.time" 
:337210:1112203:38617656:677:"pt_sampler_trunc" "system.time" 
:282821:1112203:22230712:702:"r_trunc_norm" "pt_rw_step_trunc" "pt_sampler_trunc" "system.time" 
:293891:1112203:25559856:900:"pt_sampler_trunc" "system.time" 
:311534:1112203:30866416:1434:"pt_sampler_trunc" "system.time" 
:338767:1112203:39065600:2217:"logf" "pt_rw_step_trunc" "pt_sampler_trunc" "system.time" 
:342159:1112203:40082672:273:"pmax" "logf" "pt_sampler_trunc" "system.time" 
:342159:1112203:40082672:0:"pmax" "logf" "pt_sampler_trunc" "system.time" 
:284215:1111328:22868440:511:"vapply" "pmax" "logf" "pt_rw_step_trunc" "pt_sampler_trunc" "system.time" 
:307522:1111328:29889552:1898:"vapply" "pmax" "logf" "pt_rw_step_trunc" "pt_sampler_trunc" "system.time" 
:341395:1111328:40082672:2754:"pmax" "logf" "pt_rw_step_trunc" "pt_sampler_trunc" "system.time" 
:280701:1111328:21805224:222:"logf" "pt_rw_step_trunc" "pt_sampler_trunc" "system.time" 
:286334:1111328:23502416:459:"logf" "pt_sampler_trunc" "system.time" 
:294477:1111328:25960256:667:"pmax" "logf" "pt_rw_step_trunc" "pt_sampler_trunc" "system.time" 
:308008:1111328:30031624:1100:"vapply" "pmax" "logf" "pt_rw_step_trunc" "pt_sampler_trunc" "system.time" 
:318125:1111328:33070856:819:"r_trunc_norm" "pt_rw_step_trunc" "pt_sampler_trunc" "system.time" 
:331147:1111328:36997128:1066:"pt_rw_step_trunc" "pt_sampler_trunc" "system.time" 
:285460:1111328:23238544:1448:"pt_sampler_trunc" "system.time" 
:291989:1111328:25198488:525:"vapply" "pmax" "logf" "pt_rw_step_trunc" "pt_sampler_trunc" "system.time" 
:305305:1111328:29209488:1086:"vapply" "pmax" "logf" "pt_rw_step_trunc" "pt_sampler_trunc" "system.time" 
:315850:1111328:32380712:856:"pmax" "logf" "pt_rw_step_trunc" "pt_sampler_trunc" "system.time" 
:328490:1111328:36195824:1037:"runif" "pt_rw_step_trunc" "pt_sampler_trunc" "system.time" 
:335487:1111328:38303160:568:"pnorm" "Z_tail" "pt_rw_step_trunc" "pt_sampler_trunc" "system.time" 
:304725:1111328:29047256:2670:"logf" "pt_rw_step_trunc" "pt_sampler_trunc" "system.time" 
:317537:1111328:32902688:1041:"FUN" "vapply" "pmax" "logf" "pt_rw_step_trunc" "pt_sampler_trunc" "system.time" 
:326850:1111328:35709352:762:"pmax" "logf" "pt_rw_step_trunc" "pt_sampler_trunc" "system.time" 
:332563:1111328:37434376:468:"FUN" "vapply" "pmax" "logf" "pt_rw_step_trunc" "pt_sampler_trunc" "system.time" 
:278824:1111328:21233800:787:"logf" "pt_rw_step_trunc" "pt_sampler_trunc" "system.time" 
:285323:1111328:23190496:531:"vapply" "pmax" "logf" "pt_sampler_trunc" "system.time" 
:291561:1111328:25069240:507:"logf" "pt_rw_step_trunc" "pt_sampler_trunc" "system.time" 
:314613:1111328:32017944:1885:"pmax" "logf" "pt_rw_step_trunc" "pt_sampler_trunc" "system.time" 
:321238:1111328:34015464:543:"pt_rw_step_trunc" "pt_sampler_trunc" "system.time" 
:328223:1111328:36120672:569:"Z_tail" "pt_rw_step_trunc" "pt_sampler_trunc" "system.time" 
:335075:1111328:38180688:556:"FUN" "vapply" "pmax" "logf" "pt_rw_step_trunc" "pt_sampler_trunc" "system.time" 
:341367:1111328:40082672:518:"Z_tail" "pt_rw_step_trunc" "pt_sampler_trunc" "system.time" 
:282629:1111328:22371048:372:"pt_rw_step_trunc" "pt_sampler_trunc" "system.time" 
:294183:1111328:25854024:944:"vapply" "pmax" "logf" "pt_rw_step_trunc" "pt_sampler_trunc" "system.time" 
:328711:1111328:36253224:2815:"logf" "pt_rw_step_trunc" "pt_sampler_trunc" "system.time" 
:283783:1111328:22718416:1499:"pmax" "logf" "pt_rw_step_trunc" "pt_sampler_trunc" "system.time" 
:291271:1111328:24975048:611:"is.finite" "pt_rw_step_trunc" "pt_sampler_trunc" "system.time" 
:320046:1111328:33637968:2342:"logf" "pt_rw_step_trunc" "pt_sampler_trunc" "system.time" 
:340457:1111328:39786040:1666:"r_trunc_norm" "pt_rw_step_trunc" "pt_sampler_trunc" "system.time" 
:297951:1111328:26984048:1704:"pt_rw_step_trunc" "pt_sampler_trunc" "system.time" 
:306128:1111328:29447768:668:"all" "pmax" "logf" "pt_rw_step_trunc" "pt_sampler_trunc" "system.time" 
:287152:1111328:23727928:3625:"vapply" "pmax" "logf" "pt_sampler_trunc" "system.time" 
:309287:1111328:30398760:1809:"pt_sampler_trunc" "system.time" 
:319955:1111328:33612096:868:"logf" "pt_rw_step_trunc" "pt_sampler_trunc" "system.time" 
:326312:1111328:35527184:519:"vapply" "pmax" "logf" "pt_rw_step_trunc" "pt_sampler_trunc" "system.time" 
:332373:1111328:37356816:497:"pt_rw_step_trunc" "pt_sampler_trunc" "system.time" 
:282686:1111328:22377712:1109:"pt_rw_step_trunc" "pt_sampler_trunc" "system.time" 
:291486:1111328:25028808:717:"logf" "pt_rw_step_trunc" "pt_sampler_trunc" "system.time" 
:302534:1111328:28358568:902:"logf" "pt_rw_step_trunc" "pt_sampler_trunc" "system.time" 
:308625:1111328:30191280:495:"match.fun" "vapply" "pmax" "logf" "pt_rw_step_trunc" "pt_sampler_trunc" "system.time" 
:313840:1111328:31760568:423:"pmax" "logf" "pt_rw_step_trunc" "pt_sampler_trunc" "system.time" 
:325603:1111328:35297304:956:"pt_rw_step_trunc" "pt_sampler_trunc" "system.time" 
:333618:1111328:37707320:649:"FUN" "vapply" "pmax" "logf" "pt_rw_step_trunc" "pt_sampler_trunc" "system.time" 
:340453:1111328:39764648:557:"pt_sampler_trunc" "system.time" 
:280441:1111328:21699160:273:"vapply" "pmax" "logf" "pt_rw_step_trunc" "pt_sampler_trunc" "system.time" 
:287150:1111328:23714208:543:"pmax" "logf" "pt_sampler_trunc" "system.time" 
:294609:1111328:25963952:612:"rnorm" "r_trunc_norm" "pt_rw_step_trunc" "pt_sampler_trunc" "system.time" 
:305742:1111328:29318240:907:"vapply" "pmax" "logf" "pt_rw_step_trunc" "pt_sampler_trunc" "system.time" 
:318790:1111328:33245464:1062:"pmax" "logf" "pt_rw_step_trunc" "pt_sampler_trunc" "system.time" 
:325002:1111328:35114800:506:"vapply" "pmax" "logf" "pt_rw_step_trunc" "pt_sampler_trunc" "system.time" 
:331396:1111328:37044560:525:"is.finite" "pt_rw_step_trunc" "pt_sampler_trunc" "system.time" 
:337852:1111328:38991904:527:"pnorm" "Z_tail" "pt_rw_step_trunc" "pt_sampler_trunc" "system.time" 
:321697:1111328:34124216:3847:"pt_sampler_trunc" "system.time" 
:338963:1111328:39318776:1401:"vapply" "pmax" "logf" "pt_rw_step_trunc" "pt_sampler_trunc" "system.time" 
:295619:1111328:26265792:1630:"vapply" "pmax" "logf" "pt_rw_step_trunc" "pt_sampler_trunc" "system.time" 
:310333:1111328:30703344:1204:"pnorm" "Z_tail" "pt_rw_step_trunc" "pt_sampler_trunc" "system.time" 
:317336:1111328:32816392:575:"mostattributes<-" "pmax" "logf" "pt_rw_step_trunc" "pt_sampler_trunc" "system.time" 
:328671:1111328:36233680:928:"pmax" "logf" "pt_rw_step_trunc" "pt_sampler_trunc" "system.time" 
:291817:1111328:25117792:2155:"vapply" "pmax" "logf" "pt_rw_step_trunc" "pt_sampler_trunc" "system.time" 
:316108:1111328:32440968:1986:"pmax" "logf" "pt_rw_step_trunc" "pt_sampler_trunc" "system.time" 
:295669:1111328:26276208:3493:"pmax" "logf" "pt_rw_step_trunc" "pt_sampler_trunc" "system.time" 
:311798:1111328:31137400:1319:"vapply" "pmax" "logf" "pt_sampler_trunc" "system.time" 
:333693:1111328:37728320:1779:"pt_sampler_trunc" "system.time" 
:331814:1111328:37162608:5011:"logf" "pt_sampler_trunc" "system.time" 
:282340:1111328:22251600:1118:"pmax" "logf" "pt_rw_step_trunc" "pt_sampler_trunc" "system.time" 
:290066:1111328:24580360:631:"logf" "pt_rw_step_trunc" "pt_sampler_trunc" "system.time" 
:321963:1111328:34196792:2612:"rnorm" "r_trunc_norm" "pt_rw_step_trunc" "pt_sampler_trunc" "system.time" 
:287843:1111328:23909872:2375:"Z_tail" "pt_rw_step_trunc" "pt_sampler_trunc" "system.time" 
:308820:1111328:30225608:1711:"pt_sampler_trunc" "system.time" 
:282440:1111328:22274896:3012:"pt_sampler_trunc" "system.time" 
:304764:1111328:28993552:1816:"pmax" "logf" "pt_rw_step_trunc" "pt_sampler_trunc" "system.time" 
:326089:1111328:35395976:1724:"rnorm" "r_trunc_norm" "pt_rw_step_trunc" "pt_sampler_trunc" "system.time" 
:335958:1111328:38369352:805:"vapply" "pmax" "logf" "pt_rw_step_trunc" "pt_sampler_trunc" "system.time" 
:341651:1111328:40082672:462:"FUN" "vapply" "pmax" "logf" "pt_rw_step_trunc" "pt_sampler_trunc" "system.time" 
:293298:1111328:25542944:1220:"vapply" "pmax" "logf" "pt_rw_step_trunc" "pt_sampler_trunc" "system.time" 
:326161:1111328:35442624:2685:"logf" "pt_rw_step_trunc" "pt_sampler_trunc" "system.time" 
:337810:1111328:38955616:954:"logf" "pt_rw_step_trunc" "pt_sampler_trunc" "system.time" 
:278982:1111328:21223384:357:"logf" "pt_rw_step_trunc" "pt_sampler_trunc" "system.time" 
:284774:1111328:22970416:473:"any" "logf" "pt_rw_step_trunc" "pt_sampler_trunc" "system.time" 
:290676:1111328:24749256:482:"pmax" "logf" "pt_rw_step_trunc" "pt_sampler_trunc" "system.time" 
:296974:1111328:26642056:511:"pmax" "logf" "pt_sampler_trunc" "system.time" 
:303006:1111328:28459088:490:"vapply" "pmax" "logf" "pt_rw_step_trunc" "pt_sampler_trunc" "system.time" 
:309484:1111328:30412480:531:"runif" "pt_rw_step_trunc" "pt_sampler_trunc" "system.time" 
:321138:1111328:33919536:948:"pt_sampler_trunc" "system.time" 
:328714:1111328:36198288:615:"logf" "pt_rw_step_trunc" "pt_sampler_trunc" "system.time" 
:337131:1111328:38734472:687:"pmax" "logf" "pt_sampler_trunc" "system.time" 
:277937:1111328:20977880:364:"pt_rw_step_trunc" "pt_sampler_trunc" "system.time" 
:280669:1111328:21801528:223:"pnorm" "Z_tail" "pt_rw_step_trunc" "pt_sampler_trunc" "system.time" 
:286863:1111328:23665376:506:"pmax" "logf" "pt_rw_step_trunc" "pt_sampler_trunc" "system.time" 
:294642:1111328:26008528:633:"logf" "pt_rw_step_trunc" "pt_sampler_trunc" "system.time" 
:302626:1111328:28413672:652:"logf" "pt_rw_step_trunc" "pt_sampler_trunc" "system.time" 
:309092:1111328:30366952:532:"pt_rw_step_trunc" "pt_sampler_trunc" "system.time" 
:314000:1111328:31844288:398:"logf" "pt_rw_step_trunc" "pt_sampler_trunc" "system.time" 
:319068:1111328:33374880:419:"pmax" "logf" "pt_sampler_trunc" "system.time" 
:324309:1111328:34954024:426:"pmax" "logf" "pt_rw_step_trunc" "pt_sampler_trunc" "system.time" 
:329553:1111328:36532944:427:"pmax" "logf" "pt_rw_step_trunc" "pt_sampler_trunc" "system.time" 
:334818:1111328:38113264:427:"logf" "pt_rw_step_trunc" "pt_sampler_trunc" "system.time" 
:340084:1111328:39698568:427:"logf" "pt_rw_step_trunc" "pt_sampler_trunc" "system.time" 
:297388:1111328:26832176:1690:"pmax" "logf" "pt_rw_step_trunc" "pt_sampler_trunc" "system.time" 
:303723:1111328:28740992:516:"mostattributes<-" "pmax" "logf" "pt_rw_step_trunc" "pt_sampler_trunc" "system.time" 
:309083:1111328:30354072:437:"pmax" "logf" "pt_rw_step_trunc" "pt_sampler_trunc" "system.time" 
:314352:1111328:31942288:429:"logf" "pt_rw_step_trunc" "pt_sampler_trunc" "system.time" 
:319593:1111328:33521152:428:"pt_rw_step_trunc" "pt_sampler_trunc" "system.time" 
:324813:1111328:35093856:427:"vapply" "pmax" "logf" "pt_sampler_trunc" "system.time" 
:329979:1111328:36659392:427:"length" "mostattributes<-" "pmax" "logf" "pt_rw_step_trunc" "pt_sampler_trunc" "system.time" 
:335469:1111328:38312680:447:"Z_tail" "pt_rw_step_trunc" "pt_sampler_trunc" "system.time" 
:340271:1111328:39751376:386:"vapply" "pmax" "logf" "pt_rw_step_trunc" "pt_sampler_trunc" "system.time" 
:279315:1111328:21383040:198:"vapply" "pmax" "logf" "pt_rw_step_trunc" "pt_sampler_trunc" "system.time" 
:285177:1111328:23149000:478:"pt_rw_step_trunc" "pt_sampler_trunc" "system.time" 
:290731:1111328:24819200:451:"pt_rw_step_trunc" "pt_sampler_trunc" "system.time" 
:301774:1111328:28140728:895:"FUN" "vapply" "pmax" "logf" "pt_rw_step_trunc" "pt_sampler_trunc" "system.time" 
:320422:1111328:33760888:1523:"rnorm" "r_trunc_norm" "pt_rw_step_trunc" "pt_sampler_trunc" "system.time" 
:326613:1111328:35624456:505:"vapply" "pmax" "logf" "pt_rw_step_trunc" "pt_sampler_trunc" "system.time" 
:332669:1111328:37449776:497:"pt_sampler_trunc" "system.time" 
:341354:1111328:40070968:711:"logf" "pt_rw_step_trunc" "pt_sampler_trunc" "system.time" 
:286121:1111328:23437120:667:"pmax" "logf" "pt_rw_step_trunc" "pt_sampler_trunc" "system.time" 
:291059:1111328:24921960:401:"is.atomic" "FUN" "vapply" "pmax" "logf" "pt_rw_step_trunc" "pt_sampler_trunc" "system.time" 
:302128:1111328:28260792:905:"mostattributes<-" "pmax" "logf" "pt_rw_step_trunc" "pt_sampler_trunc" "system.time" 
:307984:1111328:30025128:478:"r_trunc_norm" "pt_rw_step_trunc" "pt_sampler_trunc" "system.time" 
:314509:1111328:31991792:532:"Z_tail" "pt_rw_step_trunc" "pt_sampler_trunc" "system.time" 
:319920:1111328:33622736:442:"logf" "pt_rw_step_trunc" "pt_sampler_trunc" "system.time" 
:326143:1111328:35497392:506:"pnorm" "Z_tail" "pt_rw_step_trunc" "pt_sampler_trunc" "system.time" 
:334057:1111328:37877056:644:"rnorm" "r_trunc_norm" "pt_rw_step_trunc" "pt_sampler_trunc" "system.time" 
:341160:1111328:40016704:579:"pmax" "logf" "pt_rw_step_trunc" "pt_sampler_trunc" "system.time" 
:299217:1111328:27365856:1735:"pt_rw_step_trunc" "pt_sampler_trunc" "system.time" 
:306128:1111328:29450176:566:"pt_rw_step_trunc" "pt_sampler_trunc" "system.time" 
:321912:1111328:34197240:1280:"logf" "pt_rw_step_trunc" "pt_sampler_trunc" "system.time" 
:327588:1111328:35907760:464:"pt_rw_step_trunc" "pt_sampler_trunc" "system.time" 
:341435:1111328:40082672:1133:"vapply" "pmax" "logf" "pt_sampler_trunc" "system.time" 
:286178:1111328:23452800:671:"pmax" "logf" "pt_rw_step_trunc" "pt_sampler_trunc" "system.time" 
:292192:1111328:25259584:488:"pmax" "logf" "pt_sampler_trunc" "system.time" 
:300293:1111328:27705048:663:"vapply" "pmax" "logf" "pt_rw_step_trunc" "pt_sampler_trunc" "system.time" 
:307678:1111328:29927240:601:"logf" "pt_rw_step_trunc" "pt_sampler_trunc" "system.time" 
:317310:1111328:32832744:790:"pt_rw_step_trunc" "pt_sampler_trunc" "system.time" 
:323605:1111328:34727056:515:"logf" "pt_sampler_trunc" "system.time" 
:329863:1111328:36608768:505:"r_trunc_norm" "pt_rw_step_trunc" "pt_sampler_trunc" "system.time" 
:336979:1111328:38755808:584:"pmax" "logf" "pt_rw_step_trunc" "pt_sampler_trunc" "system.time" 
:278112:1111328:21013384:364:"runif" "pt_rw_step_trunc" "pt_sampler_trunc" "system.time" 
:284122:1111328:22821568:488:"logf" "pt_rw_step_trunc" "pt_sampler_trunc" "system.time" 
:290585:1111328:24769864:529:"logf" "pt_rw_step_trunc" "pt_sampler_trunc" "system.time" 
:296502:1111328:26552624:483:"pt_sampler_trunc" "system.time" 
:303182:1111328:28572712:549:"vapply" "pmax" "logf" "pt_rw_step_trunc" "pt_sampler_trunc" "system.time" 
:309350:1111328:30423344:499:"pmax" "logf" "pt_rw_step_trunc" "pt_sampler_trunc" "system.time" 
:319639:1111328:33530560:845:"logf" "pt_rw_step_trunc" "pt_sampler_trunc" "system.time" 
:331823:1111328:37203544:996:"pmax" "logf" "pt_rw_step_trunc" "pt_sampler_trunc" "system.time" 
:338004:1111328:39058544:498:"vapply" "pmax" "logf" "pt_rw_step_trunc" "pt_sampler_trunc" "system.time" 
:288987:1111328:24285296:1171:"all" "pmax" "logf" "pt_rw_step_trunc" "pt_sampler_trunc" "system.time" 
:301370:1111328:28019936:1016:"r_trunc_norm" "pt_rw_step_trunc" "pt_sampler_trunc" "system.time" 
:309286:1111328:30401896:643:"vapply" "pmax" "logf" "pt_rw_step_trunc" "pt_sampler_trunc" "system.time" 
:323471:1111328:34671728:1156:"pnorm" "Z_tail" "pt_rw_step_trunc" "pt_sampler_trunc" "system.time" 
:340157:1111328:39701872:1364:"pmax" "logf" "pt_rw_step_trunc" "pt_sampler_trunc" "system.time" 
:280101:1111328:21602056:263:"rnorm" "r_trunc_norm" "pt_rw_step_trunc" "pt_sampler_trunc" "system.time" 
:290849:1111328:24843560:881:"pt_rw_step_trunc" "pt_sampler_trunc" "system.time" 
:303391:1111328:28612640:1017:"logf" "pt_rw_step_trunc" "pt_sampler_trunc" "system.time" 
:279457:1111328:21411264:3218:"pnorm" "Z_tail" "pt_rw_step_trunc" "pt_sampler_trunc" "system.time" 
:293217:1111328:25555208:1124:"pt_sampler_trunc" "system.time" 
:316834:1111328:32671072:1927:"vapply" "pmax" "logf" "pt_sampler_trunc" "system.time" 
:301227:1111328:27962872:3893:"r_trunc_norm" "pt_rw_step_trunc" "pt_sampler_trunc" "system.time" 
:311650:1111328:31102288:848:"logf" "pt_rw_step_trunc" "pt_sampler_trunc" "system.time" 
:317600:1111328:32896416:487:"vapply" "pmax" "logf" "pt_rw_step_trunc" "pt_sampler_trunc" "system.time" 
:323762:1111328:34753152:503:"logf" "pt_rw_step_trunc" "pt_sampler_trunc" "system.time" 
:331342:1111328:37032688:614:"mostattributes<-" "pmax" "logf" "pt_rw_step_trunc" "pt_sampler_trunc" "system.time" 
:336911:1111328:38711736:456:"runif" "pt_sampler_trunc" "system.time" 
:281202:1111328:21925120:620:"pt_sampler_trunc" "system.time" 
:298298:1111328:27071016:1390:"pmax" "logf" "pt_rw_step_trunc" "pt_sampler_trunc" "system.time" 
:316595:1111328:32582480:1492:"-" "logf" "pt_sampler_trunc" "system.time" 
:324240:1111328:34886040:623:"vapply" "pmax" "logf" "pt_rw_step_trunc" "pt_sampler_trunc" "system.time" 
:337586:1111328:38904040:1087:"pmax" "logf" "pt_rw_step_trunc" "pt_sampler_trunc" "system.time" 
:341486:1111328:40082672:320:"pnorm" "Z_tail" "pt_rw_step_trunc" "pt_sampler_trunc" "system.time" 
:290939:1111328:24849720:1037:"vapply" "pmax" "logf" "pt_rw_step_trunc" "pt_sampler_trunc" "system.time" 
:296546:1111328:26541872:459:"rnorm" "r_trunc_norm" "pt_rw_step_trunc" "pt_sampler_trunc" "system.time" 
:302865:1111328:28445872:517:"logf" "pt_rw_step_trunc" "pt_sampler_trunc" "system.time" 
:308868:1111328:30255736:489:"logf" "pt_rw_step_trunc" "pt_sampler_trunc" "system.time" 
:314992:1111328:32099816:501:"pmax" "logf" "pt_rw_step_trunc" "pt_sampler_trunc" "system.time" 
:326373:1111328:35532112:931:"pmax" "logf" "pt_rw_step_trunc" "pt_sampler_trunc" "system.time" 
:337374:1111328:38843168:898:"pt_sampler_trunc" "system.time" 
:341476:1111328:40082672:338:"pmax" "logf" "pt_rw_step_trunc" "pt_sampler_trunc" "system.time" 
:284279:1111328:22842512:496:"is.finite" "pt_rw_step_trunc" "pt_sampler_trunc" "system.time" 
:291174:1111328:24916640:560:"mostattributes<-" "pmax" "logf" "pt_rw_step_trunc" "pt_sampler_trunc" "system.time" 
:296842:1111328:26621784:461:"FUN" "vapply" "pmax" "logf" "pt_rw_step_trunc" "pt_sampler_trunc" "system.time" 
:302972:1111328:28471800:504:"logf" "pt_rw_step_trunc" "pt_sampler_trunc" "system.time" 
:309210:1111328:30355024:511:"pmax" "logf" "pt_rw_step_trunc" "pt_sampler_trunc" "system.time" 
:315887:1111328:32372088:550:"pt_rw_step_trunc" "pt_sampler_trunc" "system.time" 
:322168:1111328:34258672:507:"vapply" "pmax" "logf" "pt_rw_step_trunc" "pt_sampler_trunc" "system.time" 
:337980:1111328:39026064:1295:"logf" "pt_rw_step_trunc" "pt_sampler_trunc" "system.time" 
:282283:1111328:22236648:615:"pnorm" "Z_tail" "pt_rw_step_trunc" "pt_sampler_trunc" "system.time" 
:304236:1111328:28849464:1790:"vapply" "pmax" "logf" "pt_rw_step_trunc" "pt_sampler_trunc" "system.time" 
:310035:1111328:30597560:474:"pmax" "logf" "pt_rw_step_trunc" "pt_sampler_trunc" "system.time" 
:323971:1111328:34787704:1130:"FUN" "vapply" "pmax" "logf" "pt_rw_step_trunc" "pt_sampler_trunc" "system.time" 
:330602:1111328:36779064:537:"pt_rw_step_trunc" "pt_sampler_trunc" "system.time" 
:336855:1111328:38663744:511:"vapply" "pmax" "logf" "pt_rw_step_trunc" "pt_sampler_trunc" "system.time" 
:341540:1111328:40082672:388:"Z_tail" "pt_rw_step_trunc" "pt_sampler_trunc" "system.time" 
:299006:1111328:27274016:1694:"vapply" "pmax" "logf" "pt_rw_step_trunc" "pt_sampler_trunc" "system.time" 
:307649:1111328:29879864:707:"logf" "pt_rw_step_trunc" "pt_sampler_trunc" "system.time" 
:313968:1111328:31786384:518:"logf" "pt_rw_step_trunc" "pt_sampler_trunc" "system.time" 
:320544:1111328:33767664:539:"match.fun" "vapply" "pmax" "logf" "pt_rw_step_trunc" "pt_sampler_trunc" "system.time" 
:328092:1111328:36040032:614:"match.fun" "vapply" "pmax" "logf" "pt_rw_step_trunc" "pt_sampler_trunc" "system.time" 
:335096:1111328:38158176:578:"pt_rw_step_trunc" "pt_sampler_trunc" "system.time" 
:341491:1111328:40082672:521:"pmax" "logf" "pt_sampler_trunc" "system.time" 
:284316:1111328:22842904:491:"is.function" "match.fun" "vapply" "pmax" "logf" "pt_rw_step_trunc" "pt_sampler_trunc" "system.time" 
:291331:1111328:24959088:576:"logf" "pt_rw_step_trunc" "pt_sampler_trunc" "system.time" 
:297352:1111328:26773320:491:"logf" "pt_rw_step_trunc" "pt_sampler_trunc" "system.time" 
:308717:1111328:30195424:926:"pt_rw_step_trunc" "pt_sampler_trunc" "system.time" 
:319562:1111328:33461232:882:"pnorm" "Z_tail" "pt_rw_step_trunc" "pt_sampler_trunc" "system.time" 
:328868:1111328:36262352:759:"logf" "pt_rw_step_trunc" "pt_sampler_trunc" "system.time" 
:339152:1111328:39358312:836:"match.fun" "vapply" "pmax" "logf" "pt_rw_step_trunc" "pt_sampler_trunc" "system.time" 
:305220:1111328:29138648:2393:"logf" "pt_rw_step_trunc" "pt_sampler_trunc" "system.time" 
:327870:1111328:35966280:1850:"pnorm" "Z_tail" "pt_rw_step_trunc" "pt_sampler_trunc" "system.time" 
:336393:1111328:38534776:698:"pt_sampler_trunc" "system.time" 
:341535:1111328:40082672:418:"logf" "pt_rw_step_trunc" "pt_sampler_trunc" "system.time" 
:283218:1111328:22513736:407:"match.fun" "vapply" "pmax" "logf" "pt_rw_step_trunc" "pt_sampler_trunc" "system.time" 
:290031:1111328:24562048:553:"pmax" "logf" "pt_rw_step_trunc" "pt_sampler_trunc" "system.time" 
:313527:1111328:31635184:1912:"pt_rw_step_trunc" "pt_sampler_trunc" "system.time" 
:341610:1111328:40078192:2278:"logf" "pt_rw_step_trunc" "pt_sampler_trunc" "system.time" 
:283753:1111328:22666056:446:"pt_sampler_trunc" "system.time" 
:290214:1111328:24611832:527:"pmax" "logf" "pt_rw_step_trunc" "pt_sampler_trunc" "system.time" 
:306827:1111328:29616160:1354:"vapply" "pmax" "logf" "pt_sampler_trunc" "system.time" 
:322540:1111328:34349392:1281:"pt_rw_step_trunc" "pt_sampler_trunc" "system.time" 
:328655:1111328:36194536:502:"logf" "pt_rw_step_trunc" "pt_sampler_trunc" "system.time" 
:340088:1111328:39639768:933:"pmax" "logf" "pt_rw_step_trunc" "pt_sampler_trunc" "system.time" 
:290961:1111328:24834040:1146:"logf" "pt_rw_step_trunc" "pt_sampler_trunc" "system.time" 
:302039:1111328:28165368:900:"pmax" "logf" "pt_rw_step_trunc" "pt_sampler_trunc" "system.time" 
:308894:1111328:30232048:562:"pmax" "logf" "pt_rw_step_trunc" "pt_sampler_trunc" "system.time" 
:315291:1111328:32157216:520:"vapply" "pmax" "logf" "pt_sampler_trunc" "system.time" 
:322026:1111328:34184024:548:"vapply" "pmax" "logf" "pt_rw_step_trunc" "pt_sampler_trunc" "system.time" 
:331635:1111328:37079616:784:"Z_tail" "pt_rw_step_trunc" "pt_sampler_trunc" "system.time" 
:340445:1111328:39734744:721:"pt_rw_step_trunc" "pt_sampler_trunc" "system.time" 
:284124:1111328:22843128:597:"logf" "pt_rw_step_trunc" "pt_sampler_trunc" "system.time" 
:290713:1111328:24830400:539:"logf" "pt_rw_step_trunc" "pt_sampler_trunc" "system.time" 
:304622:1111328:29015504:1132:"pt_sampler_trunc" "system.time" 
:315995:1111328:32441024:926:"logf" "pt_rw_step_trunc" "pt_sampler_trunc" "system.time" 
:322491:1111328:34404384:534:"logf" "pt_rw_step_trunc" "pt_sampler_trunc" "system.time" 
:336713:1111328:38688216:1160:"mostattributes<-" "pmax" "logf" "pt_rw_step_trunc" "pt_sampler_trunc" "system.time" 
:280285:1111328:21678832:563:"vapply" "pmax" "logf" "pt_rw_step_trunc" "pt_sampler_trunc" "system.time" 
:299801:1111328:27565440:1599:"length" "logf" "pt_rw_step_trunc" "pt_sampler_trunc" "system.time" 
:330299:1111328:36752576:2487:"vapply" "pmax" "logf" "pt_rw_step_trunc" "pt_sampler_trunc" "system.time" 
:285172:1111328:23151072:1487:"logf" "pt_rw_step_trunc" "pt_sampler_trunc" "system.time" 
:300298:1111328:27703704:1231:"pmax" "logf" "pt_rw_step_trunc" "pt_sampler_trunc" "system.time" 
:281430:1111328:22021104:3631:"all" "pmax" "logf" "pt_rw_step_trunc" "pt_sampler_trunc" "system.time" 
:288941:1111328:24277400:606:"logf" "pt_rw_step_trunc" "pt_sampler_trunc" "system.time" 
:295361:1111328:26212648:524:"runif" "pt_rw_step_trunc" "pt_sampler_trunc" "system.time" 
:302281:1111328:28299656:566:"mostattributes<-" "pmax" "logf" "pt_rw_step_trunc" "pt_sampler_trunc" "system.time" 
:307440:1111328:29850072:419:"pmax" "logf" "pt_rw_step_trunc" "pt_sampler_trunc" "system.time" 
:316434:1111328:32562656:737:"pt_sampler_trunc" "system.time" 
:296547:1111328:26570488:3547:"pmax" "logf" "pt_sampler_trunc" "system.time" 
:320097:1111328:33668656:1925:"runif" "pt_rw_step_trunc" "pt_sampler_trunc" "system.time" 
:333006:1111328:37560936:1054:"logf" "pt_rw_step_trunc" "pt_sampler_trunc" "system.time" 
:315021:1111328:32135208:3698:"pt_rw_step_trunc" "pt_sampler_trunc" "system.time" 
:325385:1111328:35254632:843:"pmax" "logf" "pt_rw_step_trunc" "pt_sampler_trunc" "system.time" 
:341406:1111328:40082672:1307:"pmax" "logf" "pt_rw_step_trunc" "pt_sampler_trunc" "system.time" 
:287633:1111328:23870896:775:"logf" "pt_rw_step_trunc" "pt_sampler_trunc" "system.time" 
:306597:1111328:29589336:1552:"FUN" "vapply" "pmax" "logf" "pt_rw_step_trunc" "pt_sampler_trunc" "system.time" 
:318924:1111328:33297712:1002:"logf" "pt_sampler_trunc" "system.time" 
:328706:1111328:36238776:791:"pt_sampler_trunc" "system.time" 
:288379:1111328:24098480:1874:"pt_rw_step_trunc" "pt_sampler_trunc" "system.time" 
:306594:1111328:29589728:1489:"vapply" "pmax" "logf" "pt_rw_step_trunc" "pt_sampler_trunc" "system.time" 
:313821:1111328:31762864:585:"pt_rw_step_trunc" "pt_sampler_trunc" "system.time" 
:333809:1111328:37781184:1626:"rnorm" "r_trunc_norm" "pt_rw_step_trunc" "pt_sampler_trunc" "system.time" 
:290135:1111328:24621912:1604:"logf" "pt_sampler_trunc" "system.time" 
:302052:1111328:28218176:976:"r_trunc_norm" "pt_rw_step_trunc" "pt_sampler_trunc" "system.time" 
:310272:1111328:30695224:672:"r_trunc_norm" "pt_rw_step_trunc" "pt_sampler_trunc" "system.time" 
:328099:1111328:36055768:1446:"pt_rw_step_trunc" "pt_sampler_trunc" "system.time" 
:341373:1111328:40061056:1087:"pmax" "logf" "pt_rw_step_trunc" "pt_sampler_trunc" "system.time" 
:285516:1111328:23220736:602:"FUN" "vapply" "pmax" "logf" "pt_rw_step_trunc" "pt_sampler_trunc" "system.time" 
:304231:1111328:28859768:1530:"vapply" "pmax" "logf" "pt_sampler_trunc" "system.time" 
:319020:1111328:33314680:1206:"FUN" "vapply" "pmax" "logf" "pt_rw_step_trunc" "pt_sampler_trunc" "system.time" 
:340672:1111328:39842656:1773:"pt_sampler_trunc" "system.time" 
:279863:1111328:21520800:201:"match.fun" "vapply" "pmax" "logf" "pt_rw_step_trunc" "pt_sampler_trunc" "system.time" 
:286016:1111328:23375800:504:"pmax" "logf" "pt_rw_step_trunc" "pt_sampler_trunc" "system.time" 
:295493:1111328:26226928:771:"rnorm" "r_trunc_norm" "pt_rw_step_trunc" "pt_sampler_trunc" "system.time" 
:309500:1111328:30452856:1149:"FUN" "vapply" "pmax" "logf" "pt_sampler_trunc" "system.time" 
:319939:1111328:33596752:852:"logf" "pt_rw_step_trunc" "pt_sampler_trunc" "system.time" 
:325783:1111328:35355208:474:"vapply" "pmax" "logf" "pt_rw_step_trunc" "pt_sampler_trunc" "system.time" 
:332358:1111328:37340184:539:"pmax" "logf" "pt_rw_step_trunc" "pt_sampler_trunc" "system.time" 
:283320:1111328:22559320:1156:"pt_sampler_trunc" "system.time" 
:296871:1111328:26629960:1095:"pmax" "logf" "pt_rw_step_trunc" "pt_sampler_trunc" "system.time" 
:313784:1111328:31727640:1381:"pmax" "logf" "pt_rw_step_trunc" "pt_sampler_trunc" "system.time" 
:338042:1111328:39028248:1974:"mostattributes<-" "pmax" "logf" "pt_rw_step_trunc" "pt_sampler_trunc" "system.time" 
:279810:1111328:21499968:414:"all" "pmax" "logf" "pt_rw_step_trunc" "pt_sampler_trunc" "system.time" 
:294443:1111328:25909744:1196:"runif" "pt_rw_step_trunc" "pt_sampler_trunc" "system.time" 
:308333:1111328:30093616:1131:"vapply" "pmax" "logf" "pt_rw_step_trunc" "pt_sampler_trunc" "system.time" 
:313571:1111328:31670520:428:"pnorm" "Z_tail" "pt_rw_step_trunc" "pt_sampler_trunc" "system.time" 
:320465:1111328:33750752:565:"r_trunc_norm" "pt_rw_step_trunc" "pt_sampler_trunc" "system.time" 
:328366:1111328:36129184:643:"vapply" "pmax" "logf" "pt_rw_step_trunc" "pt_sampler_trunc" "system.time" 
:280691:1111328:21758856:1270:"vapply" "pmax" "logf" "pt_sampler_trunc" "system.time" 
:289883:1111328:24530464:751:"pt_sampler_trunc" "system.time" 
:339841:1111328:39580912:4080:"rnorm" "r_trunc_norm" "pt_rw_step_trunc" "pt_sampler_trunc" "system.time" 
:282234:1111328:22223712:460:"pmax" "logf" "pt_rw_step_trunc" "pt_sampler_trunc" "system.time" 
:291994:1111328:25155424:791:"vapply" "pmax" "logf" "pt_sampler_trunc" "system.time" 
:298294:1111328:27052200:513:"pt_rw_step_trunc" "pt_sampler_trunc" "system.time" 
:303184:1111328:28529816:403:"logf" "pt_rw_step_trunc" "pt_sampler_trunc" "system.time" 
:310708:1111328:30788576:608:"vapply" "pmax" "logf" "pt_rw_step_trunc" "pt_sampler_trunc" "system.time" 
:322346:1111328:34295352:951:"pt_sampler_trunc" "system.time" 
:327877:1111328:35959896:448:"pmax" "logf" "pt_rw_step_trunc" "pt_sampler_trunc" "system.time" 
:341581:1111328:40082672:1114:"logf" "pt_rw_step_trunc" "pt_sampler_trunc" "system.time" 
:285729:1111328:23274776:609:"pnorm" "Z_tail" "pt_rw_step_trunc" "pt_sampler_trunc" "system.time" 
:291253:1111328:24933944:448:"logf" "pt_rw_step_trunc" "pt_sampler_trunc" "system.time" 
:296945:1111328:26651016:465:"pt_rw_step_trunc" "pt_sampler_trunc" "system.time" 
:308917:1111328:30250360:969:"pmax" "logf" "pt_rw_step_trunc" "pt_sampler_trunc" "system.time" 
:318613:1111328:33165944:786:"FUN" "vapply" "pmax" "logf" "pt_rw_step_trunc" "pt_sampler_trunc" "system.time" 
:328228:1111328:36065960:789:"pt_sampler_trunc" "system.time" 
:299048:1111328:27292272:2786:"logf" "pt_rw_step_trunc" "pt_sampler_trunc" "system.time" 
:319575:1111328:33472488:1673:"pmax" "logf" "pt_rw_step_trunc" "pt_sampler_trunc" "system.time" 
:327380:1111328:35817768:632:"pmax" "logf" "pt_rw_step_trunc" "pt_sampler_trunc" "system.time" 
:308114:1111328:30004408:3582:"pmax" "logf" "pt_rw_step_trunc" "pt_sampler_trunc" "system.time" 
:329735:1111328:36516816:1763:"pmax" "logf" "pt_rw_step_trunc" "pt_sampler_trunc" "system.time" 
:335671:1111328:38307192:487:"logf" "pt_rw_step_trunc" "pt_sampler_trunc" "system.time" 
:280099:1111328:21564088:626:"logf" "pt_sampler_trunc" "system.time" 
:286285:1111328:23428944:503:"logf" "pt_rw_step_trunc" "pt_sampler_trunc" "system.time" 
:294000:1111328:25755632:632:"list" "pt_rw_step_trunc" "pt_sampler_trunc" "system.time" 
:308178:1111328:30028208:1156:"Z_tail" "pt_rw_step_trunc" "pt_sampler_trunc" "system.time" 
:319744:1111328:33512304:945:"is.function" "match.fun" "vapply" "pmax" "logf" "pt_rw_step_trunc" "pt_sampler_trunc" "system.time" 
:324974:1111328:35084952:425:"pt_sampler_trunc" "system.time" 
:330487:1111328:36746864:449:"pt_rw_step_trunc" "pt_sampler_trunc" "system.time" 
:335300:1111328:38191552:388:"match.fun" "vapply" "pmax" "logf" "pt_rw_step_trunc" "pt_sampler_trunc" "system.time" 
:340810:1111328:39847584:447:"pt_sampler_trunc" "system.time" 
:289402:1111328:24363976:964:"pmax" "logf" "pt_rw_step_trunc" "pt_sampler_trunc" "system.time" 
:299334:1111328:27362552:817:"pt_rw_step_trunc" "pt_sampler_trunc" "system.time" 
:318092:1111328:33011384:1528:"vapply" "pmax" "logf" "pt_rw_step_trunc" "pt_sampler_trunc" "system.time" 
:323815:1111328:34737696:469:"mostattributes<-" "pmax" "logf" "pt_rw_step_trunc" "pt_sampler_trunc" "system.time" 
:341534:1111328:40073432:1445:"vapply" "pmax" "logf" "pt_rw_step_trunc" "pt_sampler_trunc" "system.time" 
:282366:1111328:22241632:326:"pnorm" "Z_tail" "pt_rw_step_trunc" "pt_sampler_trunc" "system.time" 
:341151:1111328:39954880:4804:"vapply" "pmax" "logf" "pt_rw_step_trunc" "pt_sampler_trunc" "system.time" 
:277941:1111328:20978776:36:"logf" "pt_rw_step_trunc" "pt_sampler_trunc" "system.time" 
:286536:1111328:23572528:704:"Z_tail" "pt_rw_step_trunc" "pt_sampler_trunc" "system.time" 
:324790:1111328:35093464:3118:"logf" "pt_rw_step_trunc" "pt_sampler_trunc" "system.time" 
:329906:1111328:36630160:414:"pmax" "logf" "pt_rw_step_trunc" "pt_sampler_trunc" "system.time" 
:335142:1111328:38208800:427:"mostattributes<-" "pmax" "logf" "pt_rw_step_trunc" "pt_sampler_trunc" "system.time" 
:340064:1111328:39689776:400:"logf" "pt_rw_step_trunc" "pt_sampler_trunc" "system.time" 
:287838:1111328:23953776:910:"rnorm" "r_trunc_norm" "pt_rw_step_trunc" "pt_sampler_trunc" "system.time" 
:298714:1111328:27232520:889:"pmax" "logf" "pt_rw_step_trunc" "pt_sampler_trunc" "system.time" 
:304473:1111328:28966056:469:"logf" "pt_rw_step_trunc" "pt_sampler_trunc" "system.time" 
:324764:1111328:35069496:1646:"pmax" "logf" "pt_rw_step_trunc" "pt_sampler_trunc" "system.time" 
:287030:1111328:23709952:2097:"FUN" "vapply" "pmax" "logf" "pt_rw_step_trunc" "pt_sampler_trunc" "system.time" 
:310382:1111328:30736272:1899:"runif" "pt_sampler_trunc" "system.time" 
:316512:1111328:32574976:492:"pmax" "logf" "pt_rw_step_trunc" "pt_sampler_trunc" "system.time" 
:329760:1111328:36565872:1080:"logf" "pt_rw_step_trunc" "pt_sampler_trunc" "system.time" 
:335256:1111328:38220448:449:"vapply" "pmax" "logf" "pt_rw_step_trunc" "pt_sampler_trunc" "system.time" 
:341424:1111328:40082672:505:"pmax" "logf" "pt_rw_step_trunc" "pt_sampler_trunc" "system.time" 
:300539:1111328:27775776:1840:"logf" "pt_rw_step_trunc" "pt_sampler_trunc" "system.time" 
:309501:1111328:30480688:734:"logf" "pt_rw_step_trunc" "pt_sampler_trunc" "system.time" 
:315773:1111328:32368336:509:"vapply" "pmax" "logf" "pt_rw_step_trunc" "pt_sampler_trunc" "system.time" 
:321795:1111328:34175960:487:"logf" "pt_sampler_trunc" "system.time" 
:326895:1111328:35716464:419:"vapply" "pmax" "logf" "pt_rw_step_trunc" "pt_sampler_trunc" "system.time" 
:332977:1111328:37549120:496:"vapply" "pmax" "logf" "pt_rw_step_trunc" "pt_sampler_trunc" "system.time" 
:339606:1111328:39541432:537:"all" "pmax" "logf" "pt_rw_step_trunc" "pt_sampler_trunc" "system.time" 
:281965:1111328:22174152:466:"mostattributes<-" "pmax" "logf" "pt_rw_step_trunc" "pt_sampler_trunc" "system.time" 
:296289:1111328:26481784:1164:"pmax" "logf" "pt_rw_step_trunc" "pt_sampler_trunc" "system.time" 
:311408:1111328:31034528:1235:"any" "logf" "pt_rw_step_trunc" "pt_sampler_trunc" "system.time" 
:325902:1111328:35405160:1185:"pnorm" "Z_tail" "pt_rw_step_trunc" "pt_sampler_trunc" "system.time" 
:332649:1111328:37438744:553:"pnorm" "Z_tail" "pt_rw_step_trunc" "pt_sampler_trunc" "system.time" 
:281560:1111328:22046472:998:"pmax" "logf" "pt_rw_step_trunc" "pt_sampler_trunc" "system.time" 
:294672:1111328:26003376:1075:"logf" "pt_rw_step_trunc" "pt_sampler_trunc" "system.time" 
:300985:1111328:27906312:517:"pmax" "logf" "pt_sampler_trunc" "system.time" 
:316921:1111328:32707920:1299:"logf" "pt_rw_step_trunc" "pt_sampler_trunc" "system.time" 
:326207:1111328:35507136:760:"pmax" "logf" "pt_rw_step_trunc" "pt_sampler_trunc" "system.time" 
:284216:1111328:22846656:1736:"r_trunc_norm" "pt_rw_step_trunc" "pt_sampler_trunc" "system.time" 
:290236:1111328:24660328:492:"pt_sampler_trunc" "system.time" 
:296557:1111328:26568808:519:"pmax" "logf" "pt_rw_step_trunc" "pt_sampler_trunc" "system.time" 
:341396:1111328:40082672:3666:"vapply" "pmax" "logf" "pt_rw_step_trunc" "pt_sampler_trunc" "system.time" 
:290642:1111328:24782520:1025:"pt_rw_step_trunc" "pt_sampler_trunc" "system.time" 
:297910:1111328:26969432:591:"Z_tail" "pt_rw_step_trunc" "pt_sampler_trunc" "system.time" 
:305497:1111328:29261232:624:"Z_tail" "pt_rw_step_trunc" "pt_sampler_trunc" "system.time" 
:313094:1111328:31546984:619:"pt_sampler_trunc" "system.time" 
:287201:1111328:23740752:3056:"logf" "pt_rw_step_trunc" "pt_sampler_trunc" "system.time" 
:298616:1111328:27177136:928:"rnorm" "r_trunc_norm" "pt_rw_step_trunc" "pt_sampler_trunc" "system.time" 
:308188:1111328:30059568:780:"is.finite" "pt_rw_step_trunc" "pt_sampler_trunc" "system.time" 
:313995:1111328:31805144:471:"pmax" "logf" "pt_rw_step_trunc" "pt_sampler_trunc" "system.time" 
:324469:1111328:34952904:850:"pmax" "logf" "pt_rw_step_trunc" "pt_sampler_trunc" "system.time" 
:338178:1111328:39075792:1111:"logf" "pt_rw_step_trunc" "pt_sampler_trunc" "system.time" 
:304079:1111328:28820960:2386:"pt_rw_step_trunc" "pt_sampler_trunc" "system.time" 
:318797:1111328:33248600:1196:"pmax" "logf" "pt_rw_step_trunc" "pt_sampler_trunc" "system.time" 
:329422:1111328:36446816:864:"pmax" "logf" "pt_rw_step_trunc" "pt_sampler_trunc" "system.time" 
:288086:1111328:23997680:1792:"pt_sampler_trunc" "system.time" 
:322539:1111328:34376944:2813:"Z_tail" "pt_rw_step_trunc" "pt_sampler_trunc" "system.time" 
:279532:1111328:21423528:1659:"pmax" "logf" "pt_rw_step_trunc" "pt_sampler_trunc" "system.time" 
:323208:1111328:34574008:3557:"vapply" "pmax" "logf" "pt_rw_step_trunc" "pt_sampler_trunc" "system.time" 
:338388:1111328:39148536:1238:"FUN" "vapply" "pmax" "logf" "pt_rw_step_trunc" "pt_sampler_trunc" "system.time" 
:288200:1111328:24026856:1072:"pmax" "logf" "pt_sampler_trunc" "system.time" 
:294105:1111328:25802504:478:"vapply" "pmax" "logf" "pt_sampler_trunc" "system.time" 
:300047:1111328:27593944:485:"all" "pmax" "logf" "pt_rw_step_trunc" "pt_sampler_trunc" "system.time" 
:307495:1111328:29843464:614:"pt_sampler_trunc" "system.time" 
:313621:1111328:31687320:499:"pmax" "logf" "pt_rw_step_trunc" "pt_sampler_trunc" "system.time" 
:319894:1111328:33573624:508:"vapply" "pmax" "logf" "pt_sampler_trunc" "system.time" 
:326080:1111328:35438760:506:"logf" "pt_rw_step_trunc" "pt_sampler_trunc" "system.time" 
:341477:1111328:40082672:1260:"vapply" "pmax" "logf" "pt_rw_step_trunc" "pt_sampler_trunc" "system.time" 
:286436:1111328:23493848:670:"pnorm" "Z_tail" "pt_rw_step_trunc" "pt_sampler_trunc" "system.time" 
:300295:1111328:27672064:1135:"pt_sampler_trunc" "system.time" 
:308829:1111328:30244200:697:"pmax" "logf" "pt_rw_step_trunc" "pt_sampler_trunc" "system.time" 
:320509:1111328:33767048:956:"pmax" "logf" "pt_rw_step_trunc" "pt_sampler_trunc" "system.time" 
:337884:1111328:39002544:1419:"r_trunc_norm" "pt_rw_step_trunc" "pt_sampler_trunc" "system.time" 
:301404:1111328:28001064:2185:"pmax" "logf" "pt_rw_step_trunc" "pt_sampler_trunc" "system.time" 
:306744:1111328:29606136:434:"vapply" "pmax" "logf" "pt_rw_step_trunc" "pt_sampler_trunc" "system.time" 
:312455:1111328:31326344:467:"logf" "pt_rw_step_trunc" "pt_sampler_trunc" "system.time" 
:318157:1111328:33045432:466:"logf" "pt_rw_step_trunc" "pt_sampler_trunc" "system.time" 
:332378:1111328:37332064:1164:"list" "pt_rw_step_trunc" "pt_sampler_trunc" "system.time" 
:284222:1111328:22814848:1225:"vapply" "pmax" "logf" "pt_rw_step_trunc" "pt_sampler_trunc" "system.time" 
:296634:1111328:26547304:1007:"r_trunc_norm" "pt_rw_step_trunc" "pt_sampler_trunc" "system.time" 
:337955:1111328:38997784:3375:"pmax" "logf" "pt_rw_step_trunc" "pt_sampler_trunc" "system.time" 
:278866:1111328:21199192:341:"pt_sampler_trunc" "system.time" 
:285106:1111328:23080064:508:"rnorm" "r_trunc_norm" "pt_rw_step_trunc" "pt_sampler_trunc" "system.time" 
:297585:1111328:26844104:1023:"vapply" "pmax" "logf" "pt_rw_step_trunc" "pt_sampler_trunc" "system.time" 
:312309:1111328:31280928:1203:"pt_sampler_trunc" "system.time" 
:327265:1111328:35784504:1216:"pmax" "logf" "pt_rw_step_trunc" "pt_sampler_trunc" "system.time" 
:337691:1111328:38921288:848:"pt_rw_step_trunc" "pt_sampler_trunc" "system.time" 
:287095:1111328:23676072:1029:"vapply" "pmax" "logf" "pt_rw_step_trunc" "pt_sampler_trunc" "system.time" 
:300429:1111328:27685728:1083:"pt_rw_step_trunc" "pt_sampler_trunc" "system.time" 
:310468:1111328:30706984:816:"runif" "pt_sampler_trunc" "system.time" 
:341596:1111328:40082672:2538:"pt_sampler_trunc" "system.time" 
:302082:1111328:28174776:1927:"pmax" "logf" "pt_rw_step_trunc" "pt_sampler_trunc" "system.time" 
:309590:1111328:30432864:608:"vapply" "pmax" "logf" "pt_rw_step_trunc" "pt_sampler_trunc" "system.time" 
:339626:1111328:39472776:2443:"logf" "pt_rw_step_trunc" "pt_sampler_trunc" "system.time" 
:295814:1111328:26296368:1593:"FUN" "vapply" "pmax" "logf" "pt_rw_step_trunc" "pt_sampler_trunc" "system.time" 
:301852:1111328:28110488:489:"pmax" "logf" "pt_sampler_trunc" "system.time" 
:315884:1111328:32338768:1144:"pmax" "logf" "pt_rw_step_trunc" "pt_sampler_trunc" "system.time" 
:325276:1111328:35160608:760:"pt_sampler_trunc" "system.time" 
:310305:1111328:30656696:3941:"vapply" "pmax" "logf" "pt_sampler_trunc" "system.time" 
:322486:1111328:34312656:982:"vapply" "pmax" "logf" "pt_rw_step_trunc" "pt_sampler_trunc" "system.time" 
:328721:1111328:36193640:511:"pnorm" "Z_tail" "pt_rw_step_trunc" "pt_sampler_trunc" "system.time" 
:334339:1111328:37885120:459:"vapply" "pmax" "logf" "pt_rw_step_trunc" "pt_sampler_trunc" "system.time" 
:340460:1111328:39728864:500:"vapply" "pmax" "logf" "pt_rw_step_trunc" "pt_sampler_trunc" "system.time" 
:282291:1111328:22284304:450:"logf" "pt_rw_step_trunc" "pt_sampler_trunc" "system.time" 
:288483:1111328:24148600:503:"logf" "pt_rw_step_trunc" "pt_sampler_trunc" "system.time" 
:296286:1111328:26494216:634:"pt_rw_step_trunc" "pt_sampler_trunc" "system.time" 
:315596:1111328:32314576:1577:"pmax" "logf" "pt_sampler_trunc" "system.time" 
:323137:1111328:34586832:616:"vapply" "pmax" "logf" "pt_rw_step_trunc" "pt_sampler_trunc" "system.time" 
:328847:1111328:36307824:468:"pmax" "logf" "pt_rw_step_trunc" "pt_sampler_trunc" "system.time" 
:339659:1111328:39565288:882:"FUN" "vapply" "pmax" "logf" "pt_rw_step_trunc" "pt_sampler_trunc" "system.time" 
:281659:1111328:22095416:442:"vapply" "pmax" "logf" "pt_rw_step_trunc" "pt_sampler_trunc" "system.time" 
:289650:1111328:24501288:651:"pmax" "logf" "pt_rw_step_trunc" "pt_sampler_trunc" "system.time" 
:299352:1111328:27421968:791:"pmax" "logf" "pt_rw_step_trunc" "pt_sampler_trunc" "system.time" 
:313182:1111328:31582824:1125:"logf" "pt_rw_step_trunc" "pt_sampler_trunc" "system.time" 
:334358:1111328:37965984:1732:"mostattributes<-" "pmax" "logf" "pt_rw_step_trunc" "pt_sampler_trunc" "system.time" 
:281074:1111328:21914648:821:"logf" "pt_rw_step_trunc" "pt_sampler_trunc" "system.time" 
:295470:1111328:26254928:1179:"pt_rw_step_trunc" "pt_sampler_trunc" "system.time" 
:309090:1111328:30361184:1115:"pmax" "logf" "pt_sampler_trunc" "system.time" 
:320888:1111328:33909456:956:"vapply" "pmax" "logf" "pt_rw_step_trunc" "pt_sampler_trunc" "system.time" 
:290123:1111328:24639832:2664:"all" "pmax" "logf" "pt_rw_step_trunc" "pt_sampler_trunc" "system.time" 
:302376:1111328:28333256:1002:"vapply" "pmax" "logf" "pt_rw_step_trunc" "pt_sampler_trunc" "system.time" 
:311426:1111328:31056816:735:"pt_rw_step_trunc" "pt_sampler_trunc" "system.time" 
:317407:1111328:32857888:488:"pt_sampler_trunc" "system.time" 
:330973:1111328:36936648:1098:"pt_rw_step_trunc" "pt_sampler_trunc" "system.time" 
:338467:1111328:39187904:604:"pnorm" "Z_tail" "pt_rw_step_trunc" "pt_sampler_trunc" "system.time" 
:304287:1111328:28897008:2381:"pmax" "logf" "pt_rw_step_trunc" "pt_sampler_trunc" "system.time" 
:310134:1111328:30657760:477:"rnorm" "r_trunc_norm" "pt_rw_step_trunc" "pt_sampler_trunc" "system.time" 
:317444:1111328:32863096:599:"vapply" "pmax" "logf" "pt_sampler_trunc" "system.time" 
:326315:1111328:35532336:721:"pt_rw_step_trunc" "pt_sampler_trunc" "system.time" 
:336004:1111328:38456880:794:"logf" "pt_rw_step_trunc" "pt_sampler_trunc" "system.time" 
:285371:1111328:23203936:1042:"pt_sampler_trunc" "system.time" 
:301030:1111328:27922272:1278:"pnorm" "Z_tail" "pt_rw_step_trunc" "pt_sampler_trunc" "system.time" 
:318170:1111328:33088944:1401:"logf" "pt_rw_step_trunc" "pt_sampler_trunc" "system.time" 
:339097:1111328:39385640:1702:"logf" "pt_rw_step_trunc" "pt_sampler_trunc" "system.time" 
:313104:1111328:31554824:3050:"vapply" "pmax" "logf" "pt_rw_step_trunc" "pt_sampler_trunc" "system.time" 
:321047:1111328:33942888:645:"rnorm" "r_trunc_norm" "pt_rw_step_trunc" "pt_sampler_trunc" "system.time" 
:332205:1111328:37301320:908:"length" "mostattributes<-" "pmax" "logf" "pt_rw_step_trunc" "pt_sampler_trunc" "system.time" 
:284387:1111328:22895432:1265:"length" "pmax" "logf" "pt_rw_step_trunc" "pt_sampler_trunc" "system.time" 
:290209:1111328:24654952:478:"pnorm" "Z_tail" "pt_rw_step_trunc" "pt_sampler_trunc" "system.time" 
:323674:1111328:34734000:2731:"pt_sampler_trunc" "system.time" 
:281790:1111328:22114176:1751:"pt_rw_step_trunc" "pt_sampler_trunc" "system.time" 
:297601:1111328:26872216:1285:"pt_sampler_trunc" "system.time" 
:305448:1111328:29229088:633:"pmax" "logf" "pt_rw_step_trunc" "pt_sampler_trunc" "system.time" 
:316320:1111328:32513264:893:"logf" "pt_rw_step_trunc" "pt_sampler_trunc" "system.time" 
:323303:1111328:34615616:569:"pmax" "logf" "pt_rw_step_trunc" "pt_sampler_trunc" "system.time" 
:292055:1111328:25200224:2618:"logf" "pt_rw_step_trunc" "pt_sampler_trunc" "system.time" 
:305714:1111328:29321096:1119:"pt_rw_step_trunc" "pt_sampler_trunc" "system.time" 
:321013:1111328:33932080:1251:"match.fun" "vapply" "pmax" "logf" "pt_rw_step_trunc" "pt_sampler_trunc" "system.time" 
:316720:1111328:32627056:4815:"logf" "pt_rw_step_trunc" "pt_sampler_trunc" "system.time" 
:335463:1111328:38279920:1536:"pt_sampler_trunc" "system.time" 
:341201:1111328:40009200:468:"rnorm" "r_trunc_norm" "pt_rw_step_trunc" "pt_sampler_trunc" "system.time" 
:285238:1111328:23134160:594:"pt_rw_step_trunc" "pt_sampler_trunc" "system.time" 
:322378:1111328:34319824:3025:"pmax" "logf" "pt_rw_step_trunc" "pt_sampler_trunc" "system.time" 
:332986:1111328:37514176:866:"logf" "pt_sampler_trunc" "system.time" 
:289457:1111328:24408776:1615:"pmax" "logf" "pt_rw_step_trunc" "pt_sampler_trunc" "system.time" 
:330574:1111328:36789536:3350:"pt_sampler_trunc" "system.time" 
:340794:1111328:39869424:835:"vapply" "pmax" "logf" "pt_rw_step_trunc" "pt_sampler_trunc" "system.time" 
:286230:1111328:23432416:711:"Z_tail" "pt_rw_step_trunc" "pt_sampler_trunc" "system.time" 
:293866:1111328:25730432:621:"match.fun" "vapply" "pmax" "logf" "pt_rw_step_trunc" "pt_sampler_trunc" "system.time" 
:298363:1111328:27082832:366:"vapply" "pmax" "logf" "pt_sampler_trunc" "system.time" 
:304250:1111328:28854616:479:"runif" "pt_rw_step_trunc" "pt_sampler_trunc" "system.time" 
:309898:1111328:30556904:462:"pmax" "logf" "pt_sampler_trunc" "system.time" 
:315215:1111328:32166344:440:"all" "pmax" "logf" "pt_rw_step_trunc" "pt_sampler_trunc" "system.time" 
:321464:1111328:34045088:506:"pnorm" "Z_tail" "pt_rw_step_trunc" "pt_sampler_trunc" "system.time" 
:327899:1111328:35987504:530:"list" "pt_rw_step_trunc" "pt_sampler_trunc" "system.time" 
:333365:1111328:37633008:445:"pmax" "logf" "pt_rw_step_trunc" "pt_sampler_trunc" "system.time" 
:338470:1111328:39170432:416:"FUN" "vapply" "pmax" "logf" "pt_sampler_trunc" "system.time" 
:341509:1111328:40082672:245:"pmax" "logf" "pt_rw_step_trunc" "pt_sampler_trunc" "system.time" 
:279583:1111328:21425264:110:"pnorm" "Z_tail" "pt_rw_step_trunc" "pt_sampler_trunc" "system.time" 
:284537:1111328:22915592:402:"pnorm" "Z_tail" "pt_rw_step_trunc" "pt_sampler_trunc" "system.time" 
:291137:1111328:24907120:541:"pnorm" "Z_tail" "pt_rw_step_trunc" "pt_sampler_trunc" "system.time" 
:296888:1111328:26637800:469:"r_trunc_norm" "pt_rw_step_trunc" "pt_sampler_trunc" "system.time" 
:302903:1111328:28449680:490:"Z_tail" "pt_rw_step_trunc" "pt_sampler_trunc" "system.time" 
:315160:1111328:32138400:1001:"logf" "pt_sampler_trunc" "system.time" 
:324828:1111328:35045696:784:"FUN" "vapply" "pmax" "logf" "pt_rw_step_trunc" "pt_sampler_trunc" "system.time" 
:330637:1111328:36796144:474:"pmax" "logf" "pt_rw_step_trunc" "pt_sampler_trunc" "system.time" 
:341558:1111328:40082672:888:"logf" "pt_rw_step_trunc" "pt_sampler_trunc" "system.time" 
:287992:1111328:23959040:797:"r_trunc_norm" "pt_rw_step_trunc" "pt_sampler_trunc" "system.time" 
:290768:1111328:24794896:225:"is.atomic" "FUN" "vapply" "pmax" "logf" "pt_rw_step_trunc" "pt_sampler_trunc" "system.time" 
:311901:1111328:31161872:1725:"rnorm" "r_trunc_norm" "pt_rw_step_trunc" "pt_sampler_trunc" "system.time" 
:324251:1111328:34875400:1001:"Z_tail" "pt_rw_step_trunc" "pt_sampler_trunc" "system.time" 
:336894:1111328:38687656:1034:"vapply" "pmax" "logf" "pt_rw_step_trunc" "pt_sampler_trunc" "system.time" 
:341530:1111328:40082672:377:"r_trunc_norm" "pt_rw_step_trunc" "pt_sampler_trunc" "system.time" 
:291439:1111328:24989888:1077:"pmax" "logf" "pt_rw_step_trunc" "pt_sampler_trunc" "system.time" 
:304284:1111328:28857136:1045:"pnorm" "Z_tail" "pt_rw_step_trunc" "pt_sampler_trunc" "system.time" 
:312916:1111328:31457888:707:"pmax" "logf" "pt_rw_step_trunc" "pt_sampler_trunc" "system.time" 
:321430:1111328:34025544:697:"all" "pmax" "logf" "pt_rw_step_trunc" "pt_sampler_trunc" "system.time" 
:332930:1111328:37496480:944:"runif" "pt_rw_step_trunc" "pt_sampler_trunc" "system.time" 
:285344:1111328:23158296:1282:"Z_tail" "pt_rw_step_trunc" "pt_sampler_trunc" "system.time" 
:296410:1111328:26492704:905:"vapply" "pmax" "logf" "pt_rw_step_trunc" "pt_sampler_trunc" "system.time" 
:301477:1111328:28021112:414:"vapply" "pmax" "logf" "pt_rw_step_trunc" "pt_sampler_trunc" "system.time" 
:306602:1111328:29563072:418:"vapply" "pmax" "logf" "pt_rw_step_trunc" "pt_sampler_trunc" "system.time" 
:310677:1111328:30793056:335:"pt_rw_step_trunc" "pt_sampler_trunc" "system.time" 
:317102:1111328:32730376:524:"pt_rw_step_trunc" "pt_sampler_trunc" "system.time" 
:322674:1111328:34408584:454:"logf" "pt_rw_step_trunc" "pt_sampler_trunc" "system.time" 
:329216:1111328:36374128:530:"pt_rw_step_trunc" "pt_sampler_trunc" "system.time" 
:339737:1111328:39545128:860:"logf" "pt_rw_step_trunc" "pt_sampler_trunc" "system.time" 
:341529:1111328:40082672:144:"length" "mostattributes<-" "pmax" "logf" "pt_rw_step_trunc" "pt_sampler_trunc" "system.time" 
:280641:1111328:21728224:188:"-" "logf" "pt_rw_step_trunc" "pt_sampler_trunc" "system.time" 
:286890:1111328:23611112:510:"rnorm" "r_trunc_norm" "pt_rw_step_trunc" "pt_sampler_trunc" "system.time" 
:309936:1111328:30543296:1870:"mostattributes<-" "pmax" "logf" "pt_rw_step_trunc" "pt_sampler_trunc" "system.time" 
:315930:1111328:32347560:488:"rnorm" "r_trunc_norm" "pt_rw_step_trunc" "pt_sampler_trunc" "system.time" 
:321817:1111328:34119848:478:"pmax" "logf" "pt_rw_step_trunc" "pt_sampler_trunc" "system.time" 
:328338:1111328:36089760:537:"logf" "pt_rw_step_trunc" "pt_sampler_trunc" "system.time" 
:334570:1111328:37967608:507:"pnorm" "Z_tail" "pt_rw_step_trunc" "pt_sampler_trunc" "system.time" 
:339452:1111328:39437216:398:"logf" "pt_rw_step_trunc" "pt_sampler_trunc" "system.time" 
:341602:1111328:40082672:174:"pt_sampler_trunc" "system.time" 
:281335:1111328:21939456:245:"pnorm" "Z_tail" "pt_rw_step_trunc" "pt_sampler_trunc" "system.time" 
:283624:1111328:22627864:186:"pnorm" "Z_tail" "pt_rw_step_trunc" "pt_sampler_trunc" "system.time" 
:285082:1111328:23069648:122:"FUN" "vapply" "pmax" "logf" "pt_rw_step_trunc" "pt_sampler_trunc" "system.time" 
:286975:1111328:23637712:152:"vapply" "pmax" "logf" "pt_rw_step_trunc" "pt_sampler_trunc" "system.time" 
:288786:1111328:24182312:150:"logf" "pt_sampler_trunc" "system.time" 
:290937:1111328:24833592:177:"pt_sampler_trunc" "system.time" 
:292156:1111328:25196248:96:"pt_sampler_trunc" "system.time" 
:296294:1111328:26447120:342:"is.finite" "pt_rw_step_trunc" "pt_sampler_trunc" "system.time" 
:305425:1111328:29198400:745:"FUN" "vapply" "pmax" "logf" "pt_rw_step_trunc" "pt_sampler_trunc" "system.time" 
:314450:1111328:31914904:736:"pmax" "logf" "pt_sampler_trunc" "system.time" 
:323196:1111328:34548864:712:"vapply" "pmax" "logf" "pt_sampler_trunc" "system.time" 
:325261:1111328:35174944:171:"rnorm" "r_trunc_norm" "pt_rw_step_trunc" "pt_sampler_trunc" "system.time" 
:330754:1111328:36828176:447:"vapply" "pmax" "logf" "pt_rw_step_trunc" "pt_sampler_trunc" "system.time" 
:337619:1111328:38890320:555:"pmax" "logf" "pt_sampler_trunc" "system.time" 
:341574:1111328:40082672:324:"r_trunc_norm" "pt_rw_step_trunc" "pt_sampler_trunc" "system.time" 
:284040:1111328:22750336:465:"pmax" "logf" "pt_rw_step_trunc" "pt_sampler_trunc" "system.time" 
:290609:1111328:24731728:537:"pt_rw_step_trunc" "pt_sampler_trunc" "system.time" 
:295106:1111328:26085024:365:"Z_tail" "pt_rw_step_trunc" "pt_sampler_trunc" "system.time" 
:300826:1111328:27809488:469:"pt_rw_step_trunc" "pt_sampler_trunc" "system.time" 
:307029:1111328:29681904:507:"vapply" "pmax" "logf" "pt_rw_step_trunc" "pt_sampler_trunc" "system.time" 
:311241:1111328:30956464:348:"vapply" "pmax" "logf" "pt_rw_step_trunc" "pt_sampler_trunc" "system.time" 
:326210:1111328:35461048:1218:"logf" "pt_rw_step_trunc" "pt_sampler_trunc" "system.time" 
:333117:1111328:37545704:566:"pt_rw_step_trunc" "pt_sampler_trunc" "system.time" 
:339551:1111328:39487784:529:"pt_rw_step_trunc" "pt_sampler_trunc" "system.time" 
:341533:1111328:40082672:159:"vapply" "pmax" "logf" "pt_rw_step_trunc" "pt_sampler_trunc" "system.time" 
:341533:1111328:40082672:0:"vapply" "pmax" "logf" "pt_rw_step_trunc" "pt_sampler_trunc" "system.time" 
:341533:1111328:40082672:0:"vapply" "pmax" "logf" "pt_rw_step_trunc" "pt_sampler_trunc" "system.time" 
:341533:1111328:40082672:0:"vapply" "pmax" "logf" "pt_rw_step_trunc" "pt_sampler_trunc" "system.time" 
:341533:1111328:40082672:0:"vapply" "pmax" "logf" "pt_rw_step_trunc" "pt_sampler_trunc" "system.time" 
:341533:1111328:40082672:0:"vapply" "pmax" "logf" "pt_rw_step_trunc" "pt_sampler_trunc" "system.time" 
:341533:1111328:40082672:0:"vapply" "pmax" "logf" "pt_rw_step_trunc" "pt_sampler_trunc" "system.time" 
:277879:1111328:20975360:0:"vapply" "pmax" "logf" "pt_rw_step_trunc" "pt_sampler_trunc" "system.time" 
:277879:1111328:20975360:0:"vapply" "pmax" "logf" "pt_rw_step_trunc" "pt_sampler_trunc" "system.time" 
:282286:1111328:22303176:361:"runif" "pt_sampler_trunc" "system.time" 
:289158:1111328:24373720:561:"FUN" "vapply" "pmax" "logf" "pt_rw_step_trunc" "pt_sampler_trunc" "system.time" 
:308986:1111328:30347576:1616:"vapply" "pmax" "logf" "pt_rw_step_trunc" "pt_sampler_trunc" "system.time" 
:314267:1111328:31936632:430:"logf" "pt_rw_step_trunc" "pt_sampler_trunc" "system.time" 
:318730:1111328:33285448:367:"pt_rw_step_trunc" "pt_sampler_trunc" "system.time" 
:323886:1111328:34838272:420:"pt_rw_step_trunc" "pt_sampler_trunc" "system.time" 
:328823:1111328:36322944:401:"vapply" "pmax" "logf" "pt_rw_step_trunc" "pt_sampler_trunc" "system.time" 
:333638:1111328:37778272:396:"FUN" "vapply" "pmax" "logf" "pt_rw_step_trunc" "pt_sampler_trunc" "system.time" 
:338778:1111328:39325664:419:"rnorm" "r_trunc_norm" "pt_rw_step_trunc" "pt_sampler_trunc" "system.time" 
:279056:1111328:21325696:299:"match.fun" "vapply" "pmax" "logf" "pt_sampler_trunc" "system.time" 
:288291:1111328:24105032:751:"pt_sampler_trunc" "system.time" 
:296079:1111328:26454848:639:"pmax" "logf" "pt_rw_step_trunc" "pt_sampler_trunc" "system.time" 
:305428:1111328:29264200:757:"pt_rw_step_trunc" "pt_sampler_trunc" "system.time" 
:311926:1111328:31221232:531:"pmax" "logf" "pt_rw_step_trunc" "pt_sampler_trunc" "system.time" 
:318100:1111328:33083344:506:"logf" "pt_rw_step_trunc" "pt_sampler_trunc" "system.time" 
:323988:1111328:34860728:481:"pnorm" "Z_tail" "pt_rw_step_trunc" "pt_sampler_trunc" "system.time" 
:328690:1111328:36274560:382:"logf" "pt_rw_step_trunc" "pt_sampler_trunc" "system.time" 
:333482:1111328:37719920:394:"pmax" "logf" "pt_sampler_trunc" "system.time" 
:339910:1111328:39654272:523:"logf" "pt_rw_step_trunc" "pt_sampler_trunc" "system.time" 
:287512:1111328:23867536:898:"match.fun" "vapply" "pmax" "logf" "pt_sampler_trunc" "system.time" 
:293741:1111328:25744320:508:"FUN" "vapply" "pmax" "logf" "pt_rw_step_trunc" "pt_sampler_trunc" "system.time" 
:300859:1111328:27890520:582:"is.function" "match.fun" "vapply" "pmax" "logf" "pt_rw_step_trunc" "pt_sampler_trunc" "system.time" 
:309779:1111328:30576112:726:"vapply" "pmax" "logf" "pt_rw_step_trunc" "pt_sampler_trunc" "system.time" 
:320556:1111328:33821816:879:"pt_sampler_trunc" "system.time" 
:331734:1111328:37189432:912:"r_trunc_norm" "pt_rw_step_trunc" "pt_sampler_trunc" "system.time" 
:338738:1111328:39301416:573:"length" "pmax" "logf" "pt_rw_step_trunc" "pt_sampler_trunc" "system.time" 
:279140:1111328:21344064:307:"pt_rw_step_trunc" "pt_sampler_trunc" "system.time" 
:317853:1111328:33015640:3171:"logf" "pt_rw_step_trunc" "pt_sampler_trunc" "system.time" 
:323374:1111328:34681640:452:"logf" "pt_rw_step_trunc" "pt_sampler_trunc" "system.time" 
:330484:1111328:36819720:576:"vapply" "pmax" "logf" "pt_rw_step_trunc" "pt_sampler_trunc" "system.time" 
:338364:1111328:39199944:651:"logf" "pt_sampler_trunc" "system.time" 
:280608:1111328:21791280:458:"pmax" "logf" "pt_rw_step_trunc" "pt_sampler_trunc" "system.time" 
:289050:1111328:24333456:689:"match.fun" "vapply" "pmax" "logf" "pt_rw_step_trunc" "pt_sampler_trunc" "system.time" 
:320146:1111328:33686856:2523:"pt_rw_step_trunc" "pt_sampler_trunc" "system.time" 
:326355:1111328:35562632:511:"Z_tail" "pt_rw_step_trunc" "pt_sampler_trunc" "system.time" 
:334793:1111328:38107272:691:"r_trunc_norm" "pt_rw_step_trunc" "pt_sampler_trunc" "system.time" 
:341355:1111328:40082672:534:"r_trunc_norm" "pt_rw_step_trunc" "pt_sampler_trunc" "system.time" 
:285385:1111328:23225048:609:"logf" "pt_rw_step_trunc" "pt_sampler_trunc" "system.time" 
:295239:1111328:26188792:801:"pt_sampler_trunc" "system.time" 
:304153:1111328:28876176:728:"all" "pmax" "logf" "pt_rw_step_trunc" "pt_sampler_trunc" "system.time" 
:312787:1111328:31475640:703:"vapply" "pmax" "logf" "pt_rw_step_trunc" "pt_sampler_trunc" "system.time" 
:322995:1111328:34554072:838:"logf" "pt_rw_step_trunc" "pt_sampler_trunc" "system.time" 
:332085:1111328:37293088:743:"pt_sampler_trunc" "system.time" 
:341304:1111328:40062064:745:"vapply" "pmax" "logf" "pt_rw_step_trunc" "pt_sampler_trunc" "system.time" 
:299543:1111328:27492136:1771:"logf" "pt_rw_step_trunc" "pt_sampler_trunc" "system.time" 
:306064:1111328:29456728:534:"mostattributes<-" "pmax" "logf" "pt_sampler_trunc" "system.time" 
:311542:1111328:31109008:448:"pt_sampler_trunc" "system.time" 
:289251:1111328:24382232:3345:"pmax" "logf" "pt_rw_step_trunc" "pt_sampler_trunc" "system.time" 
:305049:1111328:29147832:1295:"pmax" "logf" "pt_rw_step_trunc" "pt_sampler_trunc" "system.time" 
:325978:1111328:35455672:1711:"any" "logf" "pt_sampler_trunc" "system.time" 
:337718:1111328:38993024:958:"logf" "pt_rw_step_trunc" "pt_sampler_trunc" "system.time" 
:281221:1111328:21957656:556:"pnorm" "Z_tail" "pt_rw_step_trunc" "pt_sampler_trunc" "system.time" 
:294347:1111328:25908736:1070:"logf" "pt_rw_step_trunc" "pt_sampler_trunc" "system.time" 
:301102:1111328:27944504:552:"FUN" "vapply" "pmax" "logf" "pt_rw_step_trunc" "pt_sampler_trunc" "system.time" 
:306657:1111328:29618232:454:"pt_rw_step_trunc" "pt_sampler_trunc" "system.time" 
:314561:1111328:31996384:643:"logf" "pt_rw_step_trunc" "pt_sampler_trunc" "system.time" 
:324239:1111328:34912360:789:"FUN" "vapply" "pmax" "logf" "pt_rw_step_trunc" "pt_sampler_trunc" "system.time" 
:331691:1111328:37155608:607:"pmax" "logf" "pt_rw_step_trunc" "pt_sampler_trunc" "system.time" 
:339582:1111328:39539416:650:"length" "logf" "pt_rw_step_trunc" "pt_sampler_trunc" "system.time" 
:279615:1111328:21468552:271:"FUN" "vapply" "pmax" "logf" "pt_sampler_trunc" "system.time" 
:286607:1111328:23578072:573:"mostattributes<-" "pmax" "logf" "pt_rw_step_trunc" "pt_sampler_trunc" "system.time" 
:294333:1111328:25900392:627:"pmax" "logf" "pt_rw_step_trunc" "pt_sampler_trunc" "system.time" 
:301889:1111328:28179424:619:"pmax" "logf" "pt_rw_step_trunc" "pt_sampler_trunc" "system.time" 
:310755:1111328:30853200:726:"all" "pmax" "logf" "pt_rw_step_trunc" "pt_sampler_trunc" "system.time" 
:318933:1111328:33317032:667:"vapply" "pmax" "logf" "pt_rw_step_trunc" "pt_sampler_trunc" "system.time" 
:324483:1111328:34988800:454:"match.fun" "vapply" "pmax" "logf" "pt_rw_step_trunc" "pt_sampler_trunc" "system.time" 
:333473:1111328:37700600:737:"-" "logf" "pt_rw_step_trunc" "pt_sampler_trunc" "system.time" 
:289858:1111328:24552416:1605:"pmax" "logf" "pt_rw_step_trunc" "pt_sampler_trunc" "system.time" 
:312287:1111328:31298008:1820:"Z_tail" "pt_rw_step_trunc" "pt_sampler_trunc" "system.time" 
:325253:1111328:35203280:1058:"pmax" "logf" "pt_sampler_trunc" "system.time" 
:335322:1111328:38237304:822:"vapply" "pmax" "logf" "pt_rw_step_trunc" "pt_sampler_trunc" "system.time" 
:281826:1111328:22131928:809:"mostattributes<-" "pmax" "logf" "pt_sampler_trunc" "system.time" 
:305112:1111328:29145648:1899:"FUN" "vapply" "pmax" "logf" "pt_rw_step_trunc" "pt_sampler_trunc" "system.time" 
:318686:1111328:33239472:1113:"pt_sampler_trunc" "system.time" 
:328971:1111328:36334648:835:"FUN" "vapply" "pmax" "logf" "pt_rw_step_trunc" "pt_sampler_trunc" "system.time" 
:284232:1111328:22848840:1513:"pt_rw_step_trunc" "pt_sampler_trunc" "system.time" 
:299192:1111328:27347208:1214:"pmax" "logf" "pt_rw_step_trunc" "pt_sampler_trunc" "system.time" 
:320713:1111328:33832120:1757:"logf" "pt_rw_step_trunc" "pt_sampler_trunc" "system.time" 
:328105:1111328:36059464:603:"pt_rw_step_trunc" "pt_sampler_trunc" "system.time" 
:301672:1111328:28102144:3014:"runif" "pt_sampler_trunc" "system.time" 
:316542:1111328:32577328:1208:"pmax" "logf" "pt_rw_step_trunc" "pt_sampler_trunc" "system.time" 
:339028:1111328:39354056:1838:"runif" "pt_sampler_trunc" "system.time" 
:285865:1111328:23332960:826:"Z_tail" "pt_rw_step_trunc" "pt_sampler_trunc" "system.time" 
:318797:1111328:33245352:2682:"pmax" "logf" "pt_sampler_trunc" "system.time" 
:323833:1111328:34768328:416:"runif" "pt_rw_step_trunc" "pt_sampler_trunc" "system.time" 
:330425:1111328:36750448:534:"rnorm" "r_trunc_norm" "pt_rw_step_trunc" "pt_sampler_trunc" "system.time" 
:290073:1111328:24593912:1874:"logf" "pt_rw_step_trunc" "pt_sampler_trunc" "system.time" 
:325534:1111328:35280280:2900:"pnorm" "Z_tail" "pt_rw_step_trunc" "pt_sampler_trunc" "system.time" 
:336243:1111328:38495688:867:"logf" "pt_rw_step_trunc" "pt_sampler_trunc" "system.time" 
:284298:1111328:22858808:929:"rnorm" "r_trunc_norm" "pt_rw_step_trunc" "pt_sampler_trunc" "system.time" 
:307838:1111328:29955072:1924:"pnorm" "Z_tail" "pt_rw_step_trunc" "pt_sampler_trunc" "system.time" 
:341480:1111328:40082672:2739:"vapply" "pmax" "logf" "pt_rw_step_trunc" "pt_sampler_trunc" "system.time" 
:283004:1111328:22465408:393:"Z_tail" "pt_rw_step_trunc" "pt_sampler_trunc" "system.time" 
:293047:1111328:25488176:818:"logf" "pt_rw_step_trunc" "pt_sampler_trunc" "system.time" 
:301971:1111328:28180488:730:"pmax" "logf" "pt_rw_step_trunc" "pt_sampler_trunc" "system.time" 
:312035:1111328:31217480:825:"all" "pmax" "logf" "pt_rw_step_trunc" "pt_sampler_trunc" "system.time" 
:323922:1111328:34795768:968:"pmax" "logf" "pt_rw_step_trunc" "pt_sampler_trunc" "system.time" 
:279730:1111328:21473928:1557:"pt_sampler_trunc" "system.time" 
:296446:1111328:26504912:1359:"vapply" "pmax" "logf" "pt_rw_step_trunc" "pt_sampler_trunc" "system.time" 
:304569:1111328:28950712:661:"all" "pmax" "logf" "pt_rw_step_trunc" "pt_sampler_trunc" "system.time" 
:317905:1111328:32968040:1091:"logf" "pt_sampler_trunc" "system.time" 
:341541:1111328:40082672:1921:"pnorm" "Z_tail" "pt_rw_step_trunc" "pt_sampler_trunc" "system.time" 
:303111:1111328:28520912:2036:"pt_sampler_trunc" "system.time" 
:310699:1111328:30805992:619:"pmax" "logf" "pt_rw_step_trunc" "pt_sampler_trunc" "system.time" 
:320105:1111328:33646536:773:"pt_rw_step_trunc" "pt_sampler_trunc" "system.time" 
:337163:1111328:38785880:1392:"runif" "pt_rw_step_trunc" "pt_sampler_trunc" "system.time" 
:280515:1111328:21699720:528:"pt_sampler_trunc" "system.time" 
:293482:1111328:25613336:1062:"pt_sampler_trunc" "system.time" 
:336148:1111328:38466288:3478:"pnorm" "Z_tail" "pt_rw_step_trunc" "pt_sampler_trunc" "system.time" 
:287373:1111328:23837240:1217:"any" "logf" "pt_rw_step_trunc" "pt_sampler_trunc" "system.time" 
:303862:1111328:28801360:1344:"pmax" "logf" "pt_rw_step_trunc" "pt_sampler_trunc" "system.time" 
:311292:1111328:31041080:608:"pmax" "logf" "pt_sampler_trunc" "system.time" 
:279020:1111328:21318640:2543:"logf" "pt_rw_step_trunc" "pt_sampler_trunc" "system.time" 
:289667:1111328:24522400:865:"Z_tail" "pt_rw_step_trunc" "pt_sampler_trunc" "system.time" 
:305076:1111328:29166368:1260:"FUN" "vapply" "pmax" "logf" "pt_sampler_trunc" "system.time" 
:320747:1111328:33889128:1281:"pmax" "logf" "pt_rw_step_trunc" "pt_sampler_trunc" "system.time" 
:329012:1111328:36380736:675:"Z_tail" "pt_rw_step_trunc" "pt_sampler_trunc" "system.time" 
:335265:1111328:38265808:513:"pmax" "logf" "pt_rw_step_trunc" "pt_sampler_trunc" "system.time" 
:279586:1111328:21480816:628:"pt_rw_step_trunc" "pt_sampler_trunc" "system.time" 
:297168:1111328:26775616:1433:"pnorm" "Z_tail" "pt_rw_step_trunc" "pt_sampler_trunc" "system.time" 
:307420:1111328:29863736:837:"logf" "pt_rw_step_trunc" "pt_sampler_trunc" "system.time" 
:315467:1111328:32281032:653:"logf" "pt_rw_step_trunc" "pt_sampler_trunc" "system.time" 
:329627:1111328:36538768:1151:"pt_sampler_trunc" "system.time" 
:340325:1111328:39755128:865:"vapply" "pmax" "logf" "pt_rw_step_trunc" "pt_sampler_trunc" "system.time" 
:303650:1111328:28708792:2171:"pt_sampler_trunc" "system.time" 
:322351:1111328:34336512:1520:"logf" "pt_rw_step_trunc" "pt_sampler_trunc" "system.time" 
:335240:1111328:38229464:1059:"Z_tail" "pt_rw_step_trunc" "pt_sampler_trunc" "system.time" 
:292191:1111328:25269832:1664:"logf" "pt_rw_step_trunc" "pt_sampler_trunc" "system.time" 
:279084:1111328:21318416:4091:"is.finite" "pt_rw_step_trunc" "pt_sampler_trunc" "system.time" 
:286905:1111328:23677472:640:"logf" "pt_rw_step_trunc" "pt_sampler_trunc" "system.time" 
:308216:1111328:30093168:1739:"pmax" "logf" "pt_rw_step_trunc" "pt_sampler_trunc" "system.time" 
:315922:1111328:32414200:628:"FUN" "vapply" "pmax" "logf" "pt_rw_step_trunc" "pt_sampler_trunc" "system.time" 
:336192:1111328:38519208:1655:"pt_rw_step_trunc" "pt_sampler_trunc" "system.time" 
:278493:1111328:21134736:462:"pt_sampler_trunc" "system.time" 
:288182:1111328:24055360:792:"pt_rw_step_trunc" "pt_sampler_trunc" "system.time" 
:296533:1111328:26569424:677:"Z_tail" "pt_rw_step_trunc" "pt_sampler_trunc" "system.time" 
:303801:1111328:28756504:591:"logf" "pt_rw_step_trunc" "pt_sampler_trunc" "system.time" 
:324899:1111328:35110656:1719:"pnorm" "Z_tail" "pt_rw_step_trunc" "pt_sampler_trunc" "system.time" 
:332323:1111328:37355920:612:"pnorm" "Z_tail" "pt_rw_step_trunc" "pt_sampler_trunc" "system.time" 
:328401:1111328:36170512:4849:"logf" "pt_rw_step_trunc" "pt_sampler_trunc" "system.time" 
:285741:1111328:23318176:1687:"vapply" "pmax" "logf" "pt_rw_step_trunc" "pt_sampler_trunc" "system.time" 
:281145:1111328:21926408:4787:"list" "pt_rw_step_trunc" "pt_sampler_trunc" "system.time" 
:290434:1111328:24722656:756:"pt_sampler_trunc" "system.time" 
:304765:1111328:29036784:1166:"logf" "pt_rw_step_trunc" "pt_sampler_trunc" "system.time" 
:330569:1111328:36808240:2105:"vapply" "pmax" "logf" "pt_rw_step_trunc" "pt_sampler_trunc" "system.time" 
:293381:1111328:25615464:2141:"pt_sampler_trunc" "system.time" 
:304453:1111328:28949592:902:"logf" "pt_rw_step_trunc" "pt_sampler_trunc" "system.time" 
:312888:1111328:31490200:688:"rnorm" "r_trunc_norm" "pt_rw_step_trunc" "pt_sampler_trunc" "system.time" 
:319495:1111328:33479544:538:"logf" "pt_rw_step_trunc" "pt_sampler_trunc" "system.time" 
:335371:1111328:38257688:1293:"pmax" "logf" "pt_rw_step_trunc" "pt_sampler_trunc" "system.time" 
:341417:1111328:40082672:495:"Z_tail" "pt_rw_step_trunc" "pt_sampler_trunc" "system.time" 
:282675:1111328:22388744:380:"pmax" "logf" "pt_sampler_trunc" "system.time" 
:341414:1111328:40082672:4792:"pmax" "logf" "pt_rw_step_trunc" "pt_sampler_trunc" "system.time" 
:285665:1111328:23277688:614:"r_trunc_norm" "pt_rw_step_trunc" "pt_sampler_trunc" "system.time" 
:302266:1111328:28280112:1356:"pt_sampler_trunc" "system.time" 
:282886:1111328:22436904:3584:"pt_rw_step_trunc" "pt_sampler_trunc" "system.time" 
:305503:1111328:29248968:1844:"logf" "pt_rw_step_trunc" "pt_sampler_trunc" "system.time" 
:303487:1111328:28633248:4990:"pmax" "logf" "pt_rw_step_trunc" "pt_sampler_trunc" "system.time" 
:326208:1111328:35472024:1849:"logf" "pt_rw_step_trunc" "pt_sampler_trunc" "system.time" 
:286466:1111328:23512888:1930:"pmax" "logf" "pt_rw_step_trunc" "pt_sampler_trunc" "system.time" 
:314603:1111328:31991232:2297:"pt_sampler_trunc" "system.time" 
:322817:1111328:34464416:669:"logf" "pt_rw_step_trunc" "pt_sampler_trunc" "system.time" 
:281816:1111328:22106168:1815:"pmax" "logf" "pt_sampler_trunc" "system.time" 
:325271:1111328:35191856:3543:"pmax" "logf" "pt_rw_step_trunc" "pt_sampler_trunc" "system.time" 
:280085:1111328:21580216:1479:"logf" "pt_rw_step_trunc" "pt_sampler_trunc" "system.time" 
:302757:1111328:28411768:1852:"pmax" "logf" "pt_rw_step_trunc" "pt_sampler_trunc" "system.time" 
:300707:1111328:27786584:4996:"pmax" "logf" "pt_rw_step_trunc" "pt_sampler_trunc" "system.time" 
:307673:1111328:29876448:561:"Z_tail" "pt_rw_step_trunc" "pt_sampler_trunc" "system.time" 
:321205:1111328:33955768:1105:"rnorm" "r_trunc_norm" "pt_rw_step_trunc" "pt_sampler_trunc" "system.time" 
:326718:1111328:35616504:450:"pt_sampler_trunc" "system.time" 
:302880:1111328:28437808:3213:"match.fun" "vapply" "pmax" "logf" "pt_rw_step_trunc" "pt_sampler_trunc" "system.time" 
:315453:1111328:32225480:1026:"vapply" "pmax" "logf" "pt_rw_step_trunc" "pt_sampler_trunc" "system.time" 
:322825:1111328:34444872:601:"logf" "pt_rw_step_trunc" "pt_sampler_trunc" "system.time" 
:331914:1111328:37186240:744:"logf" "pt_rw_step_trunc" "pt_sampler_trunc" "system.time" 
:340184:1111328:39675160:672:"pmax" "logf" "pt_rw_step_trunc" "pt_sampler_trunc" "system.time" 
:318780:1111328:33225304:3416:"r_trunc_norm" "pt_rw_step_trunc" "pt_sampler_trunc" "system.time" 
:277886:1111328:20974408:1858:"pmax" "logf" "pt_sampler_trunc" "system.time" 
:291726:1111328:25144952:1128:"pt_rw_step_trunc" "pt_sampler_trunc" "system.time" 
:301573:1111328:28106960:800:"pt_sampler_trunc" "system.time" 
:308920:1111328:30321312:598:"Z_tail" "pt_rw_step_trunc" "pt_sampler_trunc" "system.time" 
:314496:1111328:32003440:458:"pt_sampler_trunc" "system.time" 
:323392:1111328:34687632:728:"logf" "pt_rw_step_trunc" "pt_sampler_trunc" "system.time" 
:329021:1111328:36380792:456:"pmax" "logf" "pt_rw_step_trunc" "pt_sampler_trunc" "system.time" 
:334633:1111328:38072776:458:"Z_tail" "pt_rw_step_trunc" "pt_sampler_trunc" "system.time" 
:340232:1111328:39756528:455:"pmax" "logf" "pt_rw_step_trunc" "pt_sampler_trunc" "system.time" 
:281768:1111328:22144416:405:"pt_rw_step_trunc" "pt_sampler_trunc" "system.time" 
:306173:1111328:29495480:1990:"pt_sampler_trunc" "system.time" 
:328471:1111328:36208480:1817:"vapply" "pmax" "logf" "pt_rw_step_trunc" "pt_sampler_trunc" "system.time" 
:298170:1111328:27070400:2697:"r_trunc_norm" "pt_rw_step_trunc" "pt_sampler_trunc" "system.time" 
:303866:1111328:28787472:466:"all" "pmax" "logf" "pt_rw_step_trunc" "pt_sampler_trunc" "system.time" 
:324680:1111328:35065520:1704:"pnorm" "Z_tail" "pt_rw_step_trunc" "pt_sampler_trunc" "system.time" 
:299841:1111328:27580616:3149:"vapply" "pmax" "logf" "pt_sampler_trunc" "system.time" 
:313189:1111328:31600800:1089:"pt_sampler_trunc" "system.time" 
:280076:1111328:21619136:2464:"Z_tail" "pt_rw_step_trunc" "pt_sampler_trunc" "system.time" 
:341376:1111328:40082672:5000:"pt_rw_step_trunc" "pt_sampler_trunc" "system.time" 
:301819:1111328:28154224:1938:"pt_rw_step_trunc" "pt_sampler_trunc" "system.time" 
:298569:1111328:27186768:4908:"rnorm" "r_trunc_norm" "pt_rw_step_trunc" "pt_sampler_trunc" "system.time" 
:322503:1111328:34396936:1950:"rnorm" "r_trunc_norm" "pt_rw_step_trunc" "pt_sampler_trunc" "system.time" 
:330109:1111328:36693944:626:"pmax" "logf" "pt_rw_step_trunc" "pt_sampler_trunc" "system.time" 
:296857:1111328:26662608:2450:"Z_tail" "pt_rw_step_trunc" "pt_sampler_trunc" "system.time" 
:320390:1111328:33749632:1917:"vapply" "pmax" "logf" "pt_rw_step_trunc" "pt_sampler_trunc" "system.time" 
:341376:1111328:40082672:1722:"pmax" "logf" "pt_rw_step_trunc" "pt_sampler_trunc" "system.time" 
:283802:1111328:22729448:469:"logf" "pt_rw_step_trunc" "pt_sampler_trunc" "system.time" 
:292470:1111328:25340448:708:"pmax" "logf" "pt_rw_step_trunc" "pt_sampler_trunc" "system.time" 
:340702:1111328:39873624:3936:"logf" "pt_rw_step_trunc" "pt_sampler_trunc" "system.time" 
:299701:1111328:27507312:1814:"pmax" "logf" "pt_rw_step_trunc" "pt_sampler_trunc" "system.time" 
:313820:1111328:31763200:1155:"vapply" "pmax" "logf" "pt_rw_step_trunc" "pt_sampler_trunc" "system.time" 
:337130:1111328:38791200:1907:"pt_sampler_trunc" "system.time" 
:297215:1111328:26763128:1909:"vapply" "pmax" "logf" "pt_rw_step_trunc" "pt_sampler_trunc" "system.time" 
:321673:1111328:34124832:1991:"pt_rw_step_trunc" "pt_sampler_trunc" "system.time" 
:328511:1111328:36184120:559:"logf" "pt_rw_step_trunc" "pt_sampler_trunc" "system.time" 
:336213:1111328:38501232:625:"length" "mostattributes<-" "pmax" "logf" "pt_rw_step_trunc" "pt_sampler_trunc" "system.time" 
:299372:1111328:27410880:2163:"pnorm" "Z_tail" "pt_rw_step_trunc" "pt_sampler_trunc" "system.time" 
:319185:1111328:33380928:1616:"vapply" "pmax" "logf" "pt_rw_step_trunc" "pt_sampler_trunc" "system.time" 
:341463:1111328:40082672:1808:"pmax" "logf" "pt_rw_step_trunc" "pt_sampler_trunc" "system.time" 
:296246:1111328:26455968:1473:"pt_sampler_trunc" "system.time" 
:341570:1111328:40082672:3673:"vapply" "pmax" "logf" "pt_rw_step_trunc" "pt_sampler_trunc" "system.time" 
:284331:1111328:22868048:503:"pt_rw_step_trunc" "pt_sampler_trunc" "system.time" 
:292648:1111328:25370128:676:"pnorm" "Z_tail" "pt_rw_step_trunc" "pt_sampler_trunc" "system.time" 
:299040:1111328:27296808:524:"logf" "pt_rw_step_trunc" "pt_sampler_trunc" "system.time" 
:305070:1111328:29112440:493:"any" "logf" "pt_rw_step_trunc" "pt_sampler_trunc" "system.time" 
:338250:1111328:39089064:2693:"pmax" "logf" "pt_sampler_trunc" "system.time" 
:296963:1111328:26668656:1794:"pt_rw_step_trunc" "pt_sampler_trunc" "system.time" 
:303327:1111328:28585592:518:"pmax" "logf" "pt_rw_step_trunc" "pt_sampler_trunc" "system.time" 
:311857:1111328:31154200:694:"logf" "pt_rw_step_trunc" "pt_sampler_trunc" "system.time" 
:320850:1111328:33859056:733:"match.fun" "vapply" "pmax" "logf" "pt_sampler_trunc" "system.time" 
:338851:1111328:39275320:1463:"pt_rw_step_trunc" "pt_sampler_trunc" "system.time" 
:293890:1111328:25740792:1497:"vapply" "pmax" "logf" "pt_rw_step_trunc" "pt_sampler_trunc" "system.time" 
:318078:1111328:33013232:1960:"vapply" "pmax" "logf" "pt_sampler_trunc" "system.time" 
:341556:1111328:40082672:1913:"pt_sampler_trunc" "system.time" 
:298868:1111328:27240136:1686:"pt_sampler_trunc" "system.time" 
:339784:1111328:39567808:3342:"logf" "pt_rw_step_trunc" "pt_sampler_trunc" "system.time" 
:280386:1111328:21668864:315:"vapply" "pmax" "logf" "pt_sampler_trunc" "system.time" 
:298227:1111328:27039600:1451:"logf" "pt_rw_step_trunc" "pt_sampler_trunc" "system.time" 
:337150:1111328:38763760:3177:"pnorm" "Z_tail" "pt_rw_step_trunc" "pt_sampler_trunc" "system.time" 
:295953:1111328:26358696:1802:"vapply" "pmax" "logf" "pt_rw_step_trunc" "pt_sampler_trunc" "system.time" 
:302328:1111328:28282688:524:"pmax" "logf" "pt_rw_step_trunc" "pt_sampler_trunc" "system.time" 
:319969:1111328:33593672:1438:"vapply" "pmax" "logf" "pt_rw_step_trunc" "pt_sampler_trunc" "system.time" 
:336937:1111328:38704064:1385:"pt_sampler_trunc" "system.time" 
:287499:1111328:23802688:1123:"FUN" "vapply" "pmax" "logf" "pt_rw_step_trunc" "pt_sampler_trunc" "system.time" 
:310937:1111328:30861768:1913:"pt_sampler_trunc" "system.time" 
:318522:1111328:33145616:618:"pt_rw_step_trunc" "pt_sampler_trunc" "system.time" 
:325356:1111328:35206752:560:"pmax" "logf" "pt_rw_step_trunc" "pt_sampler_trunc" "system.time" 
:334247:1111328:37887024:726:"logf" "pt_rw_step_trunc" "pt_sampler_trunc" "system.time" 
:341341:1111328:40020568:576:"logf" "pt_rw_step_trunc" "pt_sampler_trunc" "system.time" 
:282406:1111328:22271256:355:"FUN" "vapply" "pmax" "logf" "pt_rw_step_trunc" "pt_sampler_trunc" "system.time" 
:335919:1111328:38390632:4366:"vapply" "pmax" "logf" "pt_rw_step_trunc" "pt_sampler_trunc" "system.time" 
:296166:1111328:26487160:1953:"Z_tail" "pt_rw_step_trunc" "pt_sampler_trunc" "system.time" 
:334763:1111328:38107720:3145:"pnorm" "Z_tail" "pt_rw_step_trunc" "pt_sampler_trunc" "system.time" 
:341328:1111328:40082672:535:"pt_rw_step_trunc" "pt_sampler_trunc" "system.time" 
:284154:1111328:22854720:505:"logf" "pt_rw_step_trunc" "pt_sampler_trunc" "system.time" 
:293342:1111328:25616640:744:"vapply" "pmax" "logf" "pt_sampler_trunc" "system.time" 
:299996:1111328:27616456:536:"is.atomic" "FUN" "vapply" "pmax" "logf" "pt_rw_step_trunc" "pt_sampler_trunc" "system.time" 
:306058:1111328:29439648:492:"vapply" "pmax" "logf" "pt_rw_step_trunc" "pt_sampler_trunc" "system.time" 
:315348:1111328:32231360:751:"pmax" "logf" "pt_rw_step_trunc" "pt_sampler_trunc" "system.time" 
:341447:1111328:40082672:2123:"pmax" "logf" "pt_rw_step_trunc" "pt_sampler_trunc" "system.time" 
:282030:1111328:22213464:332:"vapply" "pmax" "logf" "pt_sampler_trunc" "system.time" 
:301510:1111328:28083384:1590:"pt_rw_step_trunc" "pt_sampler_trunc" "system.time" 
:312078:1111328:31263792:860:"pmax" "logf" "pt_rw_step_trunc" "pt_sampler_trunc" "system.time" 
:333670:1111328:37769704:1763:"logf" "pt_rw_step_trunc" "pt_sampler_trunc" "system.time" 
:339518:1111328:39530064:477:"logf" "pt_rw_step_trunc" "pt_sampler_trunc" "system.time" 
:280725:1111328:21820344:376:"vapply" "pmax" "logf" "pt_rw_step_trunc" "pt_sampler_trunc" "system.time" 
:288177:1111328:24063816:607:"all" "pmax" "logf" "pt_rw_step_trunc" "pt_sampler_trunc" "system.time" 
:294379:1111328:25935336:508:"pt_rw_step_trunc" "pt_sampler_trunc" "system.time" 
:300813:1111328:27878424:527:"pnorm" "Z_tail" "pt_rw_step_trunc" "pt_sampler_trunc" "system.time" 
:308216:1111328:30105040:601:"runif" "pt_rw_step_trunc" "pt_sampler_trunc" "system.time" 
:320367:1111328:33765256:990:"rnorm" "r_trunc_norm" "pt_rw_step_trunc" "pt_sampler_trunc" "system.time" 
:331636:1111328:37159416:920:"logf" "pt_rw_step_trunc" "pt_sampler_trunc" "system.time" 
:278844:1111328:21245056:859:"vapply" "pmax" "logf" "pt_rw_step_trunc" "pt_sampler_trunc" "system.time" 
:285651:1111328:23297344:557:"logf" "pt_rw_step_trunc" "pt_sampler_trunc" "system.time" 
:294759:1111328:26039048:743:"vapply" "pmax" "logf" "pt_rw_step_trunc" "pt_sampler_trunc" "system.time" 
:304992:1111328:29120392:833:"is.finite" "pt_rw_step_trunc" "pt_sampler_trunc" "system.time" 
:311471:1111328:31069416:525:"FUN" "vapply" "pmax" "logf" "pt_rw_step_trunc" "pt_sampler_trunc" "system.time" 
:318271:1111328:33123496:559:"pnorm" "Z_tail" "pt_rw_step_trunc" "pt_sampler_trunc" "system.time" 
:324429:1111328:34973848:501:"vapply" "pmax" "logf" "pt_sampler_trunc" "system.time" 
:339435:1111328:39499432:1229:"pt_sampler_trunc" "system.time" 
:281365:1111328:21999544:429:"FUN" "vapply" "pmax" "logf" "pt_rw_step_trunc" "pt_sampler_trunc" "system.time" 
:290103:1111328:24632720:713:"pmax" "logf" "pt_rw_step_trunc" "pt_sampler_trunc" "system.time" 
:296637:1111328:26606608:538:"runif" "pt_rw_step_trunc" "pt_sampler_trunc" "system.time" 
:304314:1111328:28910952:619:"pmax" "logf" "pt_rw_step_trunc" "pt_sampler_trunc" "system.time" 
:311082:1111328:30957080:557:"pt_rw_step_trunc" "pt_sampler_trunc" "system.time" 
:319214:1111328:33402824:661:"vapply" "pmax" "logf" "pt_rw_step_trunc" "pt_sampler_trunc" "system.time" 
:326510:1111328:35603568:596:"FUN" "vapply" "pmax" "logf" "pt_rw_step_trunc" "pt_sampler_trunc" "system.time" 
:333984:1111328:37848720:605:"mostattributes<-" "pmax" "logf" "pt_rw_step_trunc" "pt_sampler_trunc" "system.time" 
:340979:1111328:39958800:574:"r_trunc_norm" "pt_rw_step_trunc" "pt_sampler_trunc" "system.time" 
:291975:1111328:25200168:1170:"pt_rw_step_trunc" "pt_sampler_trunc" "system.time" 
:302585:1111328:28394856:862:"pt_rw_step_trunc" "pt_sampler_trunc" "system.time" 
:309761:1111328:30553376:583:"vapply" "pmax" "logf" "pt_sampler_trunc" "system.time" 
:316696:1111328:32643128:566:"vapply" "pmax" "logf" "pt_rw_step_trunc" "pt_sampler_trunc" "system.time" 
:323168:1111328:34592264:527:"pt_sampler_trunc" "system.time" 
:332014:1111328:37257024:721:"vapply" "pmax" "logf" "pt_rw_step_trunc" "pt_sampler_trunc" "system.time" 
:338266:1111328:39137952:510:"vapply" "pmax" "logf" "pt_sampler_trunc" "system.time" 
:281187:1111328:21948304:510:"vapply" "pmax" "logf" "pt_rw_step_trunc" "pt_sampler_trunc" "system.time" 
:287841:1111328:23957024:548:"logf" "pt_rw_step_trunc" "pt_sampler_trunc" "system.time" 
:295178:1111328:26164544:596:"vapply" "pmax" "logf" "pt_sampler_trunc" "system.time" 
:309833:1111328:30578352:1195:"pt_sampler_trunc" "system.time" 
:317019:1111328:32747120:589:"vapply" "pmax" "logf" "pt_rw_step_trunc" "pt_sampler_trunc" "system.time" 
:341223:1111328:40035800:1974:"vapply" "pmax" "logf" "pt_rw_step_trunc" "pt_sampler_trunc" "system.time" 
:282284:1111328:22274280:360:"pmax" "logf" "pt_rw_step_trunc" "pt_sampler_trunc" "system.time" 
:289455:1111328:24426416:578:"logf" "pt_rw_step_trunc" "pt_sampler_trunc" "system.time" 
:298925:1111328:27284264:776:"Z_tail" "pt_rw_step_trunc" "pt_sampler_trunc" "system.time" 
:306783:1111328:29647856:638:"vapply" "pmax" "logf" "pt_rw_step_trunc" "pt_sampler_trunc" "system.time" 
:314165:1111328:31876432:608:"pmax" "logf" "pt_rw_step_trunc" "pt_sampler_trunc" "system.time" 
:278199:1111328:21042000:2234:"pnorm" "Z_tail" "pt_rw_step_trunc" "pt_sampler_trunc" "system.time" 
:302584:1111328:28397432:1999:"rnorm" "r_trunc_norm" "pt_rw_step_trunc" "pt_sampler_trunc" "system.time" 
:318562:1111328:33209232:1303:"logf" "pt_rw_step_trunc" "pt_sampler_trunc" "system.time" 
:341366:1111328:40082672:1864:"Z_tail" "pt_rw_step_trunc" "pt_sampler_trunc" "system.time" 
:284722:1111328:23000768:541:"pt_sampler_trunc" "system.time" 
:290212:1111328:24646944:439:"vapply" "pmax" "logf" "pt_rw_step_trunc" "pt_sampler_trunc" "system.time" 
:294214:1111328:25851952:328:"vapply" "pmax" "logf" "pt_sampler_trunc" "system.time" 
:301233:1111328:27964104:571:"pt_rw_step_trunc" "pt_sampler_trunc" "system.time" 
:306683:1111328:29605352:444:"pt_sampler_trunc" "system.time" 
:312571:1111328:31379768:480:"logf" "pt_rw_step_trunc" "pt_sampler_trunc" "system.time" 
:315993:1111328:32413808:282:"runif" "pt_rw_step_trunc" "pt_sampler_trunc" "system.time" 
:319562:1111328:33489904:292:"pt_rw_step_trunc" "pt_sampler_trunc" "system.time" 
:322985:1111328:34518904:279:"vapply" "pmax" "logf" "pt_sampler_trunc" "system.time" 
:326683:1111328:35630840:299:"logf" "pt_rw_step_trunc" "pt_sampler_trunc" "system.time" 
:331818:1111328:37173920:417:"logf" "pt_rw_step_trunc" "pt_sampler_trunc" "system.time" 
:338305:1111328:39132408:532:"vapply" "pmax" "logf" "pt_rw_step_trunc" "pt_sampler_trunc" "system.time" 
:341462:1111328:40082672:258:"pmax" "logf" "pt_rw_step_trunc" "pt_sampler_trunc" "system.time" 
:284259:1111328:22862168:501:"Z_tail" "pt_rw_step_trunc" "pt_sampler_trunc" "system.time" 
:291225:1111328:24959704:569:"vapply" "pmax" "logf" "pt_sampler_trunc" "system.time" 
:298024:1111328:27010760:556:"vapply" "pmax" "logf" "pt_rw_step_trunc" "pt_sampler_trunc" "system.time" 
:303311:1111328:28599816:427:"logf" "pt_rw_step_trunc" "pt_sampler_trunc" "system.time" 
:327867:1111328:35999096:2005:"pmax" "logf" "pt_rw_step_trunc" "pt_sampler_trunc" "system.time" 
:295510:1111328:26243728:2518:"vapply" "pmax" "logf" "pt_rw_step_trunc" "pt_sampler_trunc" "system.time" 
:302753:1111328:28421232:588:"logf" "pt_rw_step_trunc" "pt_sampler_trunc" "system.time" 
:309676:1111328:30507120:566:"FUN" "vapply" "pmax" "logf" "pt_rw_step_trunc" "pt_sampler_trunc" "system.time" 
:318830:1111328:33267528:750:"logf" "pt_rw_step_trunc" "pt_sampler_trunc" "system.time" 
:328303:1111328:36120504:774:"logf" "pt_sampler_trunc" "system.time" 
:341448:1111328:40082672:1073:"pmax" "logf" "pt_rw_step_trunc" "pt_sampler_trunc" "system.time" 
:301108:1111328:27929496:1873:"all" "pmax" "logf" "pt_rw_step_trunc" "pt_sampler_trunc" "system.time" 
:315024:1111328:32123280:1138:"pmax" "logf" "pt_rw_step_trunc" "pt_sampler_trunc" "system.time" 
:321442:1111328:34059984:527:"logf" "pt_rw_step_trunc" "pt_sampler_trunc" "system.time" 
:333530:1111328:37703232:990:"pt_sampler_trunc" "system.time" 
:279360:1111328:21363888:735:"logf" "pt_rw_step_trunc" "pt_sampler_trunc" "system.time" 
:287332:1111328:23773232:656:"pt_rw_step_trunc" "pt_sampler_trunc" "system.time" 
:293984:1111328:25775960:541:"rnorm" "r_trunc_norm" "pt_rw_step_trunc" "pt_sampler_trunc" "system.time" 
:301618:1111328:28077840:626:"logf" "pt_rw_step_trunc" "pt_sampler_trunc" "system.time" 
:307123:1111328:29734040:448:"rnorm" "r_trunc_norm" "pt_rw_step_trunc" "pt_sampler_trunc" "system.time" 
:312853:1111328:31460856:469:"logf" "pt_rw_step_trunc" "pt_sampler_trunc" "system.time" 
:319450:1111328:33444824:534:"vapply" "pmax" "logf" "pt_rw_step_trunc" "pt_sampler_trunc" "system.time" 
:323280:1111328:34604136:316:"pt_rw_step_trunc" "pt_sampler_trunc" "system.time" 
:328323:1111328:36121736:411:"logf" "pt_rw_step_trunc" "pt_sampler_trunc" "system.time" 
:335200:1111328:38194072:563:"pmax" "logf" "pt_rw_step_trunc" "pt_sampler_trunc" "system.time" 
:341461:1111328:40082672:512:"vapply" "pmax" "logf" "pt_rw_step_trunc" "pt_sampler_trunc" "system.time" 
:279917:1111328:21530600:136:"vapply" "pmax" "logf" "pt_rw_step_trunc" "pt_sampler_trunc" "system.time" 
:285598:1111328:23242968:464:"pmax" "logf" "pt_rw_step_trunc" "pt_sampler_trunc" "system.time" 
:290190:1111328:24632048:378:"FUN" "vapply" "pmax" "logf" "pt_rw_step_trunc" "pt_sampler_trunc" "system.time" 
:295572:1111328:26251400:439:"pmax" "logf" "pt_rw_step_trunc" "pt_sampler_trunc" "system.time" 
:300268:1111328:27663384:381:"logf" "pt_rw_step_trunc" "pt_sampler_trunc" "system.time" 
:312025:1111328:31210928:962:"pmax" "logf" "pt_rw_step_trunc" "pt_sampler_trunc" "system.time" 
:320496:1111328:33763296:693:"pt_rw_step_trunc" "pt_sampler_trunc" "system.time" 
:327363:1111328:35837200:563:"Z_tail" "pt_rw_step_trunc" "pt_sampler_trunc" "system.time" 
:334955:1111328:38123568:620:"pmax" "logf" "pt_rw_step_trunc" "pt_sampler_trunc" "system.time" 
:340586:1111328:39818968:458:"pmax" "logf" "pt_rw_step_trunc" "pt_sampler_trunc" "system.time" 
:281054:1111328:21873600:301:"logf" "pt_rw_step_trunc" "pt_sampler_trunc" "system.time" 
:286358:1111328:23470440:434:"runif" "pt_rw_step_trunc" "pt_sampler_trunc" "system.time" 
:295135:1111328:26116944:718:"all" "pmax" "logf" "pt_rw_step_trunc" "pt_sampler_trunc" "system.time" 
:299799:1111328:27517448:377:"FUN" "vapply" "pmax" "logf" "pt_rw_step_trunc" "pt_sampler_trunc" "system.time" 
:305824:1111328:29331064:491:"length" "mostattributes<-" "pmax" "logf" "pt_rw_step_trunc" "pt_sampler_trunc" "system.time" 
:312991:1111328:31490088:587:"logf" "pt_sampler_trunc" "system.time" 
:318507:1111328:33151944:447:"pnorm" "Z_tail" "pt_rw_step_trunc" "pt_sampler_trunc" "system.time" 
:325306:1111328:35197848:554:"pt_rw_step_trunc" "pt_sampler_trunc" "system.time" 
:337495:1111328:38869656:997:"pmax" "logf" "pt_rw_step_trunc" "pt_sampler_trunc" "system.time" 
:341514:1111328:40082672:330:"vapply" "pmax" "logf" "pt_rw_step_trunc" "pt_sampler_trunc" "system.time" 
:282436:1111328:22280160:333:"pmax" "logf" "pt_rw_step_trunc" "pt_sampler_trunc" "system.time" 
:290837:1111328:24805424:681:"vapply" "pmax" "logf" "pt_rw_step_trunc" "pt_sampler_trunc" "system.time" 
:295637:1111328:26257448:397:"logf" "pt_rw_step_trunc" "pt_sampler_trunc" "system.time" 
:301227:1111328:27940248:456:"pt_rw_step_trunc" "pt_sampler_trunc" "system.time" 
:307115:1111328:29711864:479:"vapply" "pmax" "logf" "pt_rw_step_trunc" "pt_sampler_trunc" "system.time" 
:312065:1111328:31202752:403:"logf" "pt_rw_step_trunc" "pt_sampler_trunc" "system.time" 
:316023:1111328:32393648:322:"pmax" "logf" "pt_sampler_trunc" "system.time" 
:319019:1111328:33294016:243:"length" "pmax" "logf" "pt_rw_step_trunc" "pt_sampler_trunc" "system.time" 
:321605:1111328:34079080:216:"vapply" "pmax" "logf" "pt_sampler_trunc" "system.time" 
:328718:1111328:36221864:580:"vapply" "pmax" "logf" "pt_rw_step_trunc" "pt_sampler_trunc" "system.time" 
:341515:1111328:40082672:1049:"pt_sampler_trunc" "system.time" 
:281503:1111328:21997360:257:"vapply" "pmax" "logf" "pt_sampler_trunc" "system.time" 
:287458:1111328:23793280:487:"rnorm" "r_trunc_norm" "pt_rw_step_trunc" "pt_sampler_trunc" "system.time" 
:302923:1111328:28453768:1264:"all" "pmax" "logf" "pt_rw_step_trunc" "pt_sampler_trunc" "system.time" 
:324303:1111328:34884976:1739:"vapply" "pmax" "logf" "pt_sampler_trunc" "system.time" 
:338619:1111328:39198376:1170:"vapply" "pmax" "logf" "pt_sampler_trunc" "system.time" 
:304679:1111328:28984312:2391:"Z_tail" "pt_rw_step_trunc" "pt_sampler_trunc" "system.time" 
:310448:1111328:30724176:471:"vapply" "pmax" "logf" "pt_rw_step_trunc" "pt_sampler_trunc" "system.time" 
:317314:1111328:32795112:564:"vapply" "pmax" "logf" "pt_rw_step_trunc" "pt_sampler_trunc" "system.time" 
:338725:1111328:39246480:1749:"logf" "pt_rw_step_trunc" "pt_sampler_trunc" "system.time" 
:288405:1111328:24082408:1055:"pnorm" "Z_tail" "pt_rw_step_trunc" "pt_sampler_trunc" "system.time" 
:311018:1111328:30883944:1840:"vapply" "pmax" "logf" "pt_rw_step_trunc" "pt_sampler_trunc" "system.time" 
:319059:1111328:33304376:653:"logf" "pt_rw_step_trunc" "pt_sampler_trunc" "system.time" 
:331108:1111328:36929984:980:"logf" "pt_rw_step_trunc" "pt_sampler_trunc" "system.time" 
:337719:1111328:38924816:542:"logf" "pt_rw_step_trunc" "pt_sampler_trunc" "system.time" 
:277875:1111328:20972560:312:"pt_sampler_trunc" "system.time" 
:296956:1111328:26724376:1557:"FUN" "vapply" "pmax" "logf" "pt_rw_step_trunc" "pt_sampler_trunc" "system.time" 
:303668:1111328:28740992:543:"mostattributes<-" "pmax" "logf" "pt_sampler_trunc" "system.time" 
:309694:1111328:30556736:492:"r_trunc_norm" "pt_rw_step_trunc" "pt_sampler_trunc" "system.time" 
:330518:1111328:36843184:1708:"pnorm" "Z_tail" "pt_rw_step_trunc" "pt_sampler_trunc" "system.time" 
:335423:1111328:38316656:399:"pmax" "logf" "pt_rw_step_trunc" "pt_sampler_trunc" "system.time" 
:340719:1111328:39914000:434:"FUN" "vapply" "pmax" "logf" "pt_sampler_trunc" "system.time" 
:287843:1111328:23972256:857:"pt_rw_step_trunc" "pt_sampler_trunc" "system.time" 
:324347:1111328:34969592:2978:"logf" "pt_rw_step_trunc" "pt_sampler_trunc" "system.time" 
:332721:1111328:37487072:680:"pt_sampler_trunc" "system.time" 
:340042:1111328:39700640:602:"length" "mostattributes<-" "pmax" "logf" "pt_rw_step_trunc" "pt_sampler_trunc" "system.time" 
:281464:1111328:22050504:392:"length" "mostattributes<-" "pmax" "logf" "pt_rw_step_trunc" "pt_sampler_trunc" "system.time" 
:297665:1111328:26927992:1319:"FUN" "vapply" "pmax" "logf" "pt_rw_step_trunc" "pt_sampler_trunc" "system.time" 
:300864:1111328:27891416:262:"vapply" "pmax" "logf" "pt_rw_step_trunc" "pt_sampler_trunc" "system.time" 
:306486:1111328:29583568:458:"vapply" "pmax" "logf" "pt_rw_step_trunc" "pt_sampler_trunc" "system.time" 
:322882:1111328:34528648:1344:"logf" "pt_sampler_trunc" "system.time" 
:282767:1111328:22435448:1899:"pt_rw_step_trunc" "pt_sampler_trunc" "system.time" 
:341333:1111328:40082672:4782:"pt_sampler_trunc" "system.time" 
:299104:1111328:27358352:1730:"pmax" "logf" "pt_sampler_trunc" "system.time" 
:307301:1111328:29827672:667:"vapply" "pmax" "logf" "pt_rw_step_trunc" "pt_sampler_trunc" "system.time" 
:319916:1111328:33616688:1020:"vapply" "pmax" "logf" "pt_rw_step_trunc" "pt_sampler_trunc" "system.time" 
:332342:1111328:37363536:1018:"pmax" "logf" "pt_rw_step_trunc" "pt_sampler_trunc" "system.time" 
:341109:1111328:40009536:718:"Z_tail" "pt_rw_step_trunc" "pt_sampler_trunc" "system.time" 
:280907:1111328:21868280:259:"pt_sampler_trunc" "system.time" 
:313265:1111328:31611608:2637:"vapply" "pmax" "logf" "pt_sampler_trunc" "system.time" 
:321757:1111328:34165880:688:"pmax" "logf" "pt_rw_step_trunc" "pt_sampler_trunc" "system.time" 
:301076:1111328:27927984:3467:"pt_rw_step_trunc" "pt_sampler_trunc" "system.time" 
:307651:1111328:29907584:536:"logf" "pt_sampler_trunc" "system.time" 
:315182:1111328:32178160:614:"pmax" "logf" "pt_rw_step_trunc" "pt_sampler_trunc" "system.time" 
:329123:1111328:36373736:1133:"logf" "pt_rw_step_trunc" "pt_sampler_trunc" "system.time" 
:319094:1111328:33370232:4357:"pt_rw_step_trunc" "pt_sampler_trunc" "system.time" 
:282359:1111328:22292648:2165:"vapply" "pmax" "logf" "pt_rw_step_trunc" "pt_sampler_trunc" "system.time" 
:293341:1111328:25601240:897:"pt_sampler_trunc" "system.time" 
:318583:1111328:33206208:2060:"logf" "pt_sampler_trunc" "system.time" 
:292367:1111328:25306568:3029:"FUN" "vapply" "pmax" "logf" "pt_rw_step_trunc" "pt_sampler_trunc" "system.time" 
:300479:1111328:27749176:662:"vapply" "pmax" "logf" "pt_rw_step_trunc" "pt_sampler_trunc" "system.time" 
:307150:1111328:29754144:541:"pmax" "logf" "pt_rw_step_trunc" "pt_sampler_trunc" "system.time" 
:313779:1111328:31750992:543:"pmax" "logf" "pt_rw_step_trunc" "pt_sampler_trunc" "system.time" 
:336212:1111328:38512040:1834:"pt_rw_step_trunc" "pt_sampler_trunc" "system.time" 
:289905:1111328:24560872:1390:"FUN" "vapply" "pmax" "logf" "pt_rw_step_trunc" "pt_sampler_trunc" "system.time" 
:309708:1111328:30526440:1618:"vapply" "pmax" "logf" "pt_rw_step_trunc" "pt_sampler_trunc" "system.time" 
:319285:1111328:33415424:786:"pmax" "logf" "pt_rw_step_trunc" "pt_sampler_trunc" "system.time" 
:305116:1111328:29143240:4007:"pt_sampler_trunc" "system.time" 
:315865:1111328:32374272:871:"vapply" "pmax" "logf" "pt_rw_step_trunc" "pt_sampler_trunc" "system.time" 
:341015:1111328:39947936:2049:"pmax" "logf" "pt_sampler_trunc" "system.time" 
:286681:1111328:23575776:729:"pmax" "logf" "pt_rw_step_trunc" "pt_sampler_trunc" "system.time" 
:327623:1111328:35919800:3348:"logf" "pt_rw_step_trunc" "pt_sampler_trunc" "system.time" 
:335241:1111328:38207288:614:"vapply" "pmax" "logf" "pt_rw_step_trunc" "pt_sampler_trunc" "system.time" 
:287602:1111328:23859696:1282:"vapply" "pmax" "logf" "pt_rw_step_trunc" "pt_sampler_trunc" "system.time" 
:291756:1111328:25109224:339:"logf" "pt_sampler_trunc" "system.time" 
:300580:1111328:27769672:720:"Z_tail" "pt_rw_step_trunc" "pt_sampler_trunc" "system.time" 
:314615:1111328:32002656:1151:"match.fun" "vapply" "pmax" "logf" "pt_sampler_trunc" "system.time" 
:318657:1111328:33222168:330:"vapply" "pmax" "logf" "pt_rw_step_trunc" "pt_sampler_trunc" "system.time" 
:322488:1111328:34381312:317:"pmax" "logf" "pt_rw_step_trunc" "pt_sampler_trunc" "system.time" 
:325563:1111328:35308112:252:"pmax" "logf" "pt_rw_step_trunc" "pt_sampler_trunc" "system.time" 
:328503:1111328:36192240:239:"pmax" "logf" "pt_rw_step_trunc" "pt_sampler_trunc" "system.time" 
:333343:1111328:37651152:394:"Z_tail" "pt_rw_step_trunc" "pt_sampler_trunc" "system.time" 
:340930:1111328:39936512:620:"logf" "pt_rw_step_trunc" "pt_sampler_trunc" "system.time" 
:280196:1111328:21617512:203:"pt_sampler_trunc" "system.time" 
:298450:1111328:27116432:1489:"logf" "pt_rw_step_trunc" "pt_sampler_trunc" "system.time" 
:317059:1111328:32727296:1523:"pt_sampler_trunc" "system.time" 
:326769:1111328:35642264:783:"FUN" "vapply" "pmax" "logf" "pt_rw_step_trunc" "pt_sampler_trunc" "system.time" 
:341528:1111328:40082672:1200:"vapply" "pmax" "logf" "pt_rw_step_trunc" "pt_sampler_trunc" "system.time" 
:288267:1111328:24054072:826:"vapply" "pmax" "logf" "pt_sampler_trunc" "system.time" 
:302350:1111328:28300048:1151:"pt_sampler_trunc" "system.time" 
:332186:1111328:37284800:2431:"pmax" "logf" "pt_rw_step_trunc" "pt_sampler_trunc" "system.time" 
:305021:1111328:29094968:2948:"vapply" "pmax" "logf" "pt_rw_step_trunc" "pt_sampler_trunc" "system.time" 
:292378:1111328:25273192:4119:"pt_sampler_trunc" "system.time" 
:311451:1111328:31007200:1545:"pmax" "logf" "pt_rw_step_trunc" "pt_sampler_trunc" "system.time" 
:315685:1111328:32287584:348:"FUN" "vapply" "pmax" "logf" "pt_rw_step_trunc" "pt_sampler_trunc" "system.time" 
:330061:1111328:36618120:1173:"rnorm" "r_trunc_norm" "pt_rw_step_trunc" "pt_sampler_trunc" "system.time" 
:339537:1111328:39470200:771:"vapply" "pmax" "logf" "pt_rw_step_trunc" "pt_sampler_trunc" "system.time" 
:281762:1111328:22081416:453:"pt_sampler_trunc" "system.time" 
:301515:1111328:28026096:1606:"Z_tail" "pt_rw_step_trunc" "pt_sampler_trunc" "system.time" 
:308183:1111328:30033976:545:"vapply" "pmax" "logf" "pt_sampler_trunc" "system.time" 
:329196:1111328:36358392:1708:"vapply" "pmax" "logf" "pt_rw_step_trunc" "pt_sampler_trunc" "system.time" 
:302591:1111328:28346472:2990:"vapply" "pmax" "logf" "pt_rw_step_trunc" "pt_sampler_trunc" "system.time" 
:325424:1111328:35228536:1867:"-" "logf" "pt_sampler_trunc" "system.time" 
:281853:1111328:22103144:1610:"pt_rw_step_trunc" "pt_sampler_trunc" "system.time" 
:304633:1111328:28959000:1854:"pt_sampler_trunc" "system.time" 
:314397:1111328:31896648:791:"pt_rw_step_trunc" "pt_sampler_trunc" "system.time" 
:337994:1111328:39005344:1927:"rnorm" "r_trunc_norm" "pt_rw_step_trunc" "pt_sampler_trunc" "system.time" 
:299557:1111328:27492248:2054:"length" "logf" "pt_rw_step_trunc" "pt_sampler_trunc" "system.time" 
:316196:1111328:32495344:1349:"vapply" "pmax" "logf" "pt_sampler_trunc" "system.time" 
:323475:1111328:34688080:593:"pt_sampler_trunc" "system.time" 
:294715:1111328:26049856:2838:"Z_tail" "pt_rw_step_trunc" "pt_sampler_trunc" "system.time" 
:317758:1111328:32995984:1882:"pnorm" "Z_tail" "pt_rw_step_trunc" "pt_sampler_trunc" "system.time" 
:341288:1111328:40082672:1919:"match.fun" "vapply" "pmax" "logf" "pt_rw_step_trunc" "pt_sampler_trunc" "system.time" 
:314567:1111328:32023488:2994:"pmax" "logf" "pt_rw_step_trunc" "pt_sampler_trunc" "system.time" 
:336865:1111328:38750040:1826:"pnorm" "Z_tail" "pt_rw_step_trunc" "pt_sampler_trunc" "system.time" 
:294564:1111328:25994248:1719:"pt_rw_step_trunc" "pt_sampler_trunc" "system.time" 
:332754:1111328:37496032:3113:"any" "logf" "pt_rw_step_trunc" "pt_sampler_trunc" "system.time" 
:284547:1111328:22972040:1242:"logf" "pt_rw_step_trunc" "pt_sampler_trunc" "system.time" 
:281575:1111328:22071560:4925:"rnorm" "r_trunc_norm" "pt_rw_step_trunc" "pt_sampler_trunc" "system.time" 
:304838:1111328:29078784:1899:"vapply" "pmax" "logf" "pt_rw_step_trunc" "pt_sampler_trunc" "system.time" 
:310412:1111328:30758784:454:"pmax" "logf" "pt_rw_step_trunc" "pt_sampler_trunc" "system.time" 
:328029:1111328:36065008:1439:"pt_sampler_trunc" "system.time" 
:341373:1111328:40082672:1086:"pt_sampler_trunc" "system.time" 
:293862:1111328:25776968:1300:"logf" "pt_rw_step_trunc" "pt_sampler_trunc" "system.time" 
:307722:1111328:29947456:1126:"logf" "pt_rw_step_trunc" "pt_sampler_trunc" "system.time" 
:314174:1111328:31887912:525:"match.fun" "vapply" "pmax" "logf" "pt_sampler_trunc" "system.time" 
:320513:1111328:33790848:510:"pnorm" "Z_tail" "pt_rw_step_trunc" "pt_sampler_trunc" "system.time" 
:330270:1111328:36733928:799:"logf" "pt_rw_step_trunc" "pt_sampler_trunc" "system.time" 
:341385:1111328:40082672:908:"logf" "pt_rw_step_trunc" "pt_sampler_trunc" "system.time" 
:281470:1111328:22033648:283:"vapply" "pmax" "logf" "pt_rw_step_trunc" "pt_sampler_trunc" "system.time" 
:287180:1111328:23755536:468:"logf" "pt_rw_step_trunc" "pt_sampler_trunc" "system.time" 
:294613:1111328:25991280:604:"logf" "pt_rw_step_trunc" "pt_sampler_trunc" "system.time" 
:300478:1111328:27760320:480:"logf" "pt_rw_step_trunc" "pt_sampler_trunc" "system.time" 
:310559:1111328:30804088:827:"runif" "pt_rw_step_trunc" "pt_sampler_trunc" "system.time" 
:316895:1111328:32707696:513:"vapply" "pmax" "logf" "pt_sampler_trunc" "system.time" 
:323892:1111328:34818392:573:"list" "pt_rw_step_trunc" "pt_sampler_trunc" "system.time" 
:328579:1111328:36228976:380:"pmax" "logf" "pt_rw_step_trunc" "pt_sampler_trunc" "system.time" 
:341368:1111328:40082672:1045:"pmax" "logf" "pt_rw_step_trunc" "pt_sampler_trunc" "system.time" 
:279800:1111328:21523992:142:"any" "logf" "pt_rw_step_trunc" "pt_sampler_trunc" "system.time" 
:284412:1111328:22916096:379:"pt_rw_step_trunc" "pt_sampler_trunc" "system.time" 
:293322:1111328:25601968:730:"runif" "pt_rw_step_trunc" "pt_sampler_trunc" "system.time" 
:319014:1111328:33340160:2094:"pt_rw_step_trunc" "pt_sampler_trunc" "system.time" 
:336967:1111328:38743320:1461:"vapply" "pmax" "logf" "pt_rw_step_trunc" "pt_sampler_trunc" "system.time" 
:330012:1111328:36656536:4612:"FUN" "vapply" "pmax" "logf" "pt_rw_step_trunc" "pt_sampler_trunc" "system.time" 
:285192:1111328:23139368:1505:"%%" "pt_sampler_trunc" "system.time" 
:279549:1111328:21437024:4693:"logf" "pt_rw_step_trunc" "pt_sampler_trunc" "system.time" 
:303129:1111328:28542528:1925:"r_trunc_norm" "pt_rw_step_trunc" "pt_sampler_trunc" "system.time" 
:314944:1111328:32096008:960:"pt_sampler_trunc" "system.time" 
:324978:1111328:35118048:817:"FUN" "vapply" "pmax" "logf" "pt_rw_step_trunc" "pt_sampler_trunc" "system.time" 
:332875:1111328:37503368:650:"pmax" "logf" "pt_rw_step_trunc" "pt_sampler_trunc" "system.time" 
:288841:1111328:24229520:1569:"pt_sampler_trunc" "system.time" 
:299248:1111328:27365128:848:"logf" "pt_rw_step_trunc" "pt_sampler_trunc" "system.time" 
:321792:1111328:34151712:1837:"pmax" "logf" "pt_rw_step_trunc" "pt_sampler_trunc" "system.time" 
:318720:1111328:33222280:4912:"FUN" "vapply" "pmax" "logf" "pt_rw_step_trunc" "pt_sampler_trunc" "system.time" 
:341470:1111328:40082672:1862:"vapply" "pmax" "logf" "pt_sampler_trunc" "system.time" 
:286477:1111328:23513560:678:"vapply" "pmax" "logf" "pt_rw_step_trunc" "pt_sampler_trunc" "system.time" 
:293463:1111328:25612048:565:"pmax" "logf" "pt_rw_step_trunc" "pt_sampler_trunc" "system.time" 
:327327:1111328:35806512:2756:"pt_sampler_trunc" "system.time" 
:278539:1111328:21119616:1185:"vapply" "pmax" "logf" "pt_rw_step_trunc" "pt_sampler_trunc" "system.time" 
:292271:1111328:25257400:1121:"logf" "pt_sampler_trunc" "system.time" 
:304659:1111328:28986328:1008:"pmax" "logf" "pt_rw_step_trunc" "pt_sampler_trunc" "system.time" 
:326023:1111328:35421960:1741:"vapply" "pmax" "logf" "pt_rw_step_trunc" "pt_sampler_trunc" "system.time" 
:287220:1111328:23729832:1986:"pmax" "logf" "pt_rw_step_trunc" "pt_sampler_trunc" "system.time" 
:293999:1111328:25777528:557:"-" "logf" "pt_rw_step_trunc" "pt_sampler_trunc" "system.time" 
:314312:1111328:31894296:1656:"length" "mostattributes<-" "pmax" "logf" "pt_rw_step_trunc" "pt_sampler_trunc" "system.time" 
:311480:1111328:31043096:4930:"rnorm" "r_trunc_norm" "pt_rw_step_trunc" "pt_sampler_trunc" "system.time" 
:335375:1111328:38232432:1942:"pt_sampler_trunc" "system.time" 
:334370:1111328:37945152:5092:"logf" "pt_rw_step_trunc" "pt_sampler_trunc" "system.time" 
:292077:1111328:25180344:1702:"pt_sampler_trunc" "system.time" 
:289320:1111328:24352888:4930:"mostattributes<-" "pmax" "logf" "pt_rw_step_trunc" "pt_sampler_trunc" "system.time" 
:313235:1111328:31566304:1958:"rnorm" "r_trunc_norm" "pt_rw_step_trunc" "pt_sampler_trunc" "system.time" 
:341516:1111328:40082672:2304:"logf" "pt_rw_step_trunc" "pt_sampler_trunc" "system.time" 
:341516:1111328:40082672:0:"logf" "pt_rw_step_trunc" "pt_sampler_trunc" "system.time" 
:341516:1111328:40082672:0:"logf" "pt_rw_step_trunc" "pt_sampler_trunc" "system.time" 
:341516:1111328:40082672:0:"logf" "pt_rw_step_trunc" "pt_sampler_trunc" "system.time" 
:341516:1111328:40082672:0:"logf" "pt_rw_step_trunc" "pt_sampler_trunc" "system.time" 
:341516:1111328:40082672:0:"logf" "pt_rw_step_trunc" "pt_sampler_trunc" "system.time" 
:277872:1111328:20973568:0:"logf" "pt_rw_step_trunc" "pt_sampler_trunc" "system.time" 
:277872:1111328:20973568:0:"logf" "pt_rw_step_trunc" "pt_sampler_trunc" "system.time" 
:287977:1111328:24020472:828:"pt_sampler_trunc" "system.time" 
:317322:1111328:32839744:2377:"logf" "pt_sampler_trunc" "system.time" 
:322704:1111328:34465144:440:"FUN" "vapply" "pmax" "logf" "pt_rw_step_trunc" "pt_sampler_trunc" "system.time" 
:327889:1111328:36025528:423:"pt_rw_step_trunc" "pt_sampler_trunc" "system.time" 
:333218:1111328:37627912:432:"rnorm" "r_trunc_norm" "pt_rw_step_trunc" "pt_sampler_trunc" "system.time" 
:338810:1111328:39308080:453:"pmax" "logf" "pt_rw_step_trunc" "pt_sampler_trunc" "system.time" 
:282323:1111328:22313648:573:"list" "pt_rw_step_trunc" "pt_sampler_trunc" "system.time" 
:306626:1111328:29631672:1977:"vapply" "pmax" "logf" "pt_rw_step_trunc" "pt_sampler_trunc" "system.time" 
:312683:1111328:31456488:495:"pt_rw_step_trunc" "pt_sampler_trunc" "system.time" 
:279510:1111328:21458808:2466:"pt_sampler_trunc" "system.time" 
:302228:1111328:28303800:1855:"FUN" "vapply" "pmax" "logf" "pt_sampler_trunc" "system.time" 
:300183:1111328:27685224:5003:"pt_sampler_trunc" "system.time" 
:324402:1111328:34989136:1983:"pmax" "logf" "pt_rw_step_trunc" "pt_sampler_trunc" "system.time" 
:317351:1111328:32846800:4590:"vapply" "pmax" "logf" "pt_rw_step_trunc" "pt_sampler_trunc" "system.time" 
:323742:1111328:34772584:523:"pt_rw_step_trunc" "pt_sampler_trunc" "system.time" 
:281986:1111328:22188544:1751:"pmax" "logf" "pt_rw_step_trunc" "pt_sampler_trunc" "system.time" 
:288959:1111328:24292744:573:"r_trunc_norm" "pt_rw_step_trunc" "pt_sampler_trunc" "system.time" 
:318229:1111328:33114368:2393:"Z_tail" "pt_rw_step_trunc" "pt_sampler_trunc" "system.time" 
:279363:1111328:21396424:1994:"pmax" "logf" "pt_rw_step_trunc" "pt_sampler_trunc" "system.time" 
:303815:1111328:28759360:1989:"mostattributes<-" "pmax" "logf" "pt_rw_step_trunc" "pt_sampler_trunc" "system.time" 
:312126:1111328:31256736:674:"pt_sampler_trunc" "system.time" 
:318531:1111328:33179440:518:"all" "pmax" "logf" "pt_sampler_trunc" "system.time" 
:300740:1111328:27832840:3715:"pmax" "logf" "pt_rw_step_trunc" "pt_sampler_trunc" "system.time" 
:315215:1111328:32194400:1180:"logf" "pt_rw_step_trunc" "pt_sampler_trunc" "system.time" 
:321637:1111328:34123936:519:"Z_tail" "pt_rw_step_trunc" "pt_sampler_trunc" "system.time" 
:328562:1111328:36217160:572:"runif" "pt_rw_step_trunc" "pt_sampler_trunc" "system.time" 
:341402:1111328:40082672:1048:"pmax" "logf" "pt_sampler_trunc" "system.time" 
:286475:1111328:23538984:691:"pmax" "logf" "pt_sampler_trunc" "system.time" 
:291938:1111328:25187512:448:"logf" "pt_rw_step_trunc" "pt_sampler_trunc" "system.time" 
:297273:1111328:26798688:437:"length" "mostattributes<-" "pmax" "logf" "pt_rw_step_trunc" "pt_sampler_trunc" "system.time" 
:303193:1111328:28582848:485:"vapply" "pmax" "logf" "pt_rw_step_trunc" "pt_sampler_trunc" "system.time" 
:308484:1111328:30177840:432:"pmax" "logf" "pt_rw_step_trunc" "pt_sampler_trunc" "system.time" 
:315313:1111328:32234440:556:"is.function" "match.fun" "vapply" "pmax" "logf" "pt_sampler_trunc" "system.time" 
:321412:1111328:34075888:500:"pmax" "logf" "pt_rw_step_trunc" "pt_sampler_trunc" "system.time" 
:327865:1111328:36019592:528:"pmax" "logf" "pt_rw_step_trunc" "pt_sampler_trunc" "system.time" 
:333882:1111328:37834496:492:"all" "pmax" "logf" "pt_rw_step_trunc" "pt_sampler_trunc" "system.time" 
:340678:1111328:39887848:560:"pmax" "logf" "pt_rw_step_trunc" "pt_sampler_trunc" "system.time" 
:280660:1111328:21781928:261:"pmax" "logf" "pt_sampler_trunc" "system.time" 
:286969:1111328:23684528:516:"pt_sampler_trunc" "system.time" 
:300103:1111328:27648712:1075:"vapply" "pmax" "logf" "pt_rw_step_trunc" "pt_sampler_trunc" "system.time" 
:324158:1111328:34892704:1961:"pt_sampler_trunc" "system.time" 
:331424:1111328:37087232:597:"vapply" "pmax" "logf" "pt_rw_step_trunc" "pt_sampler_trunc" "system.time" 
:279890:1111328:21549416:958:"is.atomic" "FUN" "vapply" "pmax" "logf" "pt_rw_step_trunc" "pt_sampler_trunc" "system.time" 
:285418:1111328:23214912:452:"logf" "pt_rw_step_trunc" "pt_sampler_trunc" "system.time" 
:291971:1111328:25183984:531:"list" "pt_rw_step_trunc" "pt_sampler_trunc" "system.time" 
:329355:1111328:36452808:3057:"pmax" "logf" "pt_rw_step_trunc" "pt_sampler_trunc" "system.time" 
:338381:1111328:39169592:736:"logf" "pt_rw_step_trunc" "pt_sampler_trunc" "system.time" 
:279735:1111328:21498904:383:"-" "logf" "pt_rw_step_trunc" "pt_sampler_trunc" "system.time" 
:290171:1111328:24641736:852:"rnorm" "r_trunc_norm" "pt_rw_step_trunc" "pt_sampler_trunc" "system.time" 
:296408:1111328:26524176:511:"FUN" "vapply" "pmax" "logf" "pt_rw_step_trunc" "pt_sampler_trunc" "system.time" 
:278291:1111328:21054376:3680:"FUN" "vapply" "pmax" "logf" "pt_rw_step_trunc" "pt_sampler_trunc" "system.time" 
:285656:1111328:23270128:600:"pmax" "logf" "pt_sampler_trunc" "system.time" 
:298811:1111328:27237056:1077:"pt_sampler_trunc" "system.time" 
:305869:1111328:29353296:567:"pmax" "logf" "pt_rw_step_trunc" "pt_sampler_trunc" "system.time" 
:341543:1111328:40082672:2892:"vapply" "pmax" "logf" "pt_rw_step_trunc" "pt_sampler_trunc" "system.time" 
:311914:1111328:31160920:2736:"vapply" "pmax" "logf" "pt_rw_step_trunc" "pt_sampler_trunc" "system.time" 
:317387:1111328:32808384:448:"logf" "pt_sampler_trunc" "system.time" 
:329936:1111328:36591240:1026:"all" "pmax" "logf" "pt_rw_step_trunc" "pt_sampler_trunc" "system.time" 
:339478:1111328:39470424:784:"pnorm" "Z_tail" "pt_rw_step_trunc" "pt_sampler_trunc" "system.time" 
:283139:1111328:22505616:567:"pmax" "logf" "pt_rw_step_trunc" "pt_sampler_trunc" "system.time" 
:295302:1111328:26169752:995:"vapply" "pmax" "logf" "pt_rw_step_trunc" "pt_sampler_trunc" "system.time" 
:303207:1111328:28552832:645:"pnorm" "Z_tail" "pt_rw_step_trunc" "pt_sampler_trunc" "system.time" 
:334813:1111328:38069696:2576:"rnorm" "r_trunc_norm" "pt_rw_step_trunc" "pt_sampler_trunc" "system.time" 
:311463:1111328:31035312:3258:"pt_sampler_trunc" "system.time" 
:327947:1111328:36009288:1349:"pnorm" "Z_tail" "pt_rw_step_trunc" "pt_sampler_trunc" "system.time" 
:285358:1111328:23165016:1682:"vapply" "pmax" "logf" "pt_rw_step_trunc" "pt_sampler_trunc" "system.time" 
:336168:1111328:38477544:4152:"vapply" "pmax" "logf" "pt_rw_step_trunc" "pt_sampler_trunc" "system.time" 
:278811:1111328:21193424:480:"vapply" "pmax" "logf" "pt_rw_step_trunc" "pt_sampler_trunc" "system.time" 
:300449:1111328:27700904:1760:"pmax" "logf" "pt_rw_step_trunc" "pt_sampler_trunc" "system.time" 
:293323:1111328:25559856:4588:"logf" "pt_sampler_trunc" "system.time" 
:315677:1111328:32298224:1828:"Z_tail" "pt_rw_step_trunc" "pt_sampler_trunc" "system.time" 
:323409:1111328:34626872:631:"pt_sampler_trunc" "system.time" 
:333283:1111328:37601032:807:"vapply" "pmax" "logf" "pt_sampler_trunc" "system.time" 
:283737:1111328:22667680:1111:"pnorm" "Z_tail" "pt_rw_step_trunc" "pt_sampler_trunc" "system.time" 
:307454:1111328:29810480:1936:"pt_sampler_trunc" "system.time" 
:329848:1111328:36564640:1834:"pt_rw_step_trunc" "pt_sampler_trunc" "system.time" 
:341535:1111328:40082672:950:"logf" "pt_rw_step_trunc" "pt_sampler_trunc" "system.time" 
:296961:1111328:26644856:1516:"pt_rw_step_trunc" "pt_sampler_trunc" "system.time" 
:302652:1111328:28358120:463:"vapply" "pmax" "logf" "pt_rw_step_trunc" "pt_sampler_trunc" "system.time" 
:311924:1111328:31154984:759:"pnorm" "Z_tail" "pt_rw_step_trunc" "pt_sampler_trunc" "system.time" 
:317728:1111328:32902632:474:"pnorm" "Z_tail" "pt_rw_step_trunc" "pt_sampler_trunc" "system.time" 
:333667:1111328:37703680:1300:"all" "pmax" "logf" "pt_rw_step_trunc" "pt_sampler_trunc" "system.time" 
:340144:1111328:39655112:529:"pmax" "logf" "pt_rw_step_trunc" "pt_sampler_trunc" "system.time" 
:288668:1111328:24220784:996:"any" "logf" "pt_rw_step_trunc" "pt_sampler_trunc" "system.time" 
:304417:1111328:28962136:1280:"pnorm" "Z_tail" "pt_rw_step_trunc" "pt_sampler_trunc" "system.time" 
:322754:1111328:34479536:1490:"pmax" "logf" "pt_rw_step_trunc" "pt_sampler_trunc" "system.time" 
:331506:1111328:37115680:714:"vapply" "pmax" "logf" "pt_rw_step_trunc" "pt_sampler_trunc" "system.time" 
:336936:1111328:38749872:443:"pt_sampler_trunc" "system.time" 
:341365:1111328:40082672:360:"logf" "pt_sampler_trunc" "system.time" 
:283380:1111328:22629320:448:"logf" "pt_rw_step_trunc" "pt_sampler_trunc" "system.time" 
:287987:1111328:24013360:374:"pt_sampler_trunc" "system.time" 
:294507:1111328:25978008:532:"logf" "pt_rw_step_trunc" "pt_sampler_trunc" "system.time" 
:300641:1111328:27827856:503:"pmax" "logf" "pt_rw_step_trunc" "pt_sampler_trunc" "system.time" 
:308572:1111328:30214128:645:"rnorm" "r_trunc_norm" "pt_rw_step_trunc" "pt_sampler_trunc" "system.time" 
:312906:1111328:31515064:350:"pmax" "logf" "pt_rw_step_trunc" "pt_sampler_trunc" "system.time" 
:320489:1111328:33804120:624:"logf" "pt_rw_step_trunc" "pt_sampler_trunc" "system.time" 
:335045:1111328:38188640:1189:"vapply" "pmax" "logf" "pt_rw_step_trunc" "pt_sampler_trunc" "system.time" 
:341350:1111328:40082672:510:"vapply" "pmax" "logf" "pt_rw_step_trunc" "pt_sampler_trunc" "system.time" 
:287180:1111328:23773064:757:"pnorm" "Z_tail" "pt_rw_step_trunc" "pt_sampler_trunc" "system.time" 
:298504:1111328:27185816:927:"vapply" "pmax" "logf" "pt_rw_step_trunc" "pt_sampler_trunc" "system.time" 
:311069:1111328:30975952:1029:"mostattributes<-" "pmax" "logf" "pt_rw_step_trunc" "pt_sampler_trunc" "system.time" 
:318533:1111328:33224184:609:"vapply" "pmax" "logf" "pt_rw_step_trunc" "pt_sampler_trunc" "system.time" 
:323382:1111328:34687632:398:"vapply" "pmax" "logf" "pt_sampler_trunc" "system.time" 
:332302:1111328:37370256:724:"pmax" "logf" "pt_rw_step_trunc" "pt_sampler_trunc" "system.time" 
:339040:1111328:39402384:552:"pmax" "logf" "pt_rw_step_trunc" "pt_sampler_trunc" "system.time" 
:278996:1111328:21299600:270:"pmax" "logf" "pt_rw_step_trunc" "pt_sampler_trunc" "system.time" 
:287660:1111328:23913064:708:"vapply" "pmax" "logf" "pt_rw_step_trunc" "pt_sampler_trunc" "system.time" 
:291797:1111328:25155088:333:"pt_rw_step_trunc" "pt_sampler_trunc" "system.time" 
:296933:1111328:26706736:424:"logf" "pt_rw_step_trunc" "pt_sampler_trunc" "system.time" 
:300263:1111328:27702864:267:"vapply" "pmax" "logf" "pt_sampler_trunc" "system.time" 
:306149:1111328:29476384:479:"mostattributes<-" "pmax" "logf" "pt_rw_step_trunc" "pt_sampler_trunc" "system.time" 
:313120:1111328:31581760:573:"vapply" "pmax" "logf" "pt_rw_step_trunc" "pt_sampler_trunc" "system.time" 
:319294:1111328:33442752:504:"FUN" "vapply" "pmax" "logf" "pt_rw_step_trunc" "pt_sampler_trunc" "system.time" 
:329953:1111328:36648192:866:"vapply" "pmax" "logf" "pt_rw_step_trunc" "pt_sampler_trunc" "system.time" 
:281466:1111328:22039080:1215:"pt_sampler_trunc" "system.time" 
:292431:1111328:25330256:885:"pmax" "logf" "pt_rw_step_trunc" "pt_sampler_trunc" "system.time" 
:298757:1111328:27238960:519:"pt_sampler_trunc" "system.time" 
:341061:1111328:39978008:3450:"pt_sampler_trunc" "system.time" 
:289090:1111328:24335304:933:"vapply" "pmax" "logf" "pt_rw_step_trunc" "pt_sampler_trunc" "system.time" 
:309626:1111328:30514568:1668:"is.atomic" "FUN" "vapply" "pmax" "logf" "pt_rw_step_trunc" "pt_sampler_trunc" "system.time" 
:324684:1111328:35047880:1228:"logf" "pt_rw_step_trunc" "pt_sampler_trunc" "system.time" 
:280272:1111328:21670824:1544:"logf" "pt_rw_step_trunc" "pt_sampler_trunc" "system.time" 
:290223:1111328:24669960:813:"pt_rw_step_trunc" "pt_sampler_trunc" "system.time" 
:321911:1111328:34217064:2586:"pt_sampler_trunc" "system.time" 
:330980:1111328:36949304:741:"vapply" "pmax" "logf" "pt_sampler_trunc" "system.time" 
:340856:1111328:39926712:805:"pnorm" "Z_tail" "pt_rw_step_trunc" "pt_sampler_trunc" "system.time" 
:293933:1111328:25780104:1337:"vapply" "pmax" "logf" "pt_rw_step_trunc" "pt_sampler_trunc" "system.time" 
:313399:1111328:31645936:1590:"FUN" "vapply" "pmax" "logf" "pt_rw_step_trunc" "pt_sampler_trunc" "system.time" 
:325129:1111328:35171808:954:"logf" "pt_sampler_trunc" "system.time" 
:338526:1111328:39207168:1092:"pmax" "logf" "pt_rw_step_trunc" "pt_sampler_trunc" "system.time" 
:285738:1111328:23309888:860:"pt_rw_step_trunc" "pt_sampler_trunc" "system.time" 
:279489:1111328:21424928:4655:"pt_rw_step_trunc" "pt_sampler_trunc" "system.time" 
:288326:1111328:24086832:722:"rnorm" "r_trunc_norm" "pt_rw_step_trunc" "pt_sampler_trunc" "system.time" 
:334076:1111328:37873080:3738:"pt_sampler_trunc" "system.time" 
:339560:1111328:39525136:447:"pmax" "logf" "pt_rw_step_trunc" "pt_sampler_trunc" "system.time" 
:279922:1111328:21553672:301:"pmax" "logf" "pt_rw_step_trunc" "pt_sampler_trunc" "system.time" 
:285691:1111328:23293312:472:"pmax" "logf" "pt_rw_step_trunc" "pt_sampler_trunc" "system.time" 
:299647:1111328:27497792:1139:"logf" "pt_rw_step_trunc" "pt_sampler_trunc" "system.time" 
:293604:1111328:25658584:4652:"vapply" "pmax" "logf" "pt_rw_step_trunc" "pt_sampler_trunc" "system.time" 
:301373:1111328:27999496:636:"vapply" "pmax" "logf" "pt_sampler_trunc" "system.time" 
:308337:1111328:30094512:562:"FUN" "vapply" "pmax" "logf" "pt_rw_step_trunc" "pt_sampler_trunc" "system.time" 
:314320:1111328:31897936:489:"logf" "pt_rw_step_trunc" "pt_sampler_trunc" "system.time" 
:280270:1111328:21651952:2392:"pmax" "logf" "pt_rw_step_trunc" "pt_sampler_trunc" "system.time" 
:291976:1111328:25181744:959:"vapply" "pmax" "logf" "pt_rw_step_trunc" "pt_sampler_trunc" "system.time" 
:305672:1111328:29309672:1118:"FUN" "vapply" "pmax" "logf" "pt_rw_step_trunc" "pt_sampler_trunc" "system.time" 
:311462:1111328:31053624:474:"pmax" "logf" "pt_rw_step_trunc" "pt_sampler_trunc" "system.time" 
:325294:1111328:35222712:1130:"pnorm" "Z_tail" "pt_rw_step_trunc" "pt_sampler_trunc" "system.time" 
:340587:1111328:39825072:1244:"match.fun" "vapply" "pmax" "logf" "pt_rw_step_trunc" "pt_sampler_trunc" "system.time" 
:279694:1111328:21478968:195:"Z_tail" "pt_rw_step_trunc" "pt_sampler_trunc" "system.time" 
:297596:1111328:26863200:1455:"logf" "pt_rw_step_trunc" "pt_sampler_trunc" "system.time" 
:317273:1111328:32792032:1607:"r_trunc_norm" "pt_rw_step_trunc" "pt_sampler_trunc" "system.time" 
:322991:1111328:34516104:468:"logf" "pt_rw_step_trunc" "pt_sampler_trunc" "system.time" 
:331310:1111328:37025408:681:"any" "logf" "pt_rw_step_trunc" "pt_sampler_trunc" "system.time" 
:339049:1111328:39354448:630:"match.fun" "vapply" "pmax" "logf" "pt_rw_step_trunc" "pt_sampler_trunc" "system.time" 
:333668:1111328:37726640:4720:"pmax" "logf" "pt_rw_step_trunc" "pt_sampler_trunc" "system.time" 
:286822:1111328:23612624:1338:"pmax" "logf" "pt_rw_step_trunc" "pt_sampler_trunc" "system.time" 
:309892:1111328:30554160:1877:"logf" "pt_rw_step_trunc" "pt_sampler_trunc" "system.time" 
:318656:1111328:33196016:717:"any" "logf" "pt_rw_step_trunc" "pt_sampler_trunc" "system.time" 
:341203:1111328:39980696:1834:"all" "pmax" "logf" "pt_rw_step_trunc" "pt_sampler_trunc" "system.time" 
:295252:1111328:26153848:1421:"list" "pt_rw_step_trunc" "pt_sampler_trunc" "system.time" 
:290954:1111328:24858344:4812:"r_trunc_norm" "pt_rw_step_trunc" "pt_sampler_trunc" "system.time" 
:312535:1111328:31362968:1764:"runif" "pt_rw_step_trunc" "pt_sampler_trunc" "system.time" 
:341508:1111328:40082672:2356:"pt_rw_step_trunc" "pt_sampler_trunc" "system.time" 
:284748:1111328:22985928:533:"vapply" "pmax" "logf" "pt_rw_step_trunc" "pt_sampler_trunc" "system.time" 
:292786:1111328:25408712:657:"rnorm" "r_trunc_norm" "pt_rw_step_trunc" "pt_sampler_trunc" "system.time" 
:304918:1111328:29060808:990:"rnorm" "r_trunc_norm" "pt_rw_step_trunc" "pt_sampler_trunc" "system.time" 
:327996:1111328:36014104:1884:"pt_rw_step_trunc" "pt_sampler_trunc" "system.time" 
:299044:1111328:27288520:2794:"pt_rw_step_trunc" "pt_sampler_trunc" "system.time" 
:307401:1111328:29810144:686:"pt_sampler_trunc" "system.time" 
:321941:1111328:34191472:1186:"pnorm" "Z_tail" "pt_rw_step_trunc" "pt_sampler_trunc" "system.time" 
:341500:1111328:40082672:1596:"Z_tail" "pt_rw_step_trunc" "pt_sampler_trunc" "system.time" 
:283843:1111328:22699712:449:"FUN" "vapply" "pmax" "logf" "pt_rw_step_trunc" "pt_sampler_trunc" "system.time" 
:301786:1111328:28108080:1469:"all" "pmax" "logf" "pt_rw_step_trunc" "pt_sampler_trunc" "system.time" 
:334864:1111328:38080000:2704:"pt_sampler_trunc" "system.time" 
:341420:1111328:40058536:537:"vapply" "pmax" "logf" "pt_rw_step_trunc" "pt_sampler_trunc" "system.time" 
:277878:1111328:20974128:7:"Z_tail" "pt_rw_step_trunc" "pt_sampler_trunc" "system.time" 
:293514:1111328:25684904:1280:"logf" "pt_sampler_trunc" "system.time" 
:301912:1111328:28215880:686:"logf" "pt_rw_step_trunc" "pt_sampler_trunc" "system.time" 
:307217:1111328:29817312:435:"Z_tail" "pt_rw_step_trunc" "pt_sampler_trunc" "system.time" 
:312644:1111328:31452568:443:"Z_tail" "pt_rw_step_trunc" "pt_sampler_trunc" "system.time" 
:317758:1111328:32993408:418:"any" "logf" "pt_rw_step_trunc" "pt_sampler_trunc" "system.time" 
:322967:1111328:34562640:426:"logf" "pt_rw_step_trunc" "pt_sampler_trunc" "system.time" 
:327624:1111328:35972440:385:"is.atomic" "FUN" "vapply" "pmax" "logf" "pt_rw_step_trunc" "pt_sampler_trunc" "system.time" 
:332769:1111328:37520616:420:"pmax" "logf" "pt_rw_step_trunc" "pt_sampler_trunc" "system.time" 
:340449:1111328:39829608:622:"vapply" "pmax" "logf" "pt_rw_step_trunc" "pt_sampler_trunc" "system.time" 
:297467:1111328:26870704:1667:"pt_rw_step_trunc" "pt_sampler_trunc" "system.time" 
:312409:1111328:31372936:1221:"any" "logf" "pt_rw_step_trunc" "pt_sampler_trunc" "system.time" 
:318728:1111328:33279176:519:"pt_sampler_trunc" "system.time" 
:327830:1111328:36016624:739:"any" "logf" "pt_rw_step_trunc" "pt_sampler_trunc" "system.time" 
:339259:1111328:39457880:932:"match.fun" "vapply" "pmax" "logf" "pt_rw_step_trunc" "pt_sampler_trunc" "system.time" 
:283488:1111328:22655304:625:"pt_rw_step_trunc" "pt_sampler_trunc" "system.time" 
:300491:1111328:27776672:1386:"logf" "pt_rw_step_trunc" "pt_sampler_trunc" "system.time" 
:313316:1111328:31638600:1046:"rnorm" "r_trunc_norm" "pt_rw_step_trunc" "pt_sampler_trunc" "system.time" 
:321533:1111328:34112960:671:"any" "logf" "pt_sampler_trunc" "system.time" 
:329310:1111328:36458240:634:"vapply" "pmax" "logf" "pt_rw_step_trunc" "pt_sampler_trunc" "system.time" 
:336752:1111328:38699808:607:"pmax" "logf" "pt_rw_step_trunc" "pt_sampler_trunc" "system.time" 
:279649:1111328:21493136:513:"FUN" "vapply" "pmax" "logf" "pt_rw_step_trunc" "pt_sampler_trunc" "system.time" 
:287310:1111328:23795576:620:"logf" "pt_rw_step_trunc" "pt_sampler_trunc" "system.time" 
:297659:1111328:26919872:851:"logf" "pt_rw_step_trunc" "pt_sampler_trunc" "system.time" 
:312878:1111328:31503304:1241:"length" "pmax" "logf" "pt_rw_step_trunc" "pt_sampler_trunc" "system.time" 
:282245:1111328:22276576:2678:"logf" "pt_rw_step_trunc" "pt_sampler_trunc" "system.time" 
:293467:1111328:25655840:915:"pt_sampler_trunc" "system.time" 
:326353:1111328:35571760:2690:"logf" "pt_rw_step_trunc" "pt_sampler_trunc" "system.time" 
:332967:1111328:37561160:538:"rnorm" "r_trunc_norm" "pt_rw_step_trunc" "pt_sampler_trunc" "system.time" 
:316954:1111328:32724776:3861:"vapply" "pmax" "logf" "pt_rw_step_trunc" "pt_sampler_trunc" "system.time" 
:325904:1111328:35419496:732:"logf" "pt_rw_step_trunc" "pt_sampler_trunc" "system.time" 
:331347:1111328:37056712:442:"vapply" "pmax" "logf" "pt_rw_step_trunc" "pt_sampler_trunc" "system.time" 
:337346:1111328:38863776:491:"list" "pt_rw_step_trunc" "pt_sampler_trunc" "system.time" 
:341419:1111328:40082672:325:"logf" "pt_rw_step_trunc" "pt_sampler_trunc" "system.time" 
:282350:1111328:22302896:356:"logf" "pt_rw_step_trunc" "pt_sampler_trunc" "system.time" 
:288401:1111328:24128216:495:"runif" "pt_rw_step_trunc" "pt_sampler_trunc" "system.time" 
:301117:1111328:27954192:1033:"vapply" "pmax" "logf" "pt_rw_step_trunc" "pt_sampler_trunc" "system.time" 
:309568:1111328:30497880:689:"pt_sampler_trunc" "system.time" 
:314807:1111328:32073888:424:"logf" "pt_sampler_trunc" "system.time" 
:325089:1111328:35173376:840:"length" "mostattributes<-" "pmax" "logf" "pt_rw_step_trunc" "pt_sampler_trunc" "system.time" 
:331203:1111328:37016056:500:"logf" "pt_rw_step_trunc" "pt_sampler_trunc" "system.time" 
:336818:1111328:38707144:457:"vapply" "pmax" "logf" "pt_rw_step_trunc" "pt_sampler_trunc" "system.time" 
:341389:1111328:40082672:372:"logf" "pt_rw_step_trunc" "pt_sampler_trunc" "system.time" 
:287947:1111328:23980152:806:"vapply" "pmax" "logf" "pt_rw_step_trunc" "pt_sampler_trunc" "system.time" 
:305409:1111328:29232392:1419:"pt_sampler_trunc" "system.time" 
:318099:1111328:33053720:1031:"Z_tail" "pt_rw_step_trunc" "pt_sampler_trunc" "system.time" 
:329563:1111328:36505280:933:"logf" "pt_rw_step_trunc" "pt_sampler_trunc" "system.time" 
:335136:1111328:38183992:454:"r_trunc_norm" "pt_rw_step_trunc" "pt_sampler_trunc" "system.time" 
:278071:1111328:21002464:513:"vapply" "pmax" "logf" "pt_rw_step_trunc" "pt_sampler_trunc" "system.time" 
:303089:1111328:28523152:2030:"vapply" "pmax" "logf" "pt_sampler_trunc" "system.time" 
:309523:1111328:30458624:523:"pt_rw_step_trunc" "pt_sampler_trunc" "system.time" 
:337400:1111328:38853360:2272:"mostattributes<-" "pmax" "logf" "pt_sampler_trunc" "system.time" 
:341483:1111328:40082672:330:"Z_tail" "pt_rw_step_trunc" "pt_sampler_trunc" "system.time" 
:287610:1111328:23877280:781:"pnorm" "Z_tail" "pt_rw_step_trunc" "pt_sampler_trunc" "system.time" 
:292143:1111328:25237912:367:"pt_rw_step_trunc" "pt_sampler_trunc" "system.time" 
:303049:1111328:28520520:886:"pnorm" "Z_tail" "pt_rw_step_trunc" "pt_sampler_trunc" "system.time" 
:308682:1111328:30217208:461:"pmax" "logf" "pt_sampler_trunc" "system.time" 
:323259:1111328:34607944:1188:"logf" "pt_rw_step_trunc" "pt_sampler_trunc" "system.time" 
:329579:1111328:36515976:518:"pnorm" "Z_tail" "pt_rw_step_trunc" "pt_sampler_trunc" "system.time" 
:341414:1111328:40082672:968:"vapply" "pmax" "logf" "pt_rw_step_trunc" "pt_sampler_trunc" "system.time" 
:295915:1111328:26377960:1457:"pt_sampler_trunc" "system.time" 
:302274:1111328:28299488:522:"pt_rw_step_trunc" "pt_sampler_trunc" "system.time" 
:308444:1111328:30149504:496:"logf" "pt_sampler_trunc" "system.time" 
:313877:1111328:31789240:446:"runif" "pt_rw_step_trunc" "pt_sampler_trunc" "system.time" 
:319549:1111328:33497184:462:"runif" "pt_rw_step_trunc" "pt_sampler_trunc" "system.time" 
:326256:1111328:35510384:542:"logf" "pt_rw_step_trunc" "pt_sampler_trunc" "system.time" 
:339987:1111328:39644640:1121:"vapply" "pmax" "logf" "pt_sampler_trunc" "system.time" 
:280228:1111328:21641088:290:"logf" "pt_rw_step_trunc" "pt_sampler_trunc" "system.time" 
:291482:1111328:25034240:919:"pmax" "logf" "pt_rw_step_trunc" "pt_sampler_trunc" "system.time" 
:299695:1111328:27504736:669:"logf" "pt_rw_step_trunc" "pt_sampler_trunc" "system.time" 
:306309:1111328:29501248:542:"pmax" "logf" "pt_rw_step_trunc" "pt_sampler_trunc" "system.time" 
:313188:1111328:31572632:562:"pmax" "logf" "pt_rw_step_trunc" "pt_sampler_trunc" "system.time" 
:322719:1111328:34433504:770:"vapply" "pmax" "logf" "pt_rw_step_trunc" "pt_sampler_trunc" "system.time" 
:330708:1111328:36848224:657:"rnorm" "r_trunc_norm" "pt_rw_step_trunc" "pt_sampler_trunc" "system.time" 
:336547:1111328:38608808:478:"pmax" "logf" "pt_rw_step_trunc" "pt_sampler_trunc" "system.time" 
:341453:1111328:40082672:399:"pmax" "logf" "pt_rw_step_trunc" "pt_sampler_trunc" "system.time" 
:282536:1111328:22337336:358:"pnorm" "Z_tail" "pt_rw_step_trunc" "pt_sampler_trunc" "system.time" 
:292223:1111328:25261992:796:"vapply" "pmax" "logf" "pt_rw_step_trunc" "pt_sampler_trunc" "system.time" 
:318699:1111328:33235440:2155:"pnorm" "Z_tail" "pt_rw_step_trunc" "pt_sampler_trunc" "system.time" 
:332999:1111328:37541448:1166:"r_trunc_norm" "pt_rw_step_trunc" "pt_sampler_trunc" "system.time" 
:341454:1111328:40082672:685:"pmax" "logf" "pt_rw_step_trunc" "pt_sampler_trunc" "system.time" 
:283479:1111328:22615656:432:"pmax" "logf" "pt_rw_step_trunc" "pt_sampler_trunc" "system.time" 
:290708:1111328:24790864:589:"pt_sampler_trunc" "system.time" 
:297489:1111328:26831896:550:"logf" "pt_rw_step_trunc" "pt_sampler_trunc" "system.time" 
:306194:1111328:29448944:705:"FUN" "vapply" "pmax" "logf" "pt_rw_step_trunc" "pt_sampler_trunc" "system.time" 
:317086:1111328:32727128:886:"vapply" "pmax" "logf" "pt_rw_step_trunc" "pt_sampler_trunc" "system.time" 
:324142:1111328:34851040:576:"logf" "pt_rw_step_trunc" "pt_sampler_trunc" "system.time" 
:329923:1111328:36590680:470:"match.fun" "vapply" "pmax" "logf" "pt_rw_step_trunc" "pt_sampler_trunc" "system.time" 
:335130:1111328:38157672:424:"logf" "pt_rw_step_trunc" "pt_sampler_trunc" "system.time" 
:341519:1111328:40082672:521:"pt_rw_step_trunc" "pt_sampler_trunc" "system.time" 
:296699:1111328:26579224:1500:"pt_rw_step_trunc" "pt_sampler_trunc" "system.time" 
:302983:1111328:28467992:508:"Z_tail" "pt_rw_step_trunc" "pt_sampler_trunc" "system.time" 
:309940:1111328:30565024:570:"pmax" "logf" "pt_rw_step_trunc" "pt_sampler_trunc" "system.time" 
:315068:1111328:32104688:415:"pnorm" "Z_tail" "pt_rw_step_trunc" "pt_sampler_trunc" "system.time" 
:320911:1111328:33863256:476:"pmax" "logf" "pt_rw_step_trunc" "pt_sampler_trunc" "system.time" 
:326765:1111328:35627648:478:"pt_rw_step_trunc" "pt_sampler_trunc" "system.time" 
:331312:1111328:36993768:369:"mostattributes<-" "pmax" "logf" "pt_rw_step_trunc" "pt_sampler_trunc" "system.time" 
:336182:1111328:38468360:403:"vapply" "pmax" "logf" "pt_rw_step_trunc" "pt_sampler_trunc" "system.time" 
:339009:1111328:39321072:232:"vapply" "pmax" "logf" "pt_rw_step_trunc" "pt_sampler_trunc" "system.time" 
:341538:1111328:40082672:206:"pmax" "logf" "pt_rw_step_trunc" "pt_sampler_trunc" "system.time" 
:282677:1111328:22363656:363:"r_trunc_norm" "pt_rw_step_trunc" "pt_sampler_trunc" "system.time" 
:289376:1111328:24385256:549:"match.fun" "vapply" "pmax" "logf" "pt_rw_step_trunc" "pt_sampler_trunc" "system.time" 
:295246:1111328:26156928:481:"pmax" "logf" "pt_rw_step_trunc" "pt_sampler_trunc" "system.time" 
:300673:1111328:27790504:441:"vapply" "pmax" "logf" "pt_rw_step_trunc" "pt_sampler_trunc" "system.time" 
:308364:1111328:30105040:626:"is.atomic" "FUN" "vapply" "pmax" "logf" "pt_rw_step_trunc" "pt_sampler_trunc" "system.time" 
:341469:1111328:40082672:2704:"logf" "pt_rw_step_trunc" "pt_sampler_trunc" "system.time" 
:291722:1111328:25087608:1100:"vapply" "pmax" "logf" "pt_rw_step_trunc" "pt_sampler_trunc" "system.time" 
:301121:1111328:27925352:772:"FUN" "vapply" "pmax" "logf" "pt_rw_step_trunc" "pt_sampler_trunc" "system.time" 
:307753:1111328:29920520:539:"rnorm" "r_trunc_norm" "pt_rw_step_trunc" "pt_sampler_trunc" "system.time" 
:311082:1111328:30924880:273:"pmax" "logf" "pt_rw_step_trunc" "pt_sampler_trunc" "system.time" 
:316620:1111328:32595080:452:"pnorm" "Z_tail" "pt_rw_step_trunc" "pt_sampler_trunc" "system.time" 
:327635:1111328:35909776:897:"pt_sampler_trunc" "system.time" 
:333201:1111328:37584848:453:"vapply" "pmax" "logf" "pt_sampler_trunc" "system.time" 
:338184:1111328:39085256:404:"vapply" "pmax" "logf" "pt_rw_step_trunc" "pt_sampler_trunc" "system.time" 
:278778:1111328:21181440:310:"vapply" "pmax" "logf" "pt_sampler_trunc" "system.time" 
:284040:1111328:22768592:430:"vapply" "pmax" "logf" "pt_rw_step_trunc" "pt_sampler_trunc" "system.time" 
:292138:1111328:25208680:660:"vapply" "pmax" "logf" "pt_rw_step_trunc" "pt_sampler_trunc" "system.time" 
:303138:1111328:28517272:892:"vapply" "pmax" "logf" "pt_rw_step_trunc" "pt_sampler_trunc" "system.time" 
:308740:1111328:30201528:455:"pt_sampler_trunc" "system.time" 
:325487:1111328:35253456:1371:"logf" "pt_rw_step_trunc" "pt_sampler_trunc" "system.time" 
:336329:1111328:38518816:885:"pt_rw_step_trunc" "pt_sampler_trunc" "system.time" 
:341503:1111328:40082672:427:"logf" "pt_rw_step_trunc" "pt_sampler_trunc" "system.time" 
:290033:1111328:24565072:955:"logf" "pt_sampler_trunc" "system.time" 
:295927:1111328:26337752:479:"vapply" "pmax" "logf" "pt_sampler_trunc" "system.time" 
:302873:1111328:28430472:566:"all" "pmax" "logf" "pt_rw_step_trunc" "pt_sampler_trunc" "system.time" 
:315258:1111328:32165224:1016:"Z_tail" "pt_rw_step_trunc" "pt_sampler_trunc" "system.time" 
:279323:1111328:21338576:2226:"pt_rw_step_trunc" "pt_sampler_trunc" "system.time" 
:296665:1111328:26559176:1414:"vapply" "pmax" "logf" "pt_rw_step_trunc" "pt_sampler_trunc" "system.time" 
:300972:1111328:27859384:354:"vapply" "pmax" "logf" "pt_rw_step_trunc" "pt_sampler_trunc" "system.time" 
:307843:1111328:29926176:558:"pmax" "logf" "pt_rw_step_trunc" "pt_sampler_trunc" "system.time" 
:314126:1111328:31821608:515:"pmax" "logf" "pt_rw_step_trunc" "pt_sampler_trunc" "system.time" 
:320093:1111328:33622456:490:"pt_rw_step_trunc" "pt_sampler_trunc" "system.time" 
:327163:1111328:35750176:577:"pmax" "logf" "pt_sampler_trunc" "system.time" 
:333339:1111328:37612568:504:"vapply" "pmax" "logf" "pt_rw_step_trunc" "pt_sampler_trunc" "system.time" 
:284274:1111328:22819720:1148:"vapply" "pmax" "logf" "pt_rw_step_trunc" "pt_sampler_trunc" "system.time" 
:290338:1111328:24648960:496:"vapply" "pmax" "logf" "pt_rw_step_trunc" "pt_sampler_trunc" "system.time" 
:295850:1111328:26308856:450:"pmax" "logf" "pt_rw_step_trunc" "pt_sampler_trunc" "system.time" 
:301509:1111328:28014280:462:"vapply" "pmax" "logf" "pt_rw_step_trunc" "pt_sampler_trunc" "system.time" 
:307577:1111328:29844864:497:"logf" "pt_rw_step_trunc" "pt_sampler_trunc" "system.time" 
:312860:1111328:31431568:427:"vapply" "pmax" "logf" "pt_sampler_trunc" "system.time" 
:320161:1111328:33634664:597:"pt_rw_step_trunc" "pt_sampler_trunc" "system.time" 
:334404:1111328:37922136:1160:"pt_sampler_trunc" "system.time" 
:341586:1111328:40082672:584:"pt_sampler_trunc" "system.time" 
:281868:1111328:22174768:325:"vapply" "pmax" "logf" "pt_rw_step_trunc" "pt_sampler_trunc" "system.time" 
:287533:1111328:23881592:462:"pmax" "logf" "pt_rw_step_trunc" "pt_sampler_trunc" "system.time" 
:298866:1111328:27292384:923:"logf" "pt_rw_step_trunc" "pt_sampler_trunc" "system.time" 
:323489:1111328:34711320:2015:"pmax" "logf" "pt_sampler_trunc" "system.time" 
:332358:1111328:37381176:721:"pt_sampler_trunc" "system.time" 
:338552:1111328:39246480:505:"pmax" "logf" "pt_rw_step_trunc" "pt_sampler_trunc" "system.time" 
:285389:1111328:23236920:841:"logf" "pt_rw_step_trunc" "pt_sampler_trunc" "system.time" 
:292181:1111328:25282824:554:"pt_sampler_trunc" "system.time" 
:306263:1111328:29523984:1147:"vapply" "pmax" "logf" "pt_rw_step_trunc" "pt_sampler_trunc" "system.time" 
:316305:1111328:32549328:819:"logf" "pt_rw_step_trunc" "pt_sampler_trunc" "system.time" 
:322973:1111328:34562808:548:"logf" "pt_rw_step_trunc" "pt_sampler_trunc" "system.time" 
:329274:1111328:36454712:510:"pt_sampler_trunc" "system.time" 
:335269:1111328:38261104:489:"vapply" "pmax" "logf" "pt_rw_step_trunc" "pt_sampler_trunc" "system.time" 
:280351:1111328:21710304:691:"Z_tail" "pt_rw_step_trunc" "pt_sampler_trunc" "system.time" 
:290820:1111328:24869488:860:"rnorm" "r_trunc_norm" "pt_rw_step_trunc" "pt_sampler_trunc" "system.time" 
:301742:1111328:28161840:894:"pt_rw_step_trunc" "pt_sampler_trunc" "system.time" 
:310707:1111328:30864512:732:"rnorm" "r_trunc_norm" "pt_rw_step_trunc" "pt_sampler_trunc" "system.time" 
:316825:1111328:32707360:500:"pt_rw_step_trunc" "pt_sampler_trunc" "system.time" 
:328526:1111328:36232056:956:"runif" "pt_sampler_trunc" "system.time" 
:337791:1111328:39018896:749:"FUN" "vapply" "pmax" "logf" "pt_rw_step_trunc" "pt_sampler_trunc" "system.time" 
:279333:1111328:21406896:408:"vapply" "pmax" "logf" "pt_rw_step_trunc" "pt_sampler_trunc" "system.time" 
:291889:1111328:25187736:1024:"logf" "pt_rw_step_trunc" "pt_sampler_trunc" "system.time" 
:282128:1111328:22243368:4377:"pt_sampler_trunc" "system.time" 
:294032:1111328:25828992:970:"logf" "pt_rw_step_trunc" "pt_sampler_trunc" "system.time" 
:340823:1111328:39925704:3820:"pt_sampler_trunc" "system.time" 
:286029:1111328:23409960:696:"list" "pt_rw_step_trunc" "pt_sampler_trunc" "system.time" 
:308274:1111328:30102632:1806:"pt_sampler_trunc" "system.time" 
:331731:1111328:37165576:1911:"FUN" "vapply" "pmax" "logf" "pt_rw_step_trunc" "pt_sampler_trunc" "system.time" 
:300267:1111328:27703032:2611:"logf" "pt_rw_step_trunc" "pt_sampler_trunc" "system.time" 
:322303:1111328:34329960:1788:"pmax" "logf" "pt_rw_step_trunc" "pt_sampler_trunc" "system.time" 
:315269:1111328:32213048:4595:"FUN" "vapply" "pmax" "logf" "pt_rw_step_trunc" "pt_sampler_trunc" "system.time" 
:337579:1111328:38927224:1814:"pnorm" "Z_tail" "pt_rw_step_trunc" "pt_sampler_trunc" "system.time" 
:289492:1111328:24442320:1249:"pt_sampler_trunc" "system.time" 
:332197:1111328:37306696:3483:"pmax" "logf" "pt_rw_step_trunc" "pt_sampler_trunc" "system.time" 
:289053:1111328:24312400:1652:"pnorm" "Z_tail" "pt_rw_step_trunc" "pt_sampler_trunc" "system.time" 
:329448:1111328:36457232:3274:"FUN" "vapply" "pmax" "logf" "pt_rw_step_trunc" "pt_sampler_trunc" "system.time" 
:335267:1111328:38206168:471:"logf" "pt_rw_step_trunc" "pt_sampler_trunc" "system.time" 
:279981:1111328:21571816:662:"pmax" "logf" "pt_rw_step_trunc" "pt_sampler_trunc" "system.time" 
:294753:1111328:26020904:1204:"rnorm" "r_trunc_norm" "pt_rw_step_trunc" "pt_sampler_trunc" "system.time" 
:302218:1111328:28267232:606:"rnorm" "r_trunc_norm" "pt_rw_step_trunc" "pt_sampler_trunc" "system.time" 
:336214:1111328:38511312:2777:"Z_tail" "pt_rw_step_trunc" "pt_sampler_trunc" "system.time" 
:288852:1111328:24243912:1304:"is.atomic" "FUN" "vapply" "pmax" "logf" "pt_rw_step_trunc" "pt_sampler_trunc" "system.time" 
:301939:1111328:28177856:1061:"pt_sampler_trunc" "system.time" 
:315432:1111328:32237912:1096:"pt_sampler_trunc" "system.time" 
:331184:1111328:36976800:1278:"logf" "pt_rw_step_trunc" "pt_sampler_trunc" "system.time" 
:279288:1111328:21354872:932:"logf" "pt_rw_step_trunc" "pt_sampler_trunc" "system.time" 
:286776:1111328:23607528:609:"pmax" "logf" "pt_rw_step_trunc" "pt_sampler_trunc" "system.time" 
:303661:1111328:28698376:1381:"pmax" "logf" "pt_sampler_trunc" "system.time" 
:311592:1111328:31091704:648:"pnorm" "Z_tail" "pt_rw_step_trunc" "pt_sampler_trunc" "system.time" 
:328801:1111328:36278312:1407:"pmax" "logf" "pt_rw_step_trunc" "pt_sampler_trunc" "system.time" 
:341454:1111328:40082672:1026:"FUN" "vapply" "pmax" "logf" "pt_rw_step_trunc" "pt_sampler_trunc" "system.time" 
:299929:1111328:27582912:1787:"runif" "pt_rw_step_trunc" "pt_sampler_trunc" "system.time" 
:313572:1111328:31689392:1111:"pmax" "logf" "pt_rw_step_trunc" "pt_sampler_trunc" "system.time" 
:319243:1111328:33398904:462:"vapply" "pmax" "logf" "pt_rw_step_trunc" "pt_sampler_trunc" "system.time" 
:336940:1111328:38736096:1451:"Z_tail" "pt_rw_step_trunc" "pt_sampler_trunc" "system.time" 
:341424:1111328:40082672:361:"FUN" "vapply" "pmax" "logf" "pt_rw_step_trunc" "pt_sampler_trunc" "system.time" 
:282847:1111328:22423464:384:"pmax" "logf" "pt_rw_step_trunc" "pt_sampler_trunc" "system.time" 
:293208:1111328:25543896:844:"pnorm" "Z_tail" "pt_rw_step_trunc" "pt_sampler_trunc" "system.time" 
:299975:1111328:27584480:555:"logf" "pt_rw_step_trunc" "pt_sampler_trunc" "system.time" 
:306025:1111328:29406272:494:"pt_sampler_trunc" "system.time" 
:313958:1111328:31793440:644:"pt_sampler_trunc" "system.time" 
:327294:1111328:35805672:1081:"vapply" "pmax" "logf" "pt_rw_step_trunc" "pt_sampler_trunc" "system.time" 
:335668:1111328:38330824:685:"logf" "pt_rw_step_trunc" "pt_sampler_trunc" "system.time" 
:288946:1111328:24251696:1350:"runif" "pt_sampler_trunc" "system.time" 
:310204:1111328:30658432:1738:"logf" "pt_rw_step_trunc" "pt_sampler_trunc" "system.time" 
:319550:1111328:33473776:765:"pmax" "logf" "pt_rw_step_trunc" "pt_sampler_trunc" "system.time" 
:305239:1111328:29153208:3994:"logf" "pt_rw_step_trunc" "pt_sampler_trunc" "system.time" 
:300067:1111328:27584872:4730:"vapply" "pmax" "logf" "pt_sampler_trunc" "system.time" 
:321923:1111328:34176520:1789:"Z_tail" "pt_rw_step_trunc" "pt_sampler_trunc" "system.time" 
:335908:1111328:38389904:1142:"pt_rw_step_trunc" "pt_sampler_trunc" "system.time" 
:341533:1111328:40082672:457:"logf" "pt_rw_step_trunc" "pt_sampler_trunc" "system.time" 
:281177:1111328:21898576:234:"vapply" "pmax" "logf" "pt_rw_step_trunc" "pt_sampler_trunc" "system.time" 
:290886:1111328:24821272:791:"rnorm" "r_trunc_norm" "pt_rw_step_trunc" "pt_sampler_trunc" "system.time" 
:296424:1111328:26488896:451:"vapply" "pmax" "logf" "pt_rw_step_trunc" "pt_sampler_trunc" "system.time" 
:299628:1111328:27456240:262:"Z_tail" "pt_rw_step_trunc" "pt_sampler_trunc" "system.time" 
:302873:1111328:28427280:260:"pmax" "logf" "pt_sampler_trunc" "system.time" 
:306373:1111328:29481760:285:"pt_rw_step_trunc" "pt_sampler_trunc" "system.time" 
:313521:1111328:31641456:588:"pnorm" "Z_tail" "pt_rw_step_trunc" "pt_sampler_trunc" "system.time" 
:317126:1111328:32723824:293:"vapply" "pmax" "logf" "pt_sampler_trunc" "system.time" 
:335741:1111328:38330768:1516:"FUN" "vapply" "pmax" "logf" "pt_rw_step_trunc" "pt_sampler_trunc" "system.time" 
:341550:1111328:40082672:476:"logf" "pt_rw_step_trunc" "pt_sampler_trunc" "system.time" 
:284653:1111328:22947624:520:"vapply" "pmax" "logf" "pt_rw_step_trunc" "pt_sampler_trunc" "system.time" 
:291251:1111328:24929520:536:"logf" "pt_sampler_trunc" "system.time" 
:298718:1111328:27185256:613:"pmax" "logf" "pt_rw_step_trunc" "pt_sampler_trunc" "system.time" 
:305180:1111328:29136800:531:"vapply" "pmax" "logf" "pt_rw_step_trunc" "pt_sampler_trunc" "system.time" 
:311435:1111328:31018064:508:"pnorm" "Z_tail" "pt_rw_step_trunc" "pt_sampler_trunc" "system.time" 
:320918:1111328:33876528:776:"match.fun" "vapply" "pmax" "logf" "pt_rw_step_trunc" "pt_sampler_trunc" "system.time" 
:326743:1111328:35633024:476:"vapply" "pmax" "logf" "pt_rw_step_trunc" "pt_sampler_trunc" "system.time" 
:333273:1111328:37603944:535:"pmax" "logf" "pt_rw_step_trunc" "pt_sampler_trunc" "system.time" 
:285389:1111328:23161880:1248:"mostattributes<-" "pmax" "logf" "pt_rw_step_trunc" "pt_sampler_trunc" "system.time" 
:301253:1111328:27943552:1298:"pt_sampler_trunc" "system.time" 
:317435:1111328:32822496:1322:"logf" "pt_rw_step_trunc" "pt_sampler_trunc" "system.time" 
:325012:1111328:35109424:623:"any" "logf" "pt_rw_step_trunc" "pt_sampler_trunc" "system.time" 
:331618:1111328:37094288:534:"vapply" "pmax" "logf" "pt_rw_step_trunc" "pt_sampler_trunc" "system.time" 
:336403:1111328:38540712:395:"logf" "pt_rw_step_trunc" "pt_sampler_trunc" "system.time" 
:277882:1111328:20974464:415:"logf" "pt_rw_step_trunc" "pt_sampler_trunc" "system.time" 
:293063:1111328:25547424:1240:"pmax" "logf" "pt_sampler_trunc" "system.time" 
:302705:1111328:28447776:779:"mostattributes<-" "pmax" "logf" "pt_rw_step_trunc" "pt_sampler_trunc" "system.time" 
:312445:1111328:31380608:795:"pmax" "logf" "pt_rw_step_trunc" "pt_sampler_trunc" "system.time" 
:317361:1111328:32857048:395:"logf" "pt_rw_step_trunc" "pt_sampler_trunc" "system.time" 
:321917:1111328:34228264:372:"logf" "pt_sampler_trunc" "system.time" 
:326758:1111328:35684880:392:"mostattributes<-" "pmax" "logf" "pt_rw_step_trunc" "pt_sampler_trunc" "system.time" 
:332057:1111328:37278640:431:"vapply" "pmax" "logf" "pt_rw_step_trunc" "pt_sampler_trunc" "system.time" 
:293640:1111328:25710384:2039:"runif" "pt_rw_step_trunc" "pt_sampler_trunc" "system.time" 
:301604:1111328:28107408:650:"pt_sampler_trunc" "system.time" 
:308500:1111328:30182880:560:"pt_rw_step_trunc" "pt_sampler_trunc" "system.time" 
:313369:1111328:31648400:396:"Z_tail" "pt_rw_step_trunc" "pt_sampler_trunc" "system.time" 
:319227:1111328:33411672:477:"is.atomic" "FUN" "vapply" "pmax" "logf" "pt_rw_step_trunc" "pt_sampler_trunc" "system.time" 
:331044:1111328:36963696:957:"pmax" "logf" "pt_rw_step_trunc" "pt_sampler_trunc" "system.time" 
:337731:1111328:38976728:545:"pmax" "logf" "pt_rw_step_trunc" "pt_sampler_trunc" "system.time" 
:341395:1111328:40082672:301:"pmax" "logf" "pt_rw_step_trunc" "pt_sampler_trunc" "system.time" 
:298724:1111328:27240416:1692:"logf" "pt_sampler_trunc" "system.time" 
:310243:1111328:30706872:937:"logf" "pt_sampler_trunc" "system.time" 
:316449:1111328:32577496:506:"logf" "pt_rw_step_trunc" "pt_sampler_trunc" "system.time" 
:320113:1111328:33684728:302:"logf" "pt_rw_step_trunc" "pt_sampler_trunc" "system.time" 
:324856:1111328:35114912:386:"pnorm" "Z_tail" "pt_rw_step_trunc" "pt_sampler_trunc" "system.time" 
:330886:1111328:36929816:490:"FUN" "vapply" "pmax" "logf" "pt_rw_step_trunc" "pt_sampler_trunc" "system.time" 
:335823:1111328:38418856:407:"logf" "pt_sampler_trunc" "system.time" 
:341330:1111328:40082672:452:"pmax" "logf" "pt_rw_step_trunc" "pt_sampler_trunc" "system.time" 
:290727:1111328:24829392:1041:"vapply" "pmax" "logf" "pt_rw_step_trunc" "pt_sampler_trunc" "system.time" 
:303198:1111328:28590296:1022:"pmax" "logf" "pt_rw_step_trunc" "pt_sampler_trunc" "system.time" 
:309455:1111328:30474416:512:"pt_rw_step_trunc" "pt_sampler_trunc" "system.time" 
:320674:1111328:33853288:916:"any" "logf" "pt_rw_step_trunc" "pt_sampler_trunc" "system.time" 
:327088:1111328:35775768:516:"vapply" "pmax" "logf" "pt_sampler_trunc" "system.time" 
:284565:1111328:22975792:1710:"vapply" "pmax" "logf" "pt_rw_step_trunc" "pt_sampler_trunc" "system.time" 
:292673:1111328:25418064:660:"FUN" "vapply" "pmax" "logf" "pt_rw_step_trunc" "pt_sampler_trunc" "system.time" 
:301066:1111328:27947304:687:"list" "pt_rw_step_trunc" "pt_sampler_trunc" "system.time" 
:316623:1111328:32645592:1277:"pnorm" "Z_tail" "pt_rw_step_trunc" "pt_sampler_trunc" "system.time" 
:323157:1111328:34617240:537:"all" "pmax" "logf" "pt_rw_step_trunc" "pt_sampler_trunc" "system.time" 
:329247:1111328:36450456:497:"is.atomic" "FUN" "vapply" "pmax" "logf" "pt_sampler_trunc" "system.time" 
:341309:1111328:40082672:982:"Z_tail" "pt_rw_step_trunc" "pt_sampler_trunc" "system.time" 
:286610:1111328:23587256:705:"pmax" "logf" "pt_rw_step_trunc" "pt_sampler_trunc" "system.time" 
:296817:1111328:26668208:838:"logf" "pt_rw_step_trunc" "pt_sampler_trunc" "system.time" 
:306999:1111328:29733928:829:"vapply" "pmax" "logf" "pt_rw_step_trunc" "pt_sampler_trunc" "system.time" 
:324664:1111328:35059752:1445:"pt_sampler_trunc" "system.time" 
:331525:1111328:37129400:561:"vapply" "pmax" "logf" "pt_rw_step_trunc" "pt_sampler_trunc" "system.time" 
:341353:1111328:40082672:795:"logf" "pt_rw_step_trunc" "pt_sampler_trunc" "system.time" 
:286587:1111328:23572584:699:"logf" "pt_rw_step_trunc" "pt_sampler_trunc" "system.time" 
:304764:1111328:29052408:1486:"logf" "pt_rw_step_trunc" "pt_sampler_trunc" "system.time" 
:318331:1111328:33141472:1106:"vapply" "pmax" "logf" "pt_rw_step_trunc" "pt_sampler_trunc" "system.time" 
:338012:1111328:39069072:1606:"logf" "pt_rw_step_trunc" "pt_sampler_trunc" "system.time" 
:278668:1111328:21188496:326:"pmax" "logf" "pt_rw_step_trunc" "pt_sampler_trunc" "system.time" 
:299568:1111328:27485696:1704:"vapply" "pmax" "logf" "pt_rw_step_trunc" "pt_sampler_trunc" "system.time" 
:324597:1111328:35011928:2028:"pmax" "logf" "pt_rw_step_trunc" "pt_sampler_trunc" "system.time" 
:284628:1111328:22980776:1905:"pt_rw_step_trunc" "pt_sampler_trunc" "system.time" 
:319538:1111328:33503960:2852:"logf" "pt_rw_step_trunc" "pt_sampler_trunc" "system.time" 
:336680:1111328:38669344:1402:"pt_sampler_trunc" "system.time" 
:281311:1111328:21979272:648:"r_trunc_norm" "pt_rw_step_trunc" "pt_sampler_trunc" "system.time" 
:295496:1111328:26253192:1158:"rnorm" "r_trunc_norm" "pt_rw_step_trunc" "pt_sampler_trunc" "system.time" 
:312645:1111328:31419136:1398:"r_trunc_norm" "pt_rw_step_trunc" "pt_sampler_trunc" "system.time" 
:278677:1111328:21182168:2396:"logf" "pt_rw_step_trunc" "pt_sampler_trunc" "system.time" 
:301296:1111328:27990592:1840:"pt_rw_step_trunc" "pt_sampler_trunc" "system.time" 
:312040:1111328:31222576:873:"pmax" "logf" "pt_rw_step_trunc" "pt_sampler_trunc" "system.time" 
:330467:1111328:36779960:1509:"pt_rw_step_trunc" "pt_sampler_trunc" "system.time" 
:296865:1111328:26653760:2420:"mostattributes<-" "pmax" "logf" "pt_rw_step_trunc" "pt_sampler_trunc" "system.time" 
:320449:1111328:33756464:1924:"logf" "pt_rw_step_trunc" "pt_sampler_trunc" "system.time" 
:341456:1111328:40082672:1711:"vapply" "pmax" "logf" "pt_rw_step_trunc" "pt_sampler_trunc" "system.time" 
:285705:1111328:23289840:617:"pt_sampler_trunc" "system.time" 
:315344:1111328:32202576:2403:"vapply" "pmax" "logf" "pt_rw_step_trunc" "pt_sampler_trunc" "system.time" 
:339149:1111328:39377856:1944:"vapply" "pmax" "logf" "pt_rw_step_trunc" "pt_sampler_trunc" "system.time" 
:284016:1111328:22777104:667:"pt_rw_step_trunc" "pt_sampler_trunc" "system.time" 
:302855:1111328:28448336:1533:"pmax" "logf" "pt_rw_step_trunc" "pt_sampler_trunc" "system.time" 
:333390:1111328:37637824:2485:"pt_sampler_trunc" "system.time" 
:284634:1111328:22955744:1184:"pmax" "logf" "pt_sampler_trunc" "system.time" 
:290464:1111328:24709888:474:"logf" "pt_sampler_trunc" "system.time" 
:305335:1111328:29191960:1214:"pt_sampler_trunc" "system.time" 
:287229:1111328:23733248:3682:"pt_sampler_trunc" "system.time" 
:298097:1111328:27003704:884:"pt_sampler_trunc" "system.time" 
:310044:1111328:30597504:969:"logf" "pt_rw_step_trunc" "pt_sampler_trunc" "system.time" 
:341566:1111328:40074272:2554:"is.atomic" "FUN" "vapply" "pmax" "logf" "pt_rw_step_trunc" "pt_sampler_trunc" "system.time" 
:299641:1111328:27460888:1736:"FUN" "vapply" "pmax" "logf" "pt_rw_step_trunc" "pt_sampler_trunc" "system.time" 
:306169:1111328:29428224:534:"vapply" "pmax" "logf" "pt_rw_step_trunc" "pt_sampler_trunc" "system.time" 
:316999:1111328:32686752:881:"logf" "pt_rw_step_trunc" "pt_sampler_trunc" "system.time" 
:330018:1111328:36611792:1065:"pt_rw_step_trunc" "pt_sampler_trunc" "system.time" 
:337716:1111328:38927224:623:"pnorm" "Z_tail" "pt_rw_step_trunc" "pt_sampler_trunc" "system.time" 
:282758:1111328:22381688:675:"FUN" "vapply" "pmax" "logf" "pt_rw_step_trunc" "pt_sampler_trunc" "system.time" 
:292349:1111328:25273808:785:"pt_sampler_trunc" "system.time" 
:299348:1111328:27375152:564:"runif" "pt_rw_step_trunc" "pt_sampler_trunc" "system.time" 
:309936:1111328:30563456:861:"FUN" "vapply" "pmax" "logf" "pt_rw_step_trunc" "pt_sampler_trunc" "system.time" 
:323696:1111328:34705776:1122:"logf" "pt_rw_step_trunc" "pt_sampler_trunc" "system.time" 
:331850:1111328:37162888:665:"logf" "pt_rw_step_trunc" "pt_sampler_trunc" "system.time" 
:338622:1111328:39203640:553:"pmax" "logf" "pt_rw_step_trunc" "pt_sampler_trunc" "system.time" 
:281815:1111328:22093120:523:"pt_sampler_trunc" "system.time" 
:290633:1111328:24745392:715:"pnorm" "Z_tail" "pt_rw_step_trunc" "pt_sampler_trunc" "system.time" 
:298017:1111328:26974472:608:"pmax" "logf" "pt_rw_step_trunc" "pt_sampler_trunc" "system.time" 
:305720:1111328:29294552:628:"pnorm" "Z_tail" "pt_rw_step_trunc" "pt_sampler_trunc" "system.time" 
:311879:1111328:31150672:505:"pt_rw_step_trunc" "pt_sampler_trunc" "system.time" 
:328426:1111328:36135232:1348:"pt_rw_step_trunc" "pt_sampler_trunc" "system.time" 
:335595:1111328:38301200:590:"rnorm" "r_trunc_norm" "pt_rw_step_trunc" "pt_sampler_trunc" "system.time" 
:278526:1111328:21100688:499:"vapply" "pmax" "logf" "pt_sampler_trunc" "system.time" 
:285171:1111328:23099552:539:"rnorm" "r_trunc_norm" "pt_rw_step_trunc" "pt_sampler_trunc" "system.time" 
:303004:1111328:28474376:1456:"pmax" "logf" "pt_rw_step_trunc" "pt_sampler_trunc" "system.time" 
:310477:1111328:30722664:607:"pt_rw_step_trunc" "pt_sampler_trunc" "system.time" 
:317482:1111328:32834200:571:"r_trunc_norm" "pt_rw_step_trunc" "pt_sampler_trunc" "system.time" 
:323770:1111328:34730696:514:"pnorm" "Z_tail" "pt_rw_step_trunc" "pt_sampler_trunc" "system.time" 
:334377:1111328:37919168:861:"pmax" "logf" "pt_rw_step_trunc" "pt_sampler_trunc" "system.time" 
:340593:1111328:39793656:510:"logf" "pt_rw_step_trunc" "pt_sampler_trunc" "system.time" 
:288830:1111328:24202416:936:"all" "pmax" "logf" "pt_rw_step_trunc" "pt_sampler_trunc" "system.time" 
:298309:1111328:27057520:774:"pmax" "logf" "pt_rw_step_trunc" "pt_sampler_trunc" "system.time" 
:314099:1111328:31803464:1278:"FUN" "vapply" "pmax" "logf" "pt_rw_step_trunc" "pt_sampler_trunc" "system.time" 
:320278:1111328:33664456:505:"pt_rw_step_trunc" "pt_sampler_trunc" "system.time" 
:328825:1111328:36235864:695:"pmax" "logf" "pt_rw_step_trunc" "pt_sampler_trunc" "system.time" 
:285728:1111328:23333016:1679:"pt_sampler_trunc" "system.time" 
:294521:1111328:25978512:715:"match.fun" "vapply" "pmax" "logf" "pt_rw_step_trunc" "pt_sampler_trunc" "system.time" 
:316031:1111328:32433800:1734:"pmax" "logf" "pt_rw_step_trunc" "pt_sampler_trunc" "system.time" 
:341420:1111328:40082672:2072:"logf" "pt_sampler_trunc" "system.time" 
:292621:1111328:25408376:1198:"match.fun" "vapply" "pmax" "logf" "pt_rw_step_trunc" "pt_sampler_trunc" "system.time" 
:314893:1111328:32121712:1820:"is.atomic" "FUN" "vapply" "pmax" "logf" "pt_rw_step_trunc" "pt_sampler_trunc" "system.time" 
:330155:1111328:36709288:1239:"r_trunc_norm" "pt_rw_step_trunc" "pt_sampler_trunc" "system.time" 
:337404:1111328:38894520:592:"pnorm" "Z_tail" "pt_rw_step_trunc" "pt_sampler_trunc" "system.time" 
:341366:1111328:40082672:320:"r_trunc_norm" "pt_rw_step_trunc" "pt_sampler_trunc" "system.time" 
:293834:1111328:25781672:1303:"FUN" "vapply" "pmax" "logf" "pt_rw_step_trunc" "pt_sampler_trunc" "system.time" 
:287502:1111328:23867424:4655:"runif" "pt_rw_step_trunc" "pt_sampler_trunc" "system.time" 
:294825:1111328:26066656:593:"logf" "pt_sampler_trunc" "system.time" 
:301823:1111328:28175896:570:"Z_tail" "pt_rw_step_trunc" "pt_sampler_trunc" "system.time" 
:309506:1111328:30486400:624:"Z_tail" "pt_rw_step_trunc" "pt_sampler_trunc" "system.time" 
:317337:1111328:32848984:644:"is.atomic" "FUN" "vapply" "pmax" "logf" "pt_rw_step_trunc" "pt_sampler_trunc" "system.time" 
:324154:1111328:34897912:554:"logf" "pt_rw_step_trunc" "pt_sampler_trunc" "system.time" 
:335858:1111328:38430672:959:"pmax" "logf" "pt_rw_step_trunc" "pt_sampler_trunc" "system.time" 
:341347:1111328:40082672:446:"mostattributes<-" "pmax" "logf" "pt_rw_step_trunc" "pt_sampler_trunc" "system.time" 
:290897:1111328:24886568:1061:"match.fun" "vapply" "pmax" "logf" "pt_rw_step_trunc" "pt_sampler_trunc" "system.time" 
:300504:1111328:27777064:781:"pt_rw_step_trunc" "pt_sampler_trunc" "system.time" 
:307793:1111328:29981840:602:"pt_rw_step_trunc" "pt_sampler_trunc" "system.time" 
:319120:1111328:33394984:925:"pmax" "logf" "pt_rw_step_trunc" "pt_sampler_trunc" "system.time" 
:324508:1111328:35017416:440:"vapply" "pmax" "logf" "pt_rw_step_trunc" "pt_sampler_trunc" "system.time" 
:331486:1111328:37118032:569:"runif" "pt_sampler_trunc" "system.time" 
:341349:1111328:40082672:797:"vapply" "pmax" "logf" "pt_rw_step_trunc" "pt_sampler_trunc" "system.time" 
:282501:1111328:22351728:371:"pmax" "logf" "pt_sampler_trunc" "system.time" 
:310927:1111328:30905896:2310:"pt_rw_step_trunc" "pt_sampler_trunc" "system.time" 
:325699:1111328:35346640:1199:"pmax" "logf" "pt_sampler_trunc" "system.time" 
:335734:1111328:38367000:816:"pnorm" "Z_tail" "pt_rw_step_trunc" "pt_sampler_trunc" "system.time" 
:282246:1111328:22274616:815:"pt_rw_step_trunc" "pt_sampler_trunc" "system.time" 
:289937:1111328:24588704:627:"match.fun" "vapply" "pmax" "logf" "pt_rw_step_trunc" "pt_sampler_trunc" "system.time" 
:295649:1111328:26306840:464:"logf" "pt_rw_step_trunc" "pt_sampler_trunc" "system.time" 
:309733:1111328:30551528:1149:"pt_sampler_trunc" "system.time" 
:327600:1111328:35935704:1459:"FUN" "vapply" "pmax" "logf" "pt_rw_step_trunc" "pt_sampler_trunc" "system.time" 
:284907:1111328:23070432:1687:"logf" "pt_sampler_trunc" "system.time" 
:296952:1111328:26695312:978:"logf" "pt_rw_step_trunc" "pt_sampler_trunc" "system.time" 
:305330:1111328:29217048:683:"pmax" "logf" "pt_rw_step_trunc" "pt_sampler_trunc" "system.time" 
:316010:1111328:32438000:876:"pmax" "logf" "pt_rw_step_trunc" "pt_sampler_trunc" "system.time" 
:332200:1111328:37308320:1316:"FUN" "vapply" "pmax" "logf" "pt_rw_step_trunc" "pt_sampler_trunc" "system.time" 
:341407:1111328:40082672:750:"is.atomic" "FUN" "vapply" "pmax" "logf" "pt_rw_step_trunc" "pt_sampler_trunc" "system.time" 
:297209:1111328:26763464:1558:"logf" "pt_rw_step_trunc" "pt_sampler_trunc" "system.time" 
:303858:1111328:28770336:545:"rnorm" "r_trunc_norm" "pt_rw_step_trunc" "pt_sampler_trunc" "system.time" 
:319561:1111328:33496176:1276:"mostattributes<-" "pmax" "logf" "pt_rw_step_trunc" "pt_sampler_trunc" "system.time" 
:326187:1111328:35495096:542:"pt_rw_step_trunc" "pt_sampler_trunc" "system.time" 
:339154:1111328:39404064:1062:"logf" "pt_rw_step_trunc" "pt_sampler_trunc" "system.time" 
:284576:1111328:22959440:713:"pmax" "logf" "pt_sampler_trunc" "system.time" 
:298515:1111328:27164816:1141:"pt_rw_step_trunc" "pt_sampler_trunc" "system.time" 
:304127:1111328:28855176:458:"mostattributes<-" "pmax" "logf" "pt_rw_step_trunc" "pt_sampler_trunc" "system.time" 
:308155:1111328:30065056:325:"vapply" "pmax" "logf" "pt_rw_step_trunc" "pt_sampler_trunc" "system.time" 
:319622:1111328:33523896:939:"logf" "pt_rw_step_trunc" "pt_sampler_trunc" "system.time" 
:336237:1111328:38531080:1358:"pt_sampler_trunc" "system.time" 
:341380:1111328:40082672:421:"vapply" "pmax" "logf" "pt_rw_step_trunc" "pt_sampler_trunc" "system.time" 
:284432:1111328:22914304:517:"logf" "pt_sampler_trunc" "system.time" 
:293776:1111328:25727744:760:"mostattributes<-" "pmax" "logf" "pt_rw_step_trunc" "pt_sampler_trunc" "system.time" 
:300508:1111328:27758696:553:"logf" "pt_rw_step_trunc" "pt_sampler_trunc" "system.time" 
:312163:1111328:31277848:957:"list" "pt_rw_step_trunc" "pt_sampler_trunc" "system.time" 
:318157:1111328:33082560:489:"vapply" "pmax" "logf" "pt_rw_step_trunc" "pt_sampler_trunc" "system.time" 
:330881:1111328:36919848:1042:"any" "logf" "pt_rw_step_trunc" "pt_sampler_trunc" "system.time" 
:279395:1111328:21388248:962:"logf" "pt_rw_step_trunc" "pt_sampler_trunc" "system.time" 
:295069:1111328:26110392:1279:"pnorm" "Z_tail" "pt_rw_step_trunc" "pt_sampler_trunc" "system.time" 
:301236:1111328:27961696:501:"pmax" "logf" "pt_sampler_trunc" "system.time" 
:307742:1111328:29918560:527:"pt_sampler_trunc" "system.time" 
:317395:1111328:32830672:792:"pt_rw_step_trunc" "pt_sampler_trunc" "system.time" 
:323147:1111328:34563704:468:"runif" "pt_rw_step_trunc" "pt_sampler_trunc" "system.time" 
:335693:1111328:38341800:1024:"pmax" "logf" "pt_sampler_trunc" "system.time" 
:341487:1111328:40082672:469:"vapply" "pmax" "logf" "pt_sampler_trunc" "system.time" 
:285902:1111328:23348192:632:"logf" "pt_rw_step_trunc" "pt_sampler_trunc" "system.time" 
:301469:1111328:28029736:1266:"logf" "pt_rw_step_trunc" "pt_sampler_trunc" "system.time" 
:312985:1111328:31490592:932:"pmax" "logf" "pt_rw_step_trunc" "pt_sampler_trunc" "system.time" 
:318716:1111328:33216736:467:"logf" "pt_rw_step_trunc" "pt_sampler_trunc" "system.time" 
:331618:1111328:37101344:1054:"pt_sampler_trunc" "system.time" 
:336160:1111328:38464552:366:"list" "pt_rw_step_trunc" "pt_sampler_trunc" "system.time" 
:278440:1111328:21095592:457:"pmax" "logf" "pt_rw_step_trunc" "pt_sampler_trunc" "system.time" 
:285951:1111328:23363816:617:"pt_rw_step_trunc" "pt_sampler_trunc" "system.time" 
:293161:1111328:25531688:585:"vapply" "pmax" "logf" "pt_rw_step_trunc" "pt_sampler_trunc" "system.time" 
:307334:1111328:29800792:1153:"pnorm" "Z_tail" "pt_rw_step_trunc" "pt_sampler_trunc" "system.time" 
:314239:1111328:31881192:566:"pt_rw_step_trunc" "pt_sampler_trunc" "system.time" 
:320695:1111328:33827416:526:"pnorm" "Z_tail" "pt_rw_step_trunc" "pt_sampler_trunc" "system.time" 
:326594:1111328:35606760:483:"vapply" "pmax" "logf" "pt_rw_step_trunc" "pt_sampler_trunc" "system.time" 
:334237:1111328:37910208:624:"vapply" "pmax" "logf" "pt_rw_step_trunc" "pt_sampler_trunc" "system.time" 
:339843:1111328:39601968:459:"all" "pmax" "logf" "pt_rw_step_trunc" "pt_sampler_trunc" "system.time" 
:278794:1111328:21201432:178:"mostattributes<-" "pmax" "logf" "pt_rw_step_trunc" "pt_sampler_trunc" "system.time" 
:288403:1111328:24096296:785:"logf" "pt_rw_step_trunc" "pt_sampler_trunc" "system.time" 
:308868:1111328:30253384:1664:"logf" "pt_rw_step_trunc" "pt_sampler_trunc" "system.time" 
:319661:1111328:33502392:879:"r_trunc_norm" "pt_rw_step_trunc" "pt_sampler_trunc" "system.time" 
:328578:1111328:36190896:729:"vapply" "pmax" "logf" "pt_rw_step_trunc" "pt_sampler_trunc" "system.time" 
:286669:1111328:23567376:1742:"Z_tail" "pt_rw_step_trunc" "pt_sampler_trunc" "system.time" 
:297828:1111328:26931072:913:"mostattributes<-" "pmax" "logf" "pt_sampler_trunc" "system.time" 
:308765:1111328:30226784:894:"pt_sampler_trunc" "system.time" 
:316158:1111328:32453456:601:"vapply" "pmax" "logf" "pt_rw_step_trunc" "pt_sampler_trunc" "system.time" 
:282705:1111328:22376256:2435:"pt_sampler_trunc" "system.time" 
:295934:1111328:26355728:1075:"logf" "pt_rw_step_trunc" "pt_sampler_trunc" "system.time" 
:299538:1111328:27440168:294:"FUN" "vapply" "pmax" "logf" "pt_rw_step_trunc" "pt_sampler_trunc" "system.time" 
:310630:1111328:30781408:905:"rnorm" "r_trunc_norm" "pt_rw_step_trunc" "pt_sampler_trunc" "system.time" 
:317763:1111328:32929456:584:"pmax" "logf" "pt_sampler_trunc" "system.time" 
:323236:1111328:34581176:448:"logf" "pt_rw_step_trunc" "pt_sampler_trunc" "system.time" 
:328153:1111328:36061592:400:"logf" "pt_rw_step_trunc" "pt_sampler_trunc" "system.time" 
:333748:1111328:37748984:458:"pt_rw_step_trunc" "pt_sampler_trunc" "system.time" 
:287084:1111328:23687720:1350:"rnorm" "r_trunc_norm" "pt_rw_step_trunc" "pt_sampler_trunc" "system.time" 
:292905:1111328:25439456:475:"pmax" "logf" "pt_rw_step_trunc" "pt_sampler_trunc" "system.time" 
:300988:1111328:27873440:659:"list" "pt_rw_step_trunc" "pt_sampler_trunc" "system.time" 
:307614:1111328:29869840:541:"vapply" "pmax" "logf" "pt_rw_step_trunc" "pt_sampler_trunc" "system.time" 
:314021:1111328:31799712:523:"pmax" "logf" "pt_rw_step_trunc" "pt_sampler_trunc" "system.time" 
:331605:1111328:37094624:1435:"logf" "pt_rw_step_trunc" "pt_sampler_trunc" "system.time" 
:336636:1111328:38608304:408:"FUN" "vapply" "pmax" "logf" "pt_rw_step_trunc" "pt_sampler_trunc" "system.time" 
:341535:1111328:40082672:397:"logf" "pt_rw_step_trunc" "pt_sampler_trunc" "system.time" 
:296225:1111328:26445440:1472:"pt_rw_step_trunc" "pt_sampler_trunc" "system.time" 
:306659:1111328:29586816:849:"vapply" "pmax" "logf" "pt_rw_step_trunc" "pt_sampler_trunc" "system.time" 
:320139:1111328:33650176:1102:"all" "pmax" "logf" "pt_rw_step_trunc" "pt_sampler_trunc" "system.time" 
:280926:1111328:21826056:1955:"pt_rw_step_trunc" "pt_sampler_trunc" "system.time" 
:286453:1111328:23490096:450:"pt_sampler_trunc" "system.time" 
:294385:1111328:25880288:649:"logf" "pt_sampler_trunc" "system.time" 
:314753:1111328:32012848:1658:"logf" "pt_rw_step_trunc" "pt_sampler_trunc" "system.time" 
:321698:1111328:34108200:570:"vapply" "pmax" "logf" "pt_rw_step_trunc" "pt_sampler_trunc" "system.time" 
:331286:1111328:36997520:784:"FUN" "vapply" "pmax" "logf" "pt_rw_step_trunc" "pt_sampler_trunc" "system.time" 
:292483:1111328:25307688:1992:"vapply" "pmax" "logf" "pt_rw_step_trunc" "pt_sampler_trunc" "system.time" 
:301071:1111328:27895616:702:"FUN" "vapply" "pmax" "logf" "pt_rw_step_trunc" "pt_sampler_trunc" "system.time" 
:311238:1111328:30966824:837:"pmax" "logf" "pt_rw_step_trunc" "pt_sampler_trunc" "system.time" 
:330493:1111328:36768480:1574:"Z_tail" "pt_rw_step_trunc" "pt_sampler_trunc" "system.time" 
:337459:1111328:38861368:563:"Z_tail" "pt_rw_step_trunc" "pt_sampler_trunc" "system.time" 
:341501:1111328:40082672:332:"all" "pmax" "logf" "pt_rw_step_trunc" "pt_sampler_trunc" "system.time" 
:341501:1111328:40082672:0:"all" "pmax" "logf" "pt_rw_step_trunc" "pt_sampler_trunc" "system.time" 
:341501:1111328:40082672:0:"all" "pmax" "logf" "pt_rw_step_trunc" "pt_sampler_trunc" "system.time" 
:341501:1111328:40082672:0:"all" "pmax" "logf" "pt_rw_step_trunc" "pt_sampler_trunc" "system.time" 
:341501:1111328:40082672:0:"all" "pmax" "logf" "pt_rw_step_trunc" "pt_sampler_trunc" "system.time" 
:341501:1111328:40082672:0:"all" "pmax" "logf" "pt_rw_step_trunc" "pt_sampler_trunc" "system.time" 
:277881:1111328:20974744:0:"all" "pmax" "logf" "pt_rw_step_trunc" "pt_sampler_trunc" "system.time" 
:283738:1111328:22742048:480:"vapply" "pmax" "logf" "pt_rw_step_trunc" "pt_sampler_trunc" "system.time" 
:304925:1111328:29120336:1724:"vapply" "pmax" "logf" "pt_rw_step_trunc" "pt_sampler_trunc" "system.time" 
:314217:1111328:31907568:748:"FUN" "vapply" "pmax" "logf" "pt_rw_step_trunc" "pt_sampler_trunc" "system.time" 
:324912:1111328:35134960:877:"pmax" "logf" "pt_rw_step_trunc" "pt_sampler_trunc" "system.time" 
:329660:1111328:36562960:385:"vapply" "pmax" "logf" "pt_rw_step_trunc" "pt_sampler_trunc" "system.time" 
:334435:1111328:38000312:389:"logf" "pt_rw_step_trunc" "pt_sampler_trunc" "system.time" 
:295185:1111328:26172608:1969:"pmax" "logf" "pt_rw_step_trunc" "pt_sampler_trunc" "system.time" 
:310900:1111328:30899680:1278:"pmax" "logf" "pt_sampler_trunc" "system.time" 
:341396:1111328:40082672:2488:"logf" "pt_rw_step_trunc" "pt_sampler_trunc" "system.time" 
:284707:1111328:23021040:552:"vapply" "pmax" "logf" "pt_sampler_trunc" "system.time" 
:310979:1111328:30929192:2135:"rnorm" "r_trunc_norm" "pt_rw_step_trunc" "pt_sampler_trunc" "system.time" 
:332097:1111328:37293648:1724:"logf" "pt_rw_step_trunc" "pt_sampler_trunc" "system.time" 
:281645:1111328:22093176:1052:"any" "logf" "pt_sampler_trunc" "system.time" 
:289801:1111328:24553200:668:"logf" "pt_rw_step_trunc" "pt_sampler_trunc" "system.time" 
:304076:1111328:28853720:1165:"FUN" "vapply" "pmax" "logf" "pt_rw_step_trunc" "pt_sampler_trunc" "system.time" 
:327469:1111328:35893592:1905:"pmax" "logf" "pt_sampler_trunc" "system.time" 
:281728:1111328:22119216:1442:"pt_sampler_trunc" "system.time" 
:296894:1111328:26689152:1239:"logf" "pt_rw_step_trunc" "pt_sampler_trunc" "system.time" 
:302621:1111328:28410592:462:"vapply" "pmax" "logf" "pt_rw_step_trunc" "pt_sampler_trunc" "system.time" 
:308530:1111328:30187976:480:"vapply" "pmax" "logf" "pt_rw_step_trunc" "pt_sampler_trunc" "system.time" 
:341396:1111328:40082672:2676:"pmax" "logf" "pt_rw_step_trunc" "pt_sampler_trunc" "system.time" 
:288910:1111328:24282160:892:"vapply" "pmax" "logf" "pt_rw_step_trunc" "pt_sampler_trunc" "system.time" 
:335481:1111328:38315536:3805:"pt_sampler_trunc" "system.time" 
:292648:1111328:25405520:1675:"FUN" "vapply" "pmax" "logf" "pt_rw_step_trunc" "pt_sampler_trunc" "system.time" 
:300276:1111328:27707792:628:"vapply" "pmax" "logf" "pt_rw_step_trunc" "pt_sampler_trunc" "system.time" 
:324747:1111328:35075264:1994:"FUN" "vapply" "pmax" "logf" "pt_rw_step_trunc" "pt_sampler_trunc" "system.time" 
:341365:1111328:40082672:1357:"pmax" "logf" "pt_rw_step_trunc" "pt_sampler_trunc" "system.time" 
:284027:1111328:22800624:489:"vapply" "pmax" "logf" "pt_rw_step_trunc" "pt_sampler_trunc" "system.time" 
:290529:1111328:24757600:529:"logf" "pt_rw_step_trunc" "pt_sampler_trunc" "system.time" 
:298092:1111328:27034672:616:"pt_rw_step_trunc" "pt_sampler_trunc" "system.time" 
:306477:1111328:29562400:684:"rnorm" "r_trunc_norm" "pt_rw_step_trunc" "pt_sampler_trunc" "system.time" 
:313816:1111328:31773280:600:"pt_rw_step_trunc" "pt_sampler_trunc" "system.time" 
:323171:1111328:34592656:762:"rnorm" "r_trunc_norm" "pt_rw_step_trunc" "pt_sampler_trunc" "system.time" 
:328783:1111328:36283016:458:"logf" "pt_rw_step_trunc" "pt_sampler_trunc" "system.time" 
:336226:1111328:38521280:605:"pmax" "logf" "pt_rw_step_trunc" "pt_sampler_trunc" "system.time" 
:341417:1111328:40082672:420:"FUN" "vapply" "pmax" "logf" "pt_rw_step_trunc" "pt_sampler_trunc" "system.time" 
:283893:1111328:22759800:480:"any" "logf" "pt_rw_step_trunc" "pt_sampler_trunc" "system.time" 
:308568:1111328:30194472:2014:"pnorm" "Z_tail" "pt_rw_step_trunc" "pt_sampler_trunc" "system.time" 
:321364:1111328:34040440:1037:"pt_rw_step_trunc" "pt_sampler_trunc" "system.time" 
:332708:1111328:37453304:923:"vapply" "pmax" "logf" "pt_rw_step_trunc" "pt_sampler_trunc" "system.time" 
:339591:1111328:39532528:566:"pnorm" "Z_tail" "pt_rw_step_trunc" "pt_sampler_trunc" "system.time" 
:281046:1111328:21899192:391:"rnorm" "r_trunc_norm" "pt_rw_step_trunc" "pt_sampler_trunc" "system.time" 
:288291:1111328:24082296:592:"mostattributes<-" "pmax" "logf" "pt_rw_step_trunc" "pt_sampler_trunc" "system.time" 
:295045:1111328:26109384:543:"all" "pmax" "logf" "pt_rw_step_trunc" "pt_sampler_trunc" "system.time" 
:304680:1111328:29011640:786:"logf" "pt_rw_step_trunc" "pt_sampler_trunc" "system.time" 
:316858:1111328:32677232:991:"all" "pmax" "logf" "pt_rw_step_trunc" "pt_sampler_trunc" "system.time" 
:328524:1111328:36193360:953:"pmax" "logf" "pt_rw_step_trunc" "pt_sampler_trunc" "system.time" 
:335874:1111328:38405920:600:"match.fun" "vapply" "pmax" "logf" "pt_rw_step_trunc" "pt_sampler_trunc" "system.time" 
:341441:1111328:40082672:454:"Z_tail" "pt_rw_step_trunc" "pt_sampler_trunc" "system.time" 
:287054:1111328:23704856:733:"pt_rw_step_trunc" "pt_sampler_trunc" "system.time" 
:292846:1111328:25451664:474:"runif" "pt_rw_step_trunc" "pt_sampler_trunc" "system.time" 
:301783:1111328:28143360:728:"pt_rw_step_trunc" "pt_sampler_trunc" "system.time" 
:309584:1111328:30486064:630:"logf" "pt_rw_step_trunc" "pt_sampler_trunc" "system.time" 
:325393:1111328:35251216:1291:"vapply" "pmax" "logf" "pt_rw_step_trunc" "pt_sampler_trunc" "system.time" 
:284407:1111328:22902432:1821:"pt_rw_step_trunc" "pt_sampler_trunc" "system.time" 
:300556:1111328:27759760:1310:"logf" "pt_rw_step_trunc" "pt_sampler_trunc" "system.time" 
:308364:1111328:30112712:641:"FUN" "vapply" "pmax" "logf" "pt_sampler_trunc" "system.time" 
:332051:1111328:37248176:1930:"pnorm" "Z_tail" "pt_rw_step_trunc" "pt_sampler_trunc" "system.time" 
:295341:1111328:26191256:2173:"pt_rw_step_trunc" "pt_sampler_trunc" "system.time" 
:302043:1111328:28213304:549:"vapply" "pmax" "logf" "pt_rw_step_trunc" "pt_sampler_trunc" "system.time" 
:316015:1111328:32425736:1143:"logf" "pt_rw_step_trunc" "pt_sampler_trunc" "system.time" 
:323643:1111328:34721736:621:"pmax" "logf" "pt_rw_step_trunc" "pt_sampler_trunc" "system.time" 
:330355:1111328:36748208:551:"logf" "pt_rw_step_trunc" "pt_sampler_trunc" "system.time" 
:336598:1111328:38630368:511:"vapply" "pmax" "logf" "pt_rw_step_trunc" "pt_sampler_trunc" "system.time" 
:278462:1111328:21104832:418:"logf" "pt_rw_step_trunc" "pt_sampler_trunc" "system.time" 
:284296:1111328:22864912:477:"mostattributes<-" "pmax" "logf" "pt_rw_step_trunc" "pt_sampler_trunc" "system.time" 
:293006:1111328:25485544:708:"pnorm" "Z_tail" "pt_rw_step_trunc" "pt_sampler_trunc" "system.time" 
:304698:1111328:29006096:954:"logf" "pt_rw_step_trunc" "pt_sampler_trunc" "system.time" 
:311574:1111328:31075632:558:"pnorm" "Z_tail" "pt_rw_step_trunc" "pt_sampler_trunc" "system.time" 
:316911:1111328:32681432:435:"vapply" "pmax" "logf" "pt_rw_step_trunc" "pt_sampler_trunc" "system.time" 
:325978:1111328:35414736:742:"pnorm" "Z_tail" "pt_rw_step_trunc" "pt_sampler_trunc" "system.time" 
:334632:1111328:38026016:710:"pmax" "logf" "pt_rw_step_trunc" "pt_sampler_trunc" "system.time" 
:278829:1111328:21216608:617:"pt_rw_step_trunc" "pt_sampler_trunc" "system.time" 
:285500:1111328:23222920:538:"Z_tail" "pt_rw_step_trunc" "pt_sampler_trunc" "system.time" 
:298649:1111328:27179320:1071:"vapply" "pmax" "logf" "pt_rw_step_trunc" "pt_sampler_trunc" "system.time" 
:318219:1111328:33079088:1599:"pt_rw_step_trunc" "pt_sampler_trunc" "system.time" 
:332444:1111328:37355136:1151:"pmax" "logf" "pt_rw_step_trunc" "pt_sampler_trunc" "system.time" 
:340408:1111328:39749808:646:"vapply" "pmax" "logf" "pt_rw_step_trunc" "pt_sampler_trunc" "system.time" 
:280650:1111328:21756784:290:"match.fun" "vapply" "pmax" "logf" "pt_rw_step_trunc" "pt_sampler_trunc" "system.time" 
:289054:1111328:24282160:681:"pt_sampler_trunc" "system.time" 
:294445:1111328:25900448:435:"match.fun" "vapply" "pmax" "logf" "pt_rw_step_trunc" "pt_sampler_trunc" "system.time" 
:301040:1111328:27888448:540:"logf" "pt_rw_step_trunc" "pt_sampler_trunc" "system.time" 
:306885:1111328:29650712:477:"rnorm" "r_trunc_norm" "pt_rw_step_trunc" "pt_sampler_trunc" "system.time" 
:312811:1111328:31435600:482:"logf" "pt_rw_step_trunc" "pt_sampler_trunc" "system.time" 
:318457:1111328:33135200:461:"pmax" "logf" "pt_rw_step_trunc" "pt_sampler_trunc" "system.time" 
:335381:1111328:38228904:1375:"logf" "pt_rw_step_trunc" "pt_sampler_trunc" "system.time" 
:280682:1111328:21766528:704:"pnorm" "Z_tail" "pt_rw_step_trunc" "pt_sampler_trunc" "system.time" 
:292791:1111328:25414928:992:"pt_sampler_trunc" "system.time" 
:299886:1111328:27546456:573:"logf" "pt_rw_step_trunc" "pt_sampler_trunc" "system.time" 
:305400:1111328:29205848:448:"vapply" "pmax" "logf" "pt_rw_step_trunc" "pt_sampler_trunc" "system.time" 
:327388:1111328:35825608:1792:"pnorm" "Z_tail" "pt_rw_step_trunc" "pt_sampler_trunc" "system.time" 
:299951:1111328:27562584:2922:"Z_tail" "pt_rw_step_trunc" "pt_sampler_trunc" "system.time" 
:316518:1111328:32555208:1354:"vapply" "pmax" "logf" "pt_rw_step_trunc" "pt_sampler_trunc" "system.time" 
:322738:1111328:34430704:510:"vapply" "pmax" "logf" "pt_rw_step_trunc" "pt_sampler_trunc" "system.time" 
:328579:1111328:36193080:479:"pmax" "logf" "pt_rw_step_trunc" "pt_sampler_trunc" "system.time" 
:334665:1111328:38025008:497:"pmax" "logf" "pt_rw_step_trunc" "pt_sampler_trunc" "system.time" 
:340666:1111328:39830224:486:"vapply" "pmax" "logf" "pt_rw_step_trunc" "pt_sampler_trunc" "system.time" 
:281073:1111328:21873712:299:"logf" "pt_rw_step_trunc" "pt_sampler_trunc" "system.time" 
:292704:1111328:25376064:948:"list" "pt_rw_step_trunc" "pt_sampler_trunc" "system.time" 
:316436:1111328:32519312:1932:"runif" "pt_rw_step_trunc" "pt_sampler_trunc" "system.time" 
:324521:1111328:34959344:664:"pt_sampler_trunc" "system.time" 
:335354:1111328:38226272:886:"logf" "pt_rw_step_trunc" "pt_sampler_trunc" "system.time" 
:341514:1111328:40082672:505:"logf" "pt_rw_step_trunc" "pt_sampler_trunc" "system.time" 
:286232:1111328:23427096:649:"Z_tail" "pt_rw_step_trunc" "pt_sampler_trunc" "system.time" 
:293124:1111328:25492656:555:"pmax" "logf" "pt_rw_step_trunc" "pt_sampler_trunc" "system.time" 
:305338:1111328:29170792:995:"pt_sampler_trunc" "system.time" 
:337332:1111328:38798872:2602:"pmax" "logf" "pt_rw_step_trunc" "pt_sampler_trunc" "system.time" 
:279448:1111328:21374864:441:"pmax" "logf" "pt_rw_step_trunc" "pt_sampler_trunc" "system.time" 
:286323:1111328:23447872:562:"pt_rw_step_trunc" "pt_sampler_trunc" "system.time" 
:293136:1111328:25496240:551:"Z_tail" "pt_rw_step_trunc" "pt_sampler_trunc" "system.time" 
:301289:1111328:27958392:671:"FUN" "vapply" "pmax" "logf" "pt_rw_step_trunc" "pt_sampler_trunc" "system.time" 
:308486:1111328:30119992:582:"pmax" "logf" "pt_rw_step_trunc" "pt_sampler_trunc" "system.time" 
:314418:1111328:31908912:486:"vapply" "pmax" "logf" "pt_rw_step_trunc" "pt_sampler_trunc" "system.time" 
:322677:1111328:34397272:673:"pmax" "logf" "pt_rw_step_trunc" "pt_sampler_trunc" "system.time" 
:278472:1111328:21149016:1584:"pnorm" "Z_tail" "pt_rw_step_trunc" "pt_sampler_trunc" "system.time" 
:284768:1111328:23050440:518:"pt_rw_step_trunc" "pt_sampler_trunc" "system.time" 
:290766:1111328:24856048:489:"vapply" "pmax" "logf" "pt_rw_step_trunc" "pt_sampler_trunc" "system.time" 
:297043:1111328:26751424:516:"vapply" "pmax" "logf" "pt_rw_step_trunc" "pt_sampler_trunc" "system.time" 
:304084:1111328:28871024:573:"logf" "pt_rw_step_trunc" "pt_sampler_trunc" "system.time" 
:309508:1111328:30509024:447:"vapply" "pmax" "logf" "pt_sampler_trunc" "system.time" 
:316143:1111328:32508560:540:"pmax" "logf" "pt_rw_step_trunc" "pt_sampler_trunc" "system.time" 
:322846:1111328:34531952:550:"vapply" "pmax" "logf" "pt_rw_step_trunc" "pt_sampler_trunc" "system.time" 
:328960:1111328:36374408:499:"logf" "pt_rw_step_trunc" "pt_sampler_trunc" "system.time" 
:341300:1111328:40082672:1001:"length" "pmax" "logf" "pt_rw_step_trunc" "pt_sampler_trunc" "system.time" 
:282529:1111328:22370488:378:"logf" "pt_rw_step_trunc" "pt_sampler_trunc" "system.time" 
:290044:1111328:24630592:611:"pt_sampler_trunc" "system.time" 
:299432:1111328:27460552:766:"pmax" "logf" "pt_rw_step_trunc" "pt_sampler_trunc" "system.time" 
:305898:1111328:29402520:524:"pt_rw_step_trunc" "pt_sampler_trunc" "system.time" 
:312888:1111328:31501736:565:"FUN" "vapply" "pmax" "logf" "pt_rw_step_trunc" "pt_sampler_trunc" "system.time" 
:318977:1111328:33334336:495:"attributes" "pmax" "logf" "pt_rw_step_trunc" "pt_sampler_trunc" "system.time" 
:324705:1111328:35059304:466:"pmax" "logf" "pt_rw_step_trunc" "pt_sampler_trunc" "system.time" 
:334476:1111328:38001488:796:"pt_sampler_trunc" "system.time" 
:279961:1111328:21598192:732:"pt_rw_step_trunc" "pt_sampler_trunc" "system.time" 
:286138:1111328:23452688:499:"vapply" "pmax" "logf" "pt_sampler_trunc" "system.time" 
:292467:1111328:25357192:513:"pnorm" "Z_tail" "pt_rw_step_trunc" "pt_sampler_trunc" "system.time" 
:303474:1111328:28676312:902:"pmax" "logf" "pt_sampler_trunc" "system.time" 
:310444:1111328:30774688:567:"vapply" "pmax" "logf" "pt_rw_step_trunc" "pt_sampler_trunc" "system.time" 
:316789:1111328:32685632:517:"pt_rw_step_trunc" "pt_sampler_trunc" "system.time" 
:323024:1111328:34564600:509:"logf" "pt_rw_step_trunc" "pt_sampler_trunc" "system.time" 
:340486:1111328:39820704:1417:"pnorm" "Z_tail" "pt_rw_step_trunc" "pt_sampler_trunc" "system.time" 
:281492:1111328:22048936:357:"vapply" "pmax" "logf" "pt_rw_step_trunc" "pt_sampler_trunc" "system.time" 
:289770:1111328:24542784:677:"pt_sampler_trunc" "system.time" 
:295984:1111328:26418224:508:"pmax" "logf" "pt_rw_step_trunc" "pt_sampler_trunc" "system.time" 
:305703:1111328:29345960:794:"pt_sampler_trunc" "system.time" 
:326977:1111328:35747432:1729:"vapply" "pmax" "logf" "pt_rw_step_trunc" "pt_sampler_trunc" "system.time" 
:337443:1111328:38906952:861:"logf" "pt_sampler_trunc" "system.time" 
:278658:1111328:21193816:374:"pt_rw_step_trunc" "pt_sampler_trunc" "system.time" 
:286020:1111328:23409120:597:"FUN" "vapply" "pmax" "logf" "pt_rw_step_trunc" "pt_sampler_trunc" "system.time" 
:292145:1111328:25255216:501:"rnorm" "r_trunc_norm" "pt_rw_step_trunc" "pt_sampler_trunc" "system.time" 
:300306:1111328:27707064:661:"pmax" "logf" "pt_rw_step_trunc" "pt_sampler_trunc" "system.time" 
:307611:1111328:29905680:593:"logf" "pt_rw_step_trunc" "pt_sampler_trunc" "system.time" 
:314137:1111328:31874416:533:"pnorm" "Z_tail" "pt_rw_step_trunc" "pt_sampler_trunc" "system.time" 
:320663:1111328:33834640:528:"pnorm" "Z_tail" "pt_rw_step_trunc" "pt_sampler_trunc" "system.time" 
:327053:1111328:35755216:518:"logf" "pt_rw_step_trunc" "pt_sampler_trunc" "system.time" 
:289820:1111328:24545024:2136:"pmax" "logf" "pt_rw_step_trunc" "pt_sampler_trunc" "system.time" 
:296479:1111328:26554920:545:"r_trunc_norm" "pt_rw_step_trunc" "pt_sampler_trunc" "system.time" 
:303597:1111328:28693336:576:"pt_rw_step_trunc" "pt_sampler_trunc" "system.time" 
:309871:1111328:30584568:512:"logf" "pt_rw_step_trunc" "pt_sampler_trunc" "system.time" 
:316224:1111328:32499600:520:"pt_rw_step_trunc" "pt_sampler_trunc" "system.time" 
:323328:1111328:34633536:574:"pmax" "logf" "pt_rw_step_trunc" "pt_sampler_trunc" "system.time" 
:330530:1111328:36807624:591:"is.atomic" "FUN" "vapply" "pmax" "logf" "pt_rw_step_trunc" "pt_sampler_trunc" "system.time" 
:337116:1111328:38791144:538:"is.atomic" "FUN" "vapply" "pmax" "logf" "pt_sampler_trunc" "system.time" 
:341408:1111328:40082672:349:"logf" "pt_rw_step_trunc" "pt_sampler_trunc" "system.time" 
:285773:1111328:23329432:634:"pmax" "logf" "pt_rw_step_trunc" "pt_sampler_trunc" "system.time" 
:309120:1111328:30367008:1909:"Z_tail" "pt_rw_step_trunc" "pt_sampler_trunc" "system.time" 
:318000:1111328:33040784:724:"FUN" "vapply" "pmax" "logf" "pt_rw_step_trunc" "pt_sampler_trunc" "system.time" 
:331550:1111328:37116296:1100:"pnorm" "Z_tail" "pt_rw_step_trunc" "pt_sampler_trunc" "system.time" 
:330321:1111328:36746248:5073:"pmax" "logf" "pt_rw_step_trunc" "pt_sampler_trunc" "system.time" 
:341117:1111328:39997328:880:"pt_sampler_trunc" "system.time" 
:288887:1111328:24257352:905:"pt_rw_step_trunc" "pt_sampler_trunc" "system.time" 
:285929:1111328:23358776:4923:"pt_rw_step_trunc" "pt_sampler_trunc" "system.time" 
:310943:1111328:30893184:2039:"pmax" "logf" "pt_rw_step_trunc" "pt_sampler_trunc" "system.time" 
:340438:1111328:39783016:2409:"pmax" "logf" "pt_rw_step_trunc" "pt_sampler_trunc" "system.time" 
:293257:1111328:25569880:1319:"pmax" "logf" "pt_rw_step_trunc" "pt_sampler_trunc" "system.time" 
:304372:1111328:28918288:906:"FUN" "vapply" "pmax" "logf" "pt_sampler_trunc" "system.time" 
:316105:1111328:32449312:957:"pt_sampler_trunc" "system.time" 
:325338:1111328:35236152:757:"pmax" "logf" "pt_rw_step_trunc" "pt_sampler_trunc" "system.time" 
:289587:1111328:24461360:2255:"pt_sampler_trunc" "system.time" 
:298978:1111328:27281800:758:"logf" "pt_rw_step_trunc" "pt_sampler_trunc" "system.time" 
:308038:1111328:30007376:736:"runif" "pt_rw_step_trunc" "pt_sampler_trunc" "system.time" 
:318557:1111328:33170088:854:"length" "logf" "pt_sampler_trunc" "system.time" 
:339425:1111328:39451944:1697:"vapply" "pmax" "logf" "pt_rw_step_trunc" "pt_sampler_trunc" "system.time" 
:336132:1111328:38476144:4901:"logf" "pt_rw_step_trunc" "pt_sampler_trunc" "system.time" 
:294234:1111328:25857328:1751:"pnorm" "Z_tail" "pt_rw_step_trunc" "pt_sampler_trunc" "system.time" 
:310309:1111328:30693488:1307:"pmax" "logf" "pt_rw_step_trunc" "pt_sampler_trunc" "system.time" 
:325712:1111328:35341600:1263:"vapply" "pmax" "logf" "pt_rw_step_trunc" "pt_sampler_trunc" "system.time" 
:335442:1111328:38274152:794:"vapply" "pmax" "logf" "pt_sampler_trunc" "system.time" 
:290896:1111328:24842216:1527:"rnorm" "r_trunc_norm" "pt_rw_step_trunc" "pt_sampler_trunc" "system.time" 
:299801:1111328:27517672:720:"logf" "pt_rw_step_trunc" "pt_sampler_trunc" "system.time" 
:310419:1111328:30703232:854:"pmax" "logf" "pt_rw_step_trunc" "pt_sampler_trunc" "system.time" 
:316922:1111328:32663848:530:"pt_rw_step_trunc" "pt_sampler_trunc" "system.time" 
:327872:1111328:35956424:888:"logf" "pt_rw_step_trunc" "pt_sampler_trunc" "system.time" 
:337596:1111328:38886456:793:"pt_rw_step_trunc" "pt_sampler_trunc" "system.time" 
:281455:1111328:21997416:587:"pnorm" "Z_tail" "pt_rw_step_trunc" "pt_sampler_trunc" "system.time" 
:287843:1111328:23923032:524:"pt_sampler_trunc" "system.time" 
:297647:1111328:26881624:805:"any" "logf" "pt_rw_step_trunc" "pt_sampler_trunc" "system.time" 
:305790:1111328:29330168:660:"pmax" "logf" "pt_rw_step_trunc" "pt_sampler_trunc" "system.time" 
:316247:1111328:32478656:850:"Z_tail" "pt_rw_step_trunc" "pt_sampler_trunc" "system.time" 
:323274:1111328:34595624:574:"logf" "pt_rw_step_trunc" "pt_sampler_trunc" "system.time" 
:334211:1111328:37891672:893:"pmax" "logf" "pt_rw_step_trunc" "pt_sampler_trunc" "system.time" 
:341488:1111328:40082672:592:"r_trunc_norm" "pt_rw_step_trunc" "pt_sampler_trunc" "system.time" 
:285618:1111328:23248624:604:"pt_rw_step_trunc" "pt_sampler_trunc" "system.time" 
:293153:1111328:25509624:607:"pnorm" "Z_tail" "pt_rw_step_trunc" "pt_sampler_trunc" "system.time" 
:305936:1111328:29359120:1042:"vapply" "pmax" "logf" "pt_rw_step_trunc" "pt_sampler_trunc" "system.time" 
:312538:1111328:31341912:533:"pmax" "logf" "pt_rw_step_trunc" "pt_sampler_trunc" "system.time" 
:329801:1111328:36539720:1406:"pnorm" "Z_tail" "pt_rw_step_trunc" "pt_sampler_trunc" "system.time" 
:340510:1111328:39767336:878:"pt_sampler_trunc" "system.time" 
:282044:1111328:22166144:393:"vapply" "pmax" "logf" "pt_rw_step_trunc" "pt_sampler_trunc" "system.time" 
:291253:1111328:24942960:754:"logf" "pt_rw_step_trunc" "pt_sampler_trunc" "system.time" 
:297187:1111328:26731432:485:"r_trunc_norm" "pt_rw_step_trunc" "pt_sampler_trunc" "system.time" 
:307284:1111328:29771504:823:"vapply" "pmax" "logf" "pt_rw_step_trunc" "pt_sampler_trunc" "system.time" 
:313638:1111328:31688832:522:"vapply" "pmax" "logf" "pt_rw_step_trunc" "pt_sampler_trunc" "system.time" 
:322401:1111328:34331696:719:"pt_rw_step_trunc" "pt_sampler_trunc" "system.time" 
:328678:1111328:36225448:513:"logf" "pt_rw_step_trunc" "pt_sampler_trunc" "system.time" 
:292559:1111328:25329192:2210:"pnorm" "Z_tail" "pt_rw_step_trunc" "pt_sampler_trunc" "system.time" 
:306456:1111328:29517992:1136:"FUN" "vapply" "pmax" "logf" "pt_rw_step_trunc" "pt_sampler_trunc" "system.time" 
:314155:1111328:31846024:636:"vapply" "pmax" "logf" "pt_rw_step_trunc" "pt_sampler_trunc" "system.time" 
:320798:1111328:33847240:541:"logf" "pt_rw_step_trunc" "pt_sampler_trunc" "system.time" 
:338427:1111328:39163488:1444:"runif" "pt_rw_step_trunc" "pt_sampler_trunc" "system.time" 
:282494:1111328:22298528:595:"vapply" "pmax" "logf" "pt_rw_step_trunc" "pt_sampler_trunc" "system.time" 
:290749:1111328:24784088:672:"is.atomic" "FUN" "vapply" "pmax" "logf" "pt_rw_step_trunc" "pt_sampler_trunc" "system.time" 
:308423:1111328:30112040:1445:"logf" "pt_rw_step_trunc" "pt_sampler_trunc" "system.time" 
:331734:1111328:37132312:1901:"FUN" "vapply" "pmax" "logf" "pt_sampler_trunc" "system.time" 
:286956:1111328:23632504:1502:"logf" "pt_rw_step_trunc" "pt_sampler_trunc" "system.time" 
:300768:1111328:27790224:1122:"vapply" "pmax" "logf" "pt_rw_step_trunc" "pt_sampler_trunc" "system.time" 
:329895:1111328:36556912:2367:"Z_tail" "pt_rw_step_trunc" "pt_sampler_trunc" "system.time" 
:277878:1111328:20973680:957:"logf" "pt_rw_step_trunc" "pt_sampler_trunc" "system.time" 
:290014:1111328:24625832:986:"vapply" "pmax" "logf" "pt_rw_step_trunc" "pt_sampler_trunc" "system.time" 
:318389:1111328:33161240:2304:"logf" "pt_rw_step_trunc" "pt_sampler_trunc" "system.time" 
:330861:1111328:36915592:1015:"pmax" "logf" "pt_rw_step_trunc" "pt_sampler_trunc" "system.time" 
:335604:1111328:38341352:384:"logf" "pt_rw_step_trunc" "pt_sampler_trunc" "system.time" 
:281377:1111328:22022112:752:"r_trunc_norm" "pt_rw_step_trunc" "pt_sampler_trunc" "system.time" 
:291499:1111328:25068792:824:"logf" "pt_rw_step_trunc" "pt_sampler_trunc" "system.time" 
:298066:1111328:27049680:538:"logf" "pt_rw_step_trunc" "pt_sampler_trunc" "system.time" 
:305440:1111328:29268680:600:"r_trunc_norm" "pt_rw_step_trunc" "pt_sampler_trunc" "system.time" 
:323752:1111328:34787592:1496:"logf" "pt_rw_step_trunc" "pt_sampler_trunc" "system.time" 
:299751:1111328:27549088:3214:"pt_rw_step_trunc" "pt_sampler_trunc" "system.time" 
:312959:1111328:31523744:1075:"all" "pmax" "logf" "pt_rw_step_trunc" "pt_sampler_trunc" "system.time" 
:326104:1111328:35484456:1071:"pnorm" "Z_tail" "pt_rw_step_trunc" "pt_sampler_trunc" "system.time" 
:336642:1111328:38649632:854:"logf" "pt_sampler_trunc" "system.time" 
:341397:1111328:40082672:388:"all" "pmax" "logf" "pt_rw_step_trunc" "pt_sampler_trunc" "system.time" 
:295588:1111328:26294352:1436:"rnorm" "r_trunc_norm" "pt_rw_step_trunc" "pt_sampler_trunc" "system.time" 
:322880:1111328:34502888:2218:"pmax" "logf" "pt_rw_step_trunc" "pt_sampler_trunc" "system.time" 
:281187:1111328:21959168:1775:"vapply" "pmax" "logf" "pt_rw_step_trunc" "pt_sampler_trunc" "system.time" 
:312737:1111328:31461696:2569:"logf" "pt_rw_step_trunc" "pt_sampler_trunc" "system.time" 
:333792:1111328:37799160:1714:"logf" "pt_rw_step_trunc" "pt_sampler_trunc" "system.time" 
:278521:1111328:21142632:659:"vapply" "pmax" "logf" "pt_sampler_trunc" "system.time" 
:296171:1111328:26455464:1436:"vapply" "pmax" "logf" "pt_rw_step_trunc" "pt_sampler_trunc" "system.time" 
:302857:1111328:28470008:547:"logf" "pt_rw_step_trunc" "pt_sampler_trunc" "system.time" 
:313542:1111328:31680208:866:"pt_sampler_trunc" "system.time" 
:299106:1111328:27330016:3969:"logf" "pt_rw_step_trunc" "pt_sampler_trunc" "system.time" 
:320939:1111328:33914496:1788:"pmax" "logf" "pt_rw_step_trunc" "pt_sampler_trunc" "system.time" 
:330121:1111328:36680112:750:"logf" "pt_sampler_trunc" "system.time" 
:291923:1111328:25179728:2054:"pnorm" "Z_tail" "pt_rw_step_trunc" "pt_sampler_trunc" "system.time" 
:320648:1111328:33833464:2344:"vapply" "pmax" "logf" "pt_rw_step_trunc" "pt_sampler_trunc" "system.time" 
:279487:1111328:21427560:1801:"pmax" "logf" "pt_rw_step_trunc" "pt_sampler_trunc" "system.time" 
:288433:1111328:24118416:728:"pt_sampler_trunc" "system.time" 
:325615:1111328:35322168:3036:"pt_sampler_trunc" "system.time" 
:341436:1111328:40082672:1286:"pmax" "logf" "pt_rw_step_trunc" "pt_sampler_trunc" "system.time" 
:293752:1111328:25723376:1279:"any" "logf" "pt_rw_step_trunc" "pt_sampler_trunc" "system.time" 
:339448:1111328:39491088:3731:"logf" "pt_rw_step_trunc" "pt_sampler_trunc" "system.time" 
:296853:1111328:26654712:1690:"rnorm" "r_trunc_norm" "pt_rw_step_trunc" "pt_sampler_trunc" "system.time" 
:308442:1111328:30146032:945:"vapply" "pmax" "logf" "pt_rw_step_trunc" "pt_sampler_trunc" "system.time" 
:317878:1111328:32983216:767:"pt_sampler_trunc" "system.time" 
:325575:1111328:35306208:630:"pmax" "logf" "pt_rw_step_trunc" "pt_sampler_trunc" "system.time" 
:333587:1111328:37715608:652:"pt_sampler_trunc" "system.time" 
:295538:1111328:26259128:2063:"Z_tail" "pt_rw_step_trunc" "pt_sampler_trunc" "system.time" 
:319734:1111328:33558504:1983:"logf" "pt_rw_step_trunc" "pt_sampler_trunc" "system.time" 
:328091:1111328:36075760:682:"pt_sampler_trunc" "system.time" 
:278840:1111328:21221592:1138:"pmax" "logf" "pt_rw_step_trunc" "pt_sampler_trunc" "system.time" 
:286083:1111328:23397472:586:"logf" "pt_rw_step_trunc" "pt_sampler_trunc" "system.time" 
:316982:1111328:32712680:2527:"FUN" "vapply" "pmax" "logf" "pt_rw_step_trunc" "pt_sampler_trunc" "system.time" 
:341452:1111328:40082672:1996:"match.fun" "vapply" "pmax" "logf" "pt_rw_step_trunc" "pt_sampler_trunc" "system.time" 
:284694:1111328:22983688:534:"vapply" "pmax" "logf" "pt_rw_step_trunc" "pt_sampler_trunc" "system.time" 
:292081:1111328:25206328:601:"mostattributes<-" "pmax" "logf" "pt_rw_step_trunc" "pt_sampler_trunc" "system.time" 
:300305:1111328:27678616:667:"vapply" "pmax" "logf" "pt_rw_step_trunc" "pt_sampler_trunc" "system.time" 
:299124:1111328:27320832:5066:"pt_rw_step_trunc" "pt_sampler_trunc" "system.time" 
:312813:1111328:31432352:1105:"pt_sampler_trunc" "system.time" 
:322127:1111328:34240640:762:"pt_rw_step_trunc" "pt_sampler_trunc" "system.time" 
:328529:1111328:36166536:521:"match.fun" "vapply" "pmax" "logf" "pt_sampler_trunc" "system.time" 
:337515:1111328:38875592:733:"is.finite" "pt_rw_step_trunc" "pt_sampler_trunc" "system.time" 
:341508:1111328:40082672:328:"Z_tail" "pt_rw_step_trunc" "pt_sampler_trunc" "system.time" 
:284871:1111328:23025800:543:"vapply" "pmax" "logf" "pt_rw_step_trunc" "pt_sampler_trunc" "system.time" 
:306101:1111328:29411816:1723:"all" "pmax" "logf" "pt_rw_step_trunc" "pt_sampler_trunc" "system.time" 
:310646:1111328:30783256:372:"logf" "pt_rw_step_trunc" "pt_sampler_trunc" "system.time" 
:313755:1111328:31720528:254:"all" "pmax" "logf" "pt_rw_step_trunc" "pt_sampler_trunc" "system.time" 
:316417:1111328:32517800:213:"FUN" "vapply" "pmax" "logf" "pt_rw_step_trunc" "pt_sampler_trunc" "system.time" 
:319098:1111328:33321624:216:"vapply" "pmax" "logf" "pt_rw_step_trunc" "pt_sampler_trunc" "system.time" 
:323135:1111328:34528872:323:"rnorm" "r_trunc_norm" "pt_rw_step_trunc" "pt_sampler_trunc" "system.time" 
:327563:1111328:35864640:363:"match.fun" "vapply" "pmax" "logf" "pt_rw_step_trunc" "pt_sampler_trunc" "system.time" 
:333494:1111328:37650424:484:"vapply" "pmax" "logf" "pt_rw_step_trunc" "pt_sampler_trunc" "system.time" 
:339621:1111328:39496744:500:"pmax" "logf" "pt_rw_step_trunc" "pt_sampler_trunc" "system.time" 
:341568:1111328:40082672:157:"Z_tail" "pt_rw_step_trunc" "pt_sampler_trunc" "system.time" 
:286848:1111328:23621304:705:"vapply" "pmax" "logf" "pt_rw_step_trunc" "pt_sampler_trunc" "system.time" 
:302093:1111328:28208432:1239:"pt_rw_step_trunc" "pt_sampler_trunc" "system.time" 
:312405:1111328:31315704:842:"logf" "pt_rw_step_trunc" "pt_sampler_trunc" "system.time" 
:319032:1111328:33318432:546:"rnorm" "r_trunc_norm" "pt_rw_step_trunc" "pt_sampler_trunc" "system.time" 
:325062:1111328:35137312:494:"logf" "pt_rw_step_trunc" "pt_sampler_trunc" "system.time" 
:333363:1111328:37637096:677:"pmax" "logf" "pt_rw_step_trunc" "pt_sampler_trunc" "system.time" 
:341471:1111328:40082672:663:"pt_rw_step_trunc" "pt_sampler_trunc" "system.time" 
:288620:1111328:24149160:846:"pt_rw_step_trunc" "pt_sampler_trunc" "system.time" 
:320739:1111328:33816888:2616:"pt_rw_step_trunc" "pt_sampler_trunc" "system.time" 
:334651:1111328:37999304:1128:"logf" "pt_rw_step_trunc" "pt_sampler_trunc" "system.time" 
:340554:1111328:39774896:480:"logf" "pt_rw_step_trunc" "pt_sampler_trunc" "system.time" 
:281926:1111328:22134280:386:"logf" "pt_rw_step_trunc" "pt_sampler_trunc" "system.time" 
:287909:1111328:23934456:487:"is.atomic" "FUN" "vapply" "pmax" "logf" "pt_sampler_trunc" "system.time" 
:294119:1111328:25796120:500:"pmax" "logf" "pt_rw_step_trunc" "pt_sampler_trunc" "system.time" 
:299311:1111328:27365968:429:"logf" "pt_sampler_trunc" "system.time" 
:323454:1111328:34638184:1970:"pmax" "logf" "pt_rw_step_trunc" "pt_sampler_trunc" "system.time" 
:339549:1111328:39491872:1317:"FUN" "vapply" "pmax" "logf" "pt_sampler_trunc" "system.time" 
:278824:1111328:21194992:205:"rnorm" "r_trunc_norm" "pt_rw_step_trunc" "pt_sampler_trunc" "system.time" 
:293032:1111328:25476472:1161:"pmax" "logf" "pt_rw_step_trunc" "pt_sampler_trunc" "system.time" 
:330634:1111328:36805944:3072:"pmax" "logf" "pt_sampler_trunc" "system.time" 
:336478:1111328:38566864:475:"pmax" "logf" "pt_sampler_trunc" "system.time" 
:291569:1111328:25022704:1487:"vapply" "pmax" "logf" "pt_rw_step_trunc" "pt_sampler_trunc" "system.time" 
:296274:1111328:26442640:387:"pmax" "logf" "pt_sampler_trunc" "system.time" 
:304454:1111328:28907032:667:"pmax" "logf" "pt_rw_step_trunc" "pt_sampler_trunc" "system.time" 
:315170:1111328:32136384:873:"Z_tail" "pt_rw_step_trunc" "pt_sampler_trunc" "system.time" 
:322544:1111328:34355272:600:"pnorm" "Z_tail" "pt_rw_step_trunc" "pt_sampler_trunc" "system.time" 
:333647:1111328:37699536:908:"logf" "pt_sampler_trunc" "system.time" 
:281572:1111328:22080464:940:"logf" "pt_sampler_trunc" "system.time" 
:297862:1111328:26994520:1334:"logf" "pt_rw_step_trunc" "pt_sampler_trunc" "system.time" 
:302833:1111328:28490616:404:"logf" "pt_rw_step_trunc" "pt_sampler_trunc" "system.time" 
:339632:1111328:39572008:2999:"pmax" "logf" "pt_rw_step_trunc" "pt_sampler_trunc" "system.time" 
:291936:1111328:25206048:1289:"rnorm" "r_trunc_norm" "pt_rw_step_trunc" "pt_sampler_trunc" "system.time" 
:298877:1111328:27293448:561:"vapply" "pmax" "logf" "pt_rw_step_trunc" "pt_sampler_trunc" "system.time" 
:304692:1111328:29045016:474:"vapply" "pmax" "logf" "pt_rw_step_trunc" "pt_sampler_trunc" "system.time" 
:320631:1111328:33847464:1302:"vapply" "pmax" "logf" "pt_rw_step_trunc" "pt_sampler_trunc" "system.time" 
:280810:1111328:21848680:1921:"length" "logf" "pt_sampler_trunc" "system.time" 
:301384:1111328:28043064:1673:"vapply" "pmax" "logf" "pt_rw_step_trunc" "pt_sampler_trunc" "system.time" 
:318226:1111328:33115600:1376:"match.fun" "vapply" "pmax" "logf" "pt_sampler_trunc" "system.time" 
:333252:1111328:37643928:1228:"vapply" "pmax" "logf" "pt_rw_step_trunc" "pt_sampler_trunc" "system.time" 
:339964:1111328:39669896:552:"vapply" "pmax" "logf" "pt_rw_step_trunc" "pt_sampler_trunc" "system.time" 
:279368:1111328:21417144:231:"rnorm" "r_trunc_norm" "pt_rw_step_trunc" "pt_sampler_trunc" "system.time" 
:285425:1111328:23246832:498:"pt_sampler_trunc" "system.time" 
:306480:1111328:29589392:1716:"rnorm" "r_trunc_norm" "pt_rw_step_trunc" "pt_sampler_trunc" "system.time" 
:312878:1111328:31520048:525:"logf" "pt_rw_step_trunc" "pt_sampler_trunc" "system.time" 
:318855:1111328:33322800:489:"r_trunc_norm" "pt_rw_step_trunc" "pt_sampler_trunc" "system.time" 
:328105:1111328:36112608:757:"vapply" "pmax" "logf" "pt_rw_step_trunc" "pt_sampler_trunc" "system.time" 
:334623:1111328:38079944:536:"logf" "pt_rw_step_trunc" "pt_sampler_trunc" "system.time" 
:285475:1111328:23257192:1159:"pnorm" "Z_tail" "pt_rw_step_trunc" "pt_sampler_trunc" "system.time" 
:291090:1111328:24947216:457:"Z_tail" "pt_rw_step_trunc" "pt_sampler_trunc" "system.time" 
:316732:1111328:32674712:2095:"r_trunc_norm" "pt_rw_step_trunc" "pt_sampler_trunc" "system.time" 
:324115:1111328:34897856:601:"logf" "pt_rw_step_trunc" "pt_sampler_trunc" "system.time" 
:286322:1111328:23495920:2078:"logf" "pt_rw_step_trunc" "pt_sampler_trunc" "system.time" 
:305346:1111328:29228696:1551:"rnorm" "r_trunc_norm" "pt_rw_step_trunc" "pt_sampler_trunc" "system.time" 
:309913:1111328:30601368:370:"logf" "pt_rw_step_trunc" "pt_sampler_trunc" "system.time" 
:316762:1111328:32669056:563:"logf" "pt_rw_step_trunc" "pt_sampler_trunc" "system.time" 
:323698:1111328:34752592:561:"pt_sampler_trunc" "system.time" 
:341370:1111328:40082672:1446:"pt_sampler_trunc" "system.time" 
:297086:1111328:26738432:1554:"pnorm" "Z_tail" "pt_rw_step_trunc" "pt_sampler_trunc" "system.time" 
:311131:1111328:30972760:1147:"all" "pmax" "logf" "pt_sampler_trunc" "system.time" 
:323869:1111328:34800528:1031:"pt_sampler_trunc" "system.time" 
:331084:1111328:36974168:588:"logf" "pt_rw_step_trunc" "pt_sampler_trunc" "system.time" 
:338104:1111328:39079488:564:"pt_sampler_trunc" "system.time" 
:295931:1111328:26379528:1721:"Z_tail" "pt_rw_step_trunc" "pt_sampler_trunc" "system.time" 
:305436:1111328:29234184:770:"match.fun" "vapply" "pmax" "logf" "pt_sampler_trunc" "system.time" 
:313450:1111328:31640896:647:"pt_sampler_trunc" "system.time" 
:329239:1111328:36390704:1282:"pmax" "logf" "pt_rw_step_trunc" "pt_sampler_trunc" "system.time" 
:341504:1111328:40082672:999:"vapply" "pmax" "logf" "pt_rw_step_trunc" "pt_sampler_trunc" "system.time" 
:285215:1111328:23155160:586:"vapply" "pmax" "logf" "pt_sampler_trunc" "system.time" 
:301301:1111328:27993840:1303:"r_trunc_norm" "pt_rw_step_trunc" "pt_sampler_trunc" "system.time" 
:309495:1111328:30460192:666:"pt_rw_step_trunc" "pt_sampler_trunc" "system.time" 
:319940:1111328:33603248:850:"logf" "pt_sampler_trunc" "system.time" 
:333104:1111328:37570120:1076:"pt_sampler_trunc" "system.time" 
:338651:1111328:39239648:450:"rnorm" "r_trunc_norm" "pt_rw_step_trunc" "pt_sampler_trunc" "system.time" 
:291270:1111328:24974768:1303:"logf" "pt_rw_step_trunc" "pt_sampler_trunc" "system.time" 
:321723:1111328:34159664:2490:"FUN" "vapply" "pmax" "logf" "pt_rw_step_trunc" "pt_sampler_trunc" "system.time" 
:340953:1111328:39951408:1569:"logf" "pt_rw_step_trunc" "pt_sampler_trunc" "system.time" 
:287256:1111328:23769088:788:"rnorm" "r_trunc_norm" "pt_rw_step_trunc" "pt_sampler_trunc" "system.time" 
:298493:1111328:27149472:913:"logf" "pt_rw_step_trunc" "pt_sampler_trunc" "system.time" 
:310391:1111328:30734480:969:"pnorm" "Z_tail" "pt_rw_step_trunc" "pt_sampler_trunc" "system.time" 
:316916:1111328:32695768:530:"runif" "pt_rw_step_trunc" "pt_sampler_trunc" "system.time" 
:334562:1111328:38017784:1446:"r_trunc_norm" "pt_rw_step_trunc" "pt_sampler_trunc" "system.time" 
:287325:1111328:23783928:1315:"pmax" "logf" "pt_rw_step_trunc" "pt_sampler_trunc" "system.time" 
:293838:1111328:25740624:525:"Z_tail" "pt_rw_step_trunc" "pt_sampler_trunc" "system.time" 
:302253:1111328:28277312:688:"pmax" "logf" "pt_rw_step_trunc" "pt_sampler_trunc" "system.time" 
:311501:1111328:31069080:759:"pnorm" "Z_tail" "pt_rw_step_trunc" "pt_sampler_trunc" "system.time" 
:330522:1111328:36798552:1553:"logf" "pt_sampler_trunc" "system.time" 
:336017:1111328:38457888:449:"vapply" "pmax" "logf" "pt_rw_step_trunc" "pt_sampler_trunc" "system.time" 
:341418:1111328:40082672:441:"pt_sampler_trunc" "system.time" 
:284873:1111328:23035264:546:"pt_sampler_trunc" "system.time" 
:307285:1111328:29790208:1830:"pt_sampler_trunc" "system.time" 
:313695:1111328:31712296:514:"Z_tail" "pt_rw_step_trunc" "pt_sampler_trunc" "system.time" 
:326678:1111328:35630112:1065:"vapply" "pmax" "logf" "pt_rw_step_trunc" "pt_sampler_trunc" "system.time" 
:340973:1111328:39936288:1167:"pmax" "logf" "pt_rw_step_trunc" "pt_sampler_trunc" "system.time" 
:287533:1111328:23834832:804:"mostattributes<-" "pmax" "logf" "pt_rw_step_trunc" "pt_sampler_trunc" "system.time" 
:303634:1111328:28686784:1318:"mostattributes<-" "pmax" "logf" "pt_rw_step_trunc" "pt_sampler_trunc" "system.time" 
:310682:1111328:30802464:568:"logf" "pt_rw_step_trunc" "pt_sampler_trunc" "system.time" 
:316595:1111328:32582088:481:"FUN" "vapply" "pmax" "logf" "pt_rw_step_trunc" "pt_sampler_trunc" "system.time" 
:324399:1111328:34936272:641:"logf" "pt_sampler_trunc" "system.time" 
:286529:1111328:23529240:2074:"Z_tail" "pt_rw_step_trunc" "pt_sampler_trunc" "system.time" 
:309568:1111328:30471672:1882:"logf" "pt_rw_step_trunc" "pt_sampler_trunc" "system.time" 
:315581:1111328:32281200:491:"vapply" "pmax" "logf" "pt_sampler_trunc" "system.time" 
:286063:1111328:23388008:2756:"vapply" "pmax" "logf" "pt_rw_step_trunc" "pt_sampler_trunc" "system.time" 
:292195:1111328:25236288:502:"pmax" "logf" "pt_rw_step_trunc" "pt_sampler_trunc" "system.time" 
:297667:1111328:26886552:447:"Z_tail" "pt_rw_step_trunc" "pt_sampler_trunc" "system.time" 
:317335:1111328:32821208:1612:"pmax" "logf" "pt_rw_step_trunc" "pt_sampler_trunc" "system.time" 
:326769:1111328:35662704:770:"logf" "pt_sampler_trunc" "system.time" 
:333157:1111328:37584736:518:"pt_sampler_trunc" "system.time" 
:341183:1111328:39998840:652:"logf" "pt_sampler_trunc" "system.time" 
:281826:1111328:22108520:317:"vapply" "pmax" "logf" "pt_rw_step_trunc" "pt_sampler_trunc" "system.time" 
:291652:1111328:25070920:802:"is.function" "match.fun" "vapply" "pmax" "logf" "pt_rw_step_trunc" "pt_sampler_trunc" "system.time" 
:298831:1111328:27222832:575:"length" "logf" "pt_rw_step_trunc" "pt_sampler_trunc" "system.time" 
:305069:1111328:29100848:506:"pmax" "logf" "pt_rw_step_trunc" "pt_sampler_trunc" "system.time" 
:310539:1111328:30741536:442:"runif" "pt_rw_step_trunc" "pt_sampler_trunc" "system.time" 
:318427:1111328:33113640:640:"pt_sampler_trunc" "system.time" 
:329595:1111328:36476216:908:"pt_rw_step_trunc" "pt_sampler_trunc" "system.time" 
:336552:1111328:38567200:563:"Z_tail" "pt_rw_step_trunc" "pt_sampler_trunc" "system.time" 
:287289:1111328:23742040:1140:"pnorm" "Z_tail" "pt_rw_step_trunc" "pt_sampler_trunc" "system.time" 
:300265:1111328:27655992:1062:"Z_tail" "pt_rw_step_trunc" "pt_sampler_trunc" "system.time" 
:315290:1111328:32179840:1226:"is.atomic" "FUN" "vapply" "pmax" "logf" "pt_sampler_trunc" "system.time" 
:324000:1111328:34801984:710:"vapply" "pmax" "logf" "pt_sampler_trunc" "system.time" 
:330122:1111328:36642872:495:"r_trunc_norm" "pt_rw_step_trunc" "pt_sampler_trunc" "system.time" 
:285185:1111328:23111368:1497:"any" "logf" "pt_rw_step_trunc" "pt_sampler_trunc" "system.time" 
:292559:1111328:25328128:598:"vapply" "pmax" "logf" "pt_rw_step_trunc" "pt_sampler_trunc" "system.time" 
:299336:1111328:27369664:554:"logf" "pt_rw_step_trunc" "pt_sampler_trunc" "system.time" 
:309192:1111328:30341472:805:"all" "pmax" "logf" "pt_rw_step_trunc" "pt_sampler_trunc" "system.time" 
:287010:1111328:23659664:3351:"match.fun" "vapply" "pmax" "logf" "pt_rw_step_trunc" "pt_sampler_trunc" "system.time" 
:306675:1111328:29583400:1604:"vapply" "pmax" "logf" "pt_sampler_trunc" "system.time" 
:313280:1111328:31579856:543:"rnorm" "r_trunc_norm" "pt_rw_step_trunc" "pt_sampler_trunc" "system.time" 
:325645:1111328:35308784:1010:"logf" "pt_rw_step_trunc" "pt_sampler_trunc" "system.time" 
:286686:1111328:23551416:1973:"pmax" "logf" "pt_rw_step_trunc" "pt_sampler_trunc" "system.time" 
:307410:1111328:29802192:1697:"pt_rw_step_trunc" "pt_sampler_trunc" "system.time" 
:336299:1111328:38508344:2356:"pnorm" "Z_tail" "pt_rw_step_trunc" "pt_sampler_trunc" "system.time" 
:296832:1111328:26688088:1979:"vapply" "pmax" "logf" "pt_rw_step_trunc" "pt_sampler_trunc" "system.time" 
:305093:1111328:29175944:672:"vapply" "pmax" "logf" "pt_rw_step_trunc" "pt_sampler_trunc" "system.time" 
:310896:1111328:30923928:474:"FUN" "vapply" "pmax" "logf" "pt_rw_step_trunc" "pt_sampler_trunc" "system.time" 
:316540:1111328:32625712:462:"pmax" "logf" "pt_rw_step_trunc" "pt_sampler_trunc" "system.time" 
:322161:1111328:34318200:459:"pt_rw_step_trunc" "pt_sampler_trunc" "system.time" 
:327503:1111328:35925792:434:"pmax" "logf" "pt_rw_step_trunc" "pt_sampler_trunc" "system.time" 
:332747:1111328:37504936:426:"any" "logf" "pt_rw_step_trunc" "pt_sampler_trunc" "system.time" 
:338083:1111328:39112136:436:"pt_rw_step_trunc" "pt_sampler_trunc" "system.time" 
:280309:1111328:21697648:457:"FUN" "vapply" "pmax" "logf" "pt_rw_step_trunc" "pt_sampler_trunc" "system.time" 
:289559:1111328:24483648:753:"logf" "pt_rw_step_trunc" "pt_sampler_trunc" "system.time" 
:295763:1111328:26352424:504:"pt_rw_step_trunc" "pt_sampler_trunc" "system.time" 
:318484:1111328:33196464:1857:"vapply" "pmax" "logf" "pt_rw_step_trunc" "pt_sampler_trunc" "system.time" 
:339375:1111328:39490304:1706:"vapply" "pmax" "logf" "pt_rw_step_trunc" "pt_sampler_trunc" "system.time" 
:286764:1111328:23645496:883:"logf" "pt_rw_step_trunc" "pt_sampler_trunc" "system.time" 
:297649:1111328:26927320:891:"logf" "pt_rw_step_trunc" "pt_sampler_trunc" "system.time" 
:326366:1111328:35579768:2343:"logf" "pt_rw_step_trunc" "pt_sampler_trunc" "system.time" 
:333636:1111328:37772280:598:"logf" "pt_sampler_trunc" "system.time" 
:293084:1111328:25552464:1864:"r_trunc_norm" "pt_rw_step_trunc" "pt_sampler_trunc" "system.time" 
:317588:1111328:32930688:1997:"Z_tail" "pt_rw_step_trunc" "pt_sampler_trunc" "system.time" 
:329210:1111328:36431360:947:"pmax" "logf" "pt_rw_step_trunc" "pt_sampler_trunc" "system.time" 
:300405:1111328:27741672:2817:"vapply" "pmax" "logf" "pt_rw_step_trunc" "pt_sampler_trunc" "system.time" 
:317553:1111328:32899552:1392:"FUN" "vapply" "pmax" "logf" "pt_rw_step_trunc" "pt_sampler_trunc" "system.time" 
:323846:1111328:34794312:513:"logf" "pt_rw_step_trunc" "pt_sampler_trunc" "system.time" 
:341411:1111328:40082672:1433:"logf" "pt_rw_step_trunc" "pt_sampler_trunc" "system.time" 
:282144:1111328:22235976:335:"logf" "pt_rw_step_trunc" "pt_sampler_trunc" "system.time" 
:314830:1111328:32088168:2671:"is.atomic" "FUN" "vapply" "pmax" "logf" "pt_rw_step_trunc" "pt_sampler_trunc" "system.time" 
:340120:1111328:39693024:2052:"logf" "pt_rw_step_trunc" "pt_sampler_trunc" "system.time" 
:296910:1111328:26670280:1636:"is.atomic" "FUN" "vapply" "pmax" "logf" "pt_rw_step_trunc" "pt_sampler_trunc" "system.time" 
:308160:1111328:30043664:905:"pt_sampler_trunc" "system.time" 
:293884:1111328:25766608:4003:"logf" "pt_rw_step_trunc" "pt_sampler_trunc" "system.time" 
:316093:1111328:32449592:1805:"logf" "pt_rw_step_trunc" "pt_sampler_trunc" "system.time" 
:337868:1111328:39019512:1783:"vapply" "pmax" "logf" "pt_rw_step_trunc" "pt_sampler_trunc" "system.time" 
:279807:1111328:21526008:431:"rnorm" "r_trunc_norm" "pt_rw_step_trunc" "pt_sampler_trunc" "system.time" 
:313855:1111328:31772160:2766:"r_trunc_norm" "pt_rw_step_trunc" "pt_sampler_trunc" "system.time" 
:330101:1111328:36659336:1320:"pmax" "logf" "pt_sampler_trunc" "system.time" 
:339616:1111328:39526480:777:"vapply" "pmax" "logf" "pt_rw_step_trunc" "pt_sampler_trunc" "system.time" 
:283715:1111328:22697864:613:"pt_sampler_trunc" "system.time" 
:291058:1111328:24907064:597:"logf" "pt_rw_step_trunc" "pt_sampler_trunc" "system.time" 
:312700:1111328:31431736:1768:"pnorm" "Z_tail" "pt_rw_step_trunc" "pt_sampler_trunc" "system.time" 
:320102:1111328:33664680:607:"pt_sampler_trunc" "system.time" 
:333418:1111328:37669912:1080:"pt_rw_step_trunc" "pt_sampler_trunc" "system.time" 
:291592:1111328:25072208:1758:"pt_sampler_trunc" "system.time" 
:297422:1111328:26830440:477:"logf" "pt_rw_step_trunc" "pt_sampler_trunc" "system.time" 
:323269:1111328:34624800:2115:"r_trunc_norm" "pt_rw_step_trunc" "pt_sampler_trunc" "system.time" 
:330644:1111328:36846600:601:"logf" "pt_rw_step_trunc" "pt_sampler_trunc" "system.time" 
:289767:1111328:24515232:1827:"pmax" "logf" "pt_rw_step_trunc" "pt_sampler_trunc" "system.time" 
:314548:1111328:31984512:2025:"vapply" "pmax" "logf" "pt_rw_step_trunc" "pt_sampler_trunc" "system.time" 
:320821:1111328:33868240:507:"pmax" "logf" "pt_rw_step_trunc" "pt_sampler_trunc" "system.time" 
:335008:1111328:38144960:1161:"is.function" "match.fun" "vapply" "pmax" "logf" "pt_sampler_trunc" "system.time" 
:307861:1111328:29971928:2956:"pt_rw_step_trunc" "pt_sampler_trunc" "system.time" 
:321455:1111328:34063064:1106:"pmax" "logf" "pt_rw_step_trunc" "pt_sampler_trunc" "system.time" 
:329789:1111328:36575448:681:"length" "mostattributes<-" "pmax" "logf" "pt_rw_step_trunc" "pt_sampler_trunc" "system.time" 
:340610:1111328:39837448:886:"pmax" "logf" "pt_rw_step_trunc" "pt_sampler_trunc" "system.time" 
:300938:1111328:27870528:1926:"pmax" "logf" "pt_rw_step_trunc" "pt_sampler_trunc" "system.time" 
:307069:1111328:29717632:500:"logf" "pt_rw_step_trunc" "pt_sampler_trunc" "system.time" 
:313011:1111328:31511704:488:"logf" "pt_rw_step_trunc" "pt_sampler_trunc" "system.time" 
:323422:1111328:34646584:848:"pmax" "logf" "pt_rw_step_trunc" "pt_sampler_trunc" "system.time" 
:281953:1111328:22150800:1781:"vapply" "pmax" "logf" "pt_rw_step_trunc" "pt_sampler_trunc" "system.time" 
:293701:1111328:25694928:962:"vapply" "pmax" "logf" "pt_rw_step_trunc" "pt_sampler_trunc" "system.time" 
:303006:1111328:28497168:759:"runif" "pt_rw_step_trunc" "pt_sampler_trunc" "system.time" 
:312151:1111328:31256848:749:"Z_tail" "pt_rw_step_trunc" "pt_sampler_trunc" "system.time" 
:341426:1111328:40082672:2397:"all" "pmax" "logf" "pt_rw_step_trunc" "pt_sampler_trunc" "system.time" 
:288374:1111328:24076192:825:"Z_tail" "pt_rw_step_trunc" "pt_sampler_trunc" "system.time" 
:294596:1111328:25949840:508:"FUN" "vapply" "pmax" "logf" "pt_rw_step_trunc" "pt_sampler_trunc" "system.time" 
:300489:1111328:27726272:483:"list" "pt_rw_step_trunc" "pt_sampler_trunc" "system.time" 
:307874:1111328:29956640:607:"match.fun" "vapply" "pmax" "logf" "pt_rw_step_trunc" "pt_sampler_trunc" "system.time" 
:317750:1111328:32932088:806:"logf" "pt_rw_step_trunc" "pt_sampler_trunc" "system.time" 
:334934:1111328:38113656:1405:"pt_rw_step_trunc" "pt_sampler_trunc" "system.time" 
:341466:1111328:40082672:534:"pnorm" "Z_tail" "pt_rw_step_trunc" "pt_sampler_trunc" "system.time" 
:282082:1111328:22178912:314:"pt_sampler_trunc" "system.time" 
:297884:1111328:26937904:1287:"vapply" "pmax" "logf" "pt_rw_step_trunc" "pt_sampler_trunc" "system.time" 
:306538:1111328:29545992:708:"pmax" "logf" "pt_rw_step_trunc" "pt_sampler_trunc" "system.time" 
:312385:1111328:31308368:475:"Z_tail" "pt_rw_step_trunc" "pt_sampler_trunc" "system.time" 
:336138:1111328:38460408:1935:"logf" "pt_rw_step_trunc" "pt_sampler_trunc" "system.time" 
:341529:1111328:40082672:438:"is.atomic" "FUN" "vapply" "pmax" "logf" "pt_rw_step_trunc" "pt_sampler_trunc" "system.time" 
:282580:1111328:22319528:347:"pt_rw_step_trunc" "pt_sampler_trunc" "system.time" 
:289404:1111328:24372768:554:"pmax" "logf" "pt_rw_step_trunc" "pt_sampler_trunc" "system.time" 
:327914:1111328:35961744:3127:"pmax" "logf" "pt_rw_step_trunc" "pt_sampler_trunc" "system.time" 
:334806:1111328:38029040:556:"pmax" "logf" "pt_rw_step_trunc" "pt_sampler_trunc" "system.time" 
:284335:1111328:22853600:1052:"vapply" "pmax" "logf" "pt_rw_step_trunc" "pt_sampler_trunc" "system.time" 
:297229:1111328:26736808:1051:"length" "mostattributes<-" "pmax" "logf" "pt_rw_step_trunc" "pt_sampler_trunc" "system.time" 
:306391:1111328:29500744:752:"r_trunc_norm" "pt_rw_step_trunc" "pt_sampler_trunc" "system.time" 
:315647:1111328:32289880:757:"vapply" "pmax" "logf" "pt_rw_step_trunc" "pt_sampler_trunc" "system.time" 
:323011:1111328:34504344:599:"pt_sampler_trunc" "system.time" 
:341524:1111328:40082672:1510:"logf" "pt_rw_step_trunc" "pt_sampler_trunc" "system.time" 
:293173:1111328:25512256:1214:"pt_sampler_trunc" "system.time" 
:303207:1111328:28532224:815:"Z_tail" "pt_rw_step_trunc" "pt_sampler_trunc" "system.time" 
:308993:1111328:30272704:471:"pt_rw_step_trunc" "pt_sampler_trunc" "system.time" 
:318134:1111328:33028464:748:"r_trunc_norm" "pt_rw_step_trunc" "pt_sampler_trunc" "system.time" 
:323500:1111328:34642496:434:"logf" "pt_rw_step_trunc" "pt_sampler_trunc" "system.time" 
:332077:1111328:37225944:700:"rnorm" "r_trunc_norm" "pt_rw_step_trunc" "pt_sampler_trunc" "system.time" 
:341563:1111328:40082672:775:"vapply" "pmax" "logf" "pt_rw_step_trunc" "pt_sampler_trunc" "system.time" 
:283659:1111328:22639848:432:"vapply" "pmax" "logf" "pt_rw_step_trunc" "pt_sampler_trunc" "system.time" 
:298726:1111328:27180440:1230:"logf" "pt_rw_step_trunc" "pt_sampler_trunc" "system.time" 
:313268:1111328:31560256:1183:"logf" "pt_rw_step_trunc" "pt_sampler_trunc" "system.time" 
:321300:1111328:33977160:653:"FUN" "vapply" "pmax" "logf" "pt_rw_step_trunc" "pt_sampler_trunc" "system.time" 
:332487:1111328:37343656:909:"Z_tail" "pt_rw_step_trunc" "pt_sampler_trunc" "system.time" 
:341585:1111328:40082672:743:"logf" "pt_rw_step_trunc" "pt_sampler_trunc" "system.time" 
:281562:1111328:22078560:296:"vapply" "pmax" "logf" "pt_sampler_trunc" "system.time" 
:290372:1111328:24729432:715:"pt_rw_step_trunc" "pt_sampler_trunc" "system.time" 
:300386:1111328:27750632:820:"pnorm" "Z_tail" "pt_rw_step_trunc" "pt_sampler_trunc" "system.time" 
:308145:1111328:30086616:632:"logf" "pt_rw_step_trunc" "pt_sampler_trunc" "system.time" 
:320901:1111328:33928440:1038:"pt_rw_step_trunc" "pt_sampler_trunc" "system.time" 
:331541:1111328:37127552:864:"pt_sampler_trunc" "system.time" 
:305481:1111328:29271928:3036:"pt_sampler_trunc" "system.time" 
:313810:1111328:31780280:678:"r_trunc_norm" "pt_rw_step_trunc" "pt_sampler_trunc" "system.time" 
:318125:1111328:33082784:355:"pmax" "logf" "pt_rw_step_trunc" "pt_sampler_trunc" "system.time" 
:323698:1111328:34762112:455:"rnorm" "r_trunc_norm" "pt_rw_step_trunc" "pt_sampler_trunc" "system.time" 
:329720:1111328:36580600:494:"length" "mostattributes<-" "pmax" "logf" "pt_rw_step_trunc" "pt_sampler_trunc" "system.time" 
:337370:1111328:38881528:620:"pt_rw_step_trunc" "pt_sampler_trunc" "system.time" 
:280142:1111328:21645176:504:"pmax" "logf" "pt_rw_step_trunc" "pt_sampler_trunc" "system.time" 
:286551:1111328:23579864:525:"vapply" "pmax" "logf" "pt_rw_step_trunc" "pt_sampler_trunc" "system.time" 
:306354:1111328:29547672:1619:"rnorm" "r_trunc_norm" "pt_rw_step_trunc" "pt_sampler_trunc" "system.time" 
:318064:1111328:33072816:951:"vapply" "pmax" "logf" "pt_rw_step_trunc" "pt_sampler_trunc" "system.time" 
:334903:1111328:38134600:1363:"Z_tail" "pt_rw_step_trunc" "pt_sampler_trunc" "system.time" 
:341387:1111328:40082672:527:"vapply" "pmax" "logf" "pt_sampler_trunc" "system.time" 
:294477:1111328:25962664:1347:"pt_rw_step_trunc" "pt_sampler_trunc" "system.time" 
:301349:1111328:28029848:558:"logf" "pt_rw_step_trunc" "pt_sampler_trunc" "system.time" 
:317330:1111328:32854304:1312:"logf" "pt_rw_step_trunc" "pt_sampler_trunc" "system.time" 
:325951:1111328:35452648:704:"logf" "pt_rw_step_trunc" "pt_sampler_trunc" "system.time" 
:335271:1111328:38258808:761:"vapply" "pmax" "logf" "pt_sampler_trunc" "system.time" 
:341325:1111328:40082672:493:"pt_rw_step_trunc" "pt_sampler_trunc" "system.time" 
:282361:1111328:22313144:360:"runif" "pt_rw_step_trunc" "pt_sampler_trunc" "system.time" 
:288382:1111328:24127488:490:"pnorm" "Z_tail" "pt_rw_step_trunc" "pt_sampler_trunc" "system.time" 
:293776:1111328:25751264:440:"rnorm" "r_trunc_norm" "pt_rw_step_trunc" "pt_sampler_trunc" "system.time" 
:300907:1111328:27897408:579:"pmax" "logf" "pt_rw_step_trunc" "pt_sampler_trunc" "system.time" 
:308733:1111328:30261000:643:"pt_rw_step_trunc" "pt_sampler_trunc" "system.time" 
:318316:1111328:33146456:782:"pt_rw_step_trunc" "pt_sampler_trunc" "system.time" 
:326109:1111328:35502432:642:"pt_rw_step_trunc" "pt_sampler_trunc" "system.time" 
:340534:1111328:39849488:1180:"logf" "pt_sampler_trunc" "system.time" 
:279966:1111328:21591080:227:"logf" "pt_rw_step_trunc" "pt_sampler_trunc" "system.time" 
:290966:1111328:24903872:898:"pmax" "logf" "pt_rw_step_trunc" "pt_sampler_trunc" "system.time" 
:297346:1111328:26825568:521:"mostattributes<-" "pmax" "logf" "pt_sampler_trunc" "system.time" 
:305335:1111328:29231272:651:"logf" "pt_rw_step_trunc" "pt_sampler_trunc" "system.time" 
:312290:1111328:31318000:558:"all" "pmax" "logf" "pt_rw_step_trunc" "pt_sampler_trunc" "system.time" 
:318882:1111328:33301744:537:"r_trunc_norm" "pt_rw_step_trunc" "pt_sampler_trunc" "system.time" 
:325926:1111328:35426608:575:"pnorm" "Z_tail" "pt_rw_step_trunc" "pt_sampler_trunc" "system.time" 
:333433:1111328:37677416:604:"vapply" "pmax" "logf" "pt_rw_step_trunc" "pt_sampler_trunc" "system.time" 
:341424:1111328:40082672:652:"pmax" "logf" "pt_rw_step_trunc" "pt_sampler_trunc" "system.time" 
:284525:1111328:22958376:533:"r_trunc_norm" "pt_rw_step_trunc" "pt_sampler_trunc" "system.time" 
:292018:1111328:25209520:607:"pmax" "logf" "pt_rw_step_trunc" "pt_sampler_trunc" "system.time" 
:297717:1111328:26924464:464:"any" "logf" "pt_rw_step_trunc" "pt_sampler_trunc" "system.time" 
:304314:1111328:28908208:536:"pt_rw_step_trunc" "pt_sampler_trunc" "system.time" 
:310754:1111328:30850848:529:"runif" "pt_rw_step_trunc" "pt_sampler_trunc" "system.time" 
:317927:1111328:33008024:582:"runif" "pt_rw_step_trunc" "pt_sampler_trunc" "system.time" 
:330397:1111328:36761200:1015:"FUN" "vapply" "pmax" "logf" "pt_rw_step_trunc" "pt_sampler_trunc" "system.time" 
:341430:1111328:40082672:900:"logf" "pt_rw_step_trunc" "pt_sampler_trunc" "system.time" 
:281584:1111328:22066128:290:"pmax" "logf" "pt_rw_step_trunc" "pt_sampler_trunc" "system.time" 
:288567:1111328:24168424:570:"vapply" "pmax" "logf" "pt_sampler_trunc" "system.time" 
:296490:1111328:26558168:651:"r_trunc_norm" "pt_rw_step_trunc" "pt_sampler_trunc" "system.time" 
:302648:1111328:28405888:499:"logf" "pt_sampler_trunc" "system.time" 
:310391:1111328:30735264:627:"Z_tail" "pt_rw_step_trunc" "pt_sampler_trunc" "system.time" 
:318346:1111328:33127024:647:"logf" "pt_rw_step_trunc" "pt_sampler_trunc" "system.time" 
:325177:1111328:35182840:555:"r_trunc_norm" "pt_rw_step_trunc" "pt_sampler_trunc" "system.time" 
:331166:1111328:36983352:486:"logf" "pt_rw_step_trunc" "pt_sampler_trunc" "system.time" 
:336559:1111328:38606904:441:"logf" "pt_rw_step_trunc" "pt_sampler_trunc" "system.time" 
:341465:1111328:40082672:399:"pt_rw_step_trunc" "pt_sampler_trunc" "system.time" 
:289142:1111328:24340568:906:"rnorm" "r_trunc_norm" "pt_rw_step_trunc" "pt_sampler_trunc" "system.time" 
:297839:1111328:26957896:709:"logf" "pt_rw_step_trunc" "pt_sampler_trunc" "system.time" 
:304072:1111328:28835296:508:"Z_tail" "pt_rw_step_trunc" "pt_sampler_trunc" "system.time" 
:310096:1111328:30651320:492:"Z_tail" "pt_rw_step_trunc" "pt_sampler_trunc" "system.time" 
:317472:1111328:32870320:599:"pt_rw_step_trunc" "pt_sampler_trunc" "system.time" 
:331528:1111328:37101736:1143:"vapply" "pmax" "logf" "pt_rw_step_trunc" "pt_sampler_trunc" "system.time" 
:341430:1111328:40082672:806:"pmax" "logf" "pt_rw_step_trunc" "pt_sampler_trunc" "system.time" 
:281141:1111328:21927808:251:"logf" "pt_rw_step_trunc" "pt_sampler_trunc" "system.time" 
:288346:1111328:24091536:583:"vapply" "pmax" "logf" "pt_rw_step_trunc" "pt_sampler_trunc" "system.time" 
:296837:1111328:26650400:695:"runif" "pt_sampler_trunc" "system.time" 
:303550:1111328:28675808:550:"rnorm" "r_trunc_norm" "pt_rw_step_trunc" "pt_sampler_trunc" "system.time" 
:312331:1111328:31322648:718:"pnorm" "Z_tail" "pt_rw_step_trunc" "pt_sampler_trunc" "system.time" 
:328197:1111328:36104712:1297:"vapply" "pmax" "logf" "pt_sampler_trunc" "system.time" 
:339507:1111328:39517688:929:"is.finite" "pt_sampler_trunc" "system.time" 
:280495:1111328:21726040:347:"vapply" "pmax" "logf" "pt_rw_step_trunc" "pt_sampler_trunc" "system.time" 
:287268:1111328:23771888:557:"pmax" "logf" "pt_rw_step_trunc" "pt_sampler_trunc" "system.time" 
:297292:1111328:26789112:817:"pmax" "logf" "pt_rw_step_trunc" "pt_sampler_trunc" "system.time" 
:304040:1111328:28827456:555:"pt_sampler_trunc" "system.time" 
:312602:1111328:31407264:699:"any" "logf" "pt_rw_step_trunc" "pt_sampler_trunc" "system.time" 
:325796:1111328:35380968:1076:"Z_tail" "pt_rw_step_trunc" "pt_sampler_trunc" "system.time" 
:295906:1111328:26362560:2716:"logf" "pt_rw_step_trunc" "pt_sampler_trunc" "system.time" 
:320802:1111328:33862808:2029:"Z_tail" "pt_rw_step_trunc" "pt_sampler_trunc" "system.time" 
:331347:1111328:37037952:859:"pnorm" "Z_tail" "pt_rw_step_trunc" "pt_sampler_trunc" "system.time" 
:279050:1111328:21281120:895:"logf" "pt_sampler_trunc" "system.time" 
:316790:1111328:32651304:3079:"FUN" "vapply" "pmax" "logf" "pt_rw_step_trunc" "pt_sampler_trunc" "system.time" 
:328879:1111328:36296512:989:"r_trunc_norm" "pt_rw_step_trunc" "pt_sampler_trunc" "system.time" 
:335673:1111328:38343480:555:"logf" "pt_rw_step_trunc" "pt_sampler_trunc" "system.time" 
:341456:1111328:40082672:468:"is.atomic" "FUN" "vapply" "pmax" "logf" "pt_rw_step_trunc" "pt_sampler_trunc" "system.time" 
:282223:1111328:22233232:327:"rnorm" "r_trunc_norm" "pt_rw_step_trunc" "pt_sampler_trunc" "system.time" 
:288978:1111328:24266928:549:"vapply" "pmax" "logf" "pt_rw_step_trunc" "pt_sampler_trunc" "system.time" 
:295397:1111328:26200104:523:"Z_tail" "pt_rw_step_trunc" "pt_sampler_trunc" "system.time" 
:302856:1111328:28445312:607:"pnorm" "Z_tail" "pt_rw_step_trunc" "pt_sampler_trunc" "system.time" 
:311018:1111328:30901528:664:"vapply" "pmax" "logf" "pt_rw_step_trunc" "pt_sampler_trunc" "system.time" 
:338086:1111328:39050144:2204:"pnorm" "Z_tail" "pt_rw_step_trunc" "pt_sampler_trunc" "system.time" 
:290759:1111328:24795736:1298:"logf" "pt_rw_step_trunc" "pt_sampler_trunc" "system.time" 
:297409:1111328:26798632:542:"match.fun" "vapply" "pmax" "logf" "pt_rw_step_trunc" "pt_sampler_trunc" "system.time" 
:287798:1111328:23902424:4380:"pmax" "logf" "pt_rw_step_trunc" "pt_sampler_trunc" "system.time" 
:317376:1111328:32807320:2410:"vapply" "pmax" "logf" "pt_rw_step_trunc" "pt_sampler_trunc" "system.time" 
:314487:1111328:31945200:4928:"vapply" "pmax" "logf" "pt_rw_step_trunc" "pt_sampler_trunc" "system.time" 
:328912:1111328:36279768:1167:"pt_sampler_trunc" "system.time" 
:338647:1111328:39210864:793:"pmax" "logf" "pt_sampler_trunc" "system.time" 
:327518:1111328:35859096:4248:"is.atomic" "FUN" "vapply" "pmax" "logf" "pt_rw_step_trunc" "pt_sampler_trunc" "system.time" 
:337079:1111328:38741416:782:"vapply" "pmax" "logf" "pt_rw_step_trunc" "pt_sampler_trunc" "system.time" 
:294263:1111328:25846576:1667:"logf" "pt_rw_step_trunc" "pt_sampler_trunc" "system.time" 
:340494:1111328:39777584:3779:"vapply" "pmax" "logf" "pt_rw_step_trunc" "pt_sampler_trunc" "system.time" 
:291822:1111328:25116504:1190:"vapply" "pmax" "logf" "pt_rw_step_trunc" "pt_sampler_trunc" "system.time" 
:304113:1111328:28813904:999:"pt_sampler_trunc" "system.time" 
:315928:1111328:32377296:965:"Z_tail" "pt_rw_step_trunc" "pt_sampler_trunc" "system.time" 
:341001:1111328:39930632:2047:"pt_sampler_trunc" "system.time" 
:314097:1111328:31817912:2959:"logf" "pt_rw_step_trunc" "pt_sampler_trunc" "system.time" 
:338570:1111328:39186728:1993:"mostattributes<-" "pmax" "logf" "pt_rw_step_trunc" "pt_sampler_trunc" "system.time" 
:341541:1111328:40082672:243:"Z_tail" "pt_rw_step_trunc" "pt_sampler_trunc" "system.time" 
:341541:1111328:40082672:0:"Z_tail" "pt_rw_step_trunc" "pt_sampler_trunc" "system.time" 
:341541:1111328:40082672:0:"Z_tail" "pt_rw_step_trunc" "pt_sampler_trunc" "system.time" 
:277871:1111328:20973624:0:"Z_tail" "pt_rw_step_trunc" "pt_sampler_trunc" "system.time" 
:277871:1111328:20973624:0:"Z_tail" "pt_rw_step_trunc" "pt_sampler_trunc" "system.time" 
:279485:1111328:21462224:134:"FUN" "vapply" "pmax" "logf" "pt_rw_step_trunc" "pt_sampler_trunc" "system.time" 
:287364:1111328:23835896:644:"pmax" "logf" "pt_rw_step_trunc" "pt_sampler_trunc" "system.time" 
:294930:1111328:26113080:616:"vapply" "pmax" "logf" "pt_rw_step_trunc" "pt_sampler_trunc" "system.time" 
:306333:1111328:29552152:933:"Z_tail" "pt_rw_step_trunc" "pt_sampler_trunc" "system.time" 
:317082:1111328:32794384:882:"Z_tail" "pt_rw_step_trunc" "pt_sampler_trunc" "system.time" 
:283296:1111328:22600256:2411:"length" "pmax" "logf" "pt_rw_step_trunc" "pt_sampler_trunc" "system.time" 
:311689:1111328:31144120:2308:"vapply" "pmax" "logf" "pt_sampler_trunc" "system.time" 
:321277:1111328:34036744:785:"r_trunc_norm" "pt_rw_step_trunc" "pt_sampler_trunc" "system.time" 
:290635:1111328:24807496:2671:"vapply" "pmax" "logf" "pt_rw_step_trunc" "pt_sampler_trunc" "system.time" 
:307371:1111328:29850184:1367:"pt_rw_step_trunc" "pt_sampler_trunc" "system.time" 
:316016:1111328:32448640:702:"pt_sampler_trunc" "system.time" 
:328546:1111328:36221136:1021:"vapply" "pmax" "logf" "pt_sampler_trunc" "system.time" 
:288337:1111328:24115560:1893:"pmax" "logf" "pt_rw_step_trunc" "pt_sampler_trunc" "system.time" 
:324944:1111328:35155960:2995:"pt_rw_step_trunc" "pt_sampler_trunc" "system.time" 
:283248:1111328:22579200:1761:"pmax" "logf" "pt_rw_step_trunc" "pt_sampler_trunc" "system.time" 
:327460:1111328:35903784:3610:"pt_sampler_trunc" "system.time" 
:280396:1111328:21716520:1324:"pt_rw_step_trunc" "pt_sampler_trunc" "system.time" 
:302080:1111328:28245728:1768:"mostattributes<-" "pmax" "logf" "pt_rw_step_trunc" "pt_sampler_trunc" "system.time" 
:341410:1111328:40082672:3198:"logf" "pt_rw_step_trunc" "pt_sampler_trunc" "system.time" 
:299887:1111328:27584424:1786:"pt_sampler_trunc" "system.time" 
:306164:1111328:29480136:515:"pt_rw_step_trunc" "pt_sampler_trunc" "system.time" 
:319160:1111328:33389776:1057:"pt_rw_step_trunc" "pt_sampler_trunc" "system.time" 
:327332:1111328:35857136:673:"pmax" "logf" "pt_sampler_trunc" "system.time" 
:341348:1111328:40082672:1145:"logf" "pt_rw_step_trunc" "pt_sampler_trunc" "system.time" 
:283659:1111328:22692488:459:"vapply" "pmax" "logf" "pt_rw_step_trunc" "pt_sampler_trunc" "system.time" 
:300884:1111328:27883688:1408:"logf" "pt_rw_step_trunc" "pt_sampler_trunc" "system.time" 
:326468:1111328:35597912:2093:"pt_sampler_trunc" "system.time" 
:339594:1111328:39546976:1068:"pt_sampler_trunc" "system.time" 
:285732:1111328:23311176:771:"FUN" "vapply" "pmax" "logf" "pt_rw_step_trunc" "pt_sampler_trunc" "system.time" 
:300933:1111328:27888000:1239:"pt_rw_step_trunc" "pt_sampler_trunc" "system.time" 
:313019:1111328:31520552:977:"pnorm" "Z_tail" "pt_rw_step_trunc" "pt_sampler_trunc" "system.time" 
:323355:1111328:34629336:840:"Z_tail" "pt_rw_step_trunc" "pt_sampler_trunc" "system.time" 
:341486:1111328:40082672:1472:"vapply" "pmax" "logf" "pt_sampler_trunc" "system.time" 
:283709:1111328:22700944:461:"runif" "pt_rw_step_trunc" "pt_sampler_trunc" "system.time" 
:302751:1111328:28437920:1554:"pt_rw_step_trunc" "pt_sampler_trunc" "system.time" 
:317353:1111328:32840920:1195:"logf" "pt_rw_step_trunc" "pt_sampler_trunc" "system.time" 
:280752:1111328:21809984:2179:"pt_sampler_trunc" "system.time" 
:306371:1111328:29529808:2089:"vapply" "pmax" "logf" "pt_rw_step_trunc" "pt_sampler_trunc" "system.time" 
:326961:1111328:35732312:1680:"vapply" "pmax" "logf" "pt_rw_step_trunc" "pt_sampler_trunc" "system.time" 
:333930:1111328:37837688:573:"pt_rw_step_trunc" "pt_sampler_trunc" "system.time" 
:288370:1111328:24095848:1440:"pt_sampler_trunc" "system.time" 
:303429:1111328:28632968:1227:"FUN" "vapply" "pmax" "logf" "pt_sampler_trunc" "system.time" 
:326939:1111328:35705320:1908:"pmax" "logf" "pt_rw_step_trunc" "pt_sampler_trunc" "system.time" 
:333949:1111328:37821448:575:"pt_rw_step_trunc" "pt_sampler_trunc" "system.time" 
:286710:1111328:23590112:1307:"vapply" "pmax" "logf" "pt_rw_step_trunc" "pt_sampler_trunc" "system.time" 
:292716:1111328:25397120:489:"pt_rw_step_trunc" "pt_sampler_trunc" "system.time" 
:325737:1111328:35347648:2699:"logf" "pt_rw_step_trunc" "pt_sampler_trunc" "system.time" 
:284670:1111328:22972656:1815:"pt_sampler_trunc" "system.time" 
:291248:1111328:24956232:538:"Z_tail" "pt_rw_step_trunc" "pt_sampler_trunc" "system.time" 
:309125:1111328:30340016:1458:"pmax" "logf" "pt_rw_step_trunc" "pt_sampler_trunc" "system.time" 
:315525:1111328:32271960:526:"pmax" "logf" "pt_rw_step_trunc" "pt_sampler_trunc" "system.time" 
:280313:1111328:21658000:2284:"runif" "pt_rw_step_trunc" "pt_sampler_trunc" "system.time" 
:300727:1111328:27812960:1668:"pt_sampler_trunc" "system.time" 
:317967:1111328:33004160:1403:"Z_tail" "pt_rw_step_trunc" "pt_sampler_trunc" "system.time" 
:327393:1111328:35842912:770:"length" "pmax" "logf" "pt_rw_step_trunc" "pt_sampler_trunc" "system.time" 
:334469:1111328:37978304:581:"pmax" "logf" "pt_sampler_trunc" "system.time" 
:285591:1111328:23247504:1174:"logf" "pt_sampler_trunc" "system.time" 
:302069:1111328:28208096:1341:"vapply" "pmax" "logf" "pt_rw_step_trunc" "pt_sampler_trunc" "system.time" 
:328918:1111328:36290464:2186:"vapply" "pmax" "logf" "pt_rw_step_trunc" "pt_sampler_trunc" "system.time" 
:288245:1111328:24041304:1849:"is.finite" "pt_sampler_trunc" "system.time" 
:317897:1111328:32978232:2421:"logf" "pt_rw_step_trunc" "pt_sampler_trunc" "system.time" 
:327252:1111328:35800184:765:"logf" "pt_rw_step_trunc" "pt_sampler_trunc" "system.time" 
:338800:1111328:39278008:944:"pt_sampler_trunc" "system.time" 
:286257:1111328:23439248:871:"match.fun" "vapply" "pmax" "logf" "pt_rw_step_trunc" "pt_sampler_trunc" "system.time" 
:300867:1111328:27842752:1194:"vapply" "pmax" "logf" "pt_rw_step_trunc" "pt_sampler_trunc" "system.time" 
:310693:1111328:30807336:805:"logf" "pt_rw_step_trunc" "pt_sampler_trunc" "system.time" 
:320898:1111328:33878600:830:"Z_tail" "pt_rw_step_trunc" "pt_sampler_trunc" "system.time" 
:284199:1111328:22816192:2165:"FUN" "vapply" "pmax" "logf" "pt_rw_step_trunc" "pt_sampler_trunc" "system.time" 
:308338:1111328:30089808:1972:"pmax" "logf" "pt_rw_step_trunc" "pt_sampler_trunc" "system.time" 
:317785:1111328:32937968:773:"rnorm" "r_trunc_norm" "pt_rw_step_trunc" "pt_sampler_trunc" "system.time" 
:332800:1111328:37468872:1232:"logf" "pt_rw_step_trunc" "pt_sampler_trunc" "system.time" 
:338892:1111328:39306400:499:"vapply" "pmax" "logf" "pt_rw_step_trunc" "pt_sampler_trunc" "system.time" 
:284074:1111328:22776152:683:"mostattributes<-" "pmax" "logf" "pt_rw_step_trunc" "pt_sampler_trunc" "system.time" 
:290444:1111328:24695272:522:"pmax" "logf" "pt_sampler_trunc" "system.time" 
:303668:1111328:28680904:1078:"logf" "pt_rw_step_trunc" "pt_sampler_trunc" "system.time" 
:332023:1111328:37212896:2305:"vapply" "pmax" "logf" "pt_rw_step_trunc" "pt_sampler_trunc" "system.time" 
:339068:1111328:39336696:576:"logf" "pt_rw_step_trunc" "pt_sampler_trunc" "system.time" 
:288002:1111328:23949520:989:"pt_sampler_trunc" "system.time" 
:295628:1111328:26253920:627:"FUN" "vapply" "pmax" "logf" "pt_rw_step_trunc" "pt_sampler_trunc" "system.time" 
:328592:1111328:36186752:2693:"logf" "pt_rw_step_trunc" "pt_sampler_trunc" "system.time" 
:287056:1111328:23737616:1804:"logf" "pt_sampler_trunc" "system.time" 
:295925:1111328:26401816:717:"vapply" "pmax" "logf" "pt_rw_step_trunc" "pt_sampler_trunc" "system.time" 
:311301:1111328:31036488:1258:"pmax" "logf" "pt_rw_step_trunc" "pt_sampler_trunc" "system.time" 
:318666:1111328:33254872:601:"logf" "pt_sampler_trunc" "system.time" 
:336406:1111328:38595928:1443:"pnorm" "Z_tail" "pt_rw_step_trunc" "pt_sampler_trunc" "system.time" 
:284510:1111328:22965712:943:"runif" "pt_rw_step_trunc" "pt_sampler_trunc" "system.time" 
:308848:1111328:30301040:1989:"any" "logf" "pt_rw_step_trunc" "pt_sampler_trunc" "system.time" 
:316111:1111328:32486496:589:"all" "pmax" "logf" "pt_rw_step_trunc" "pt_sampler_trunc" "system.time" 
:333327:1111328:37674392:1406:"r_trunc_norm" "pt_rw_step_trunc" "pt_sampler_trunc" "system.time" 
:339181:1111328:39441024:479:"pnorm" "Z_tail" "pt_rw_step_trunc" "pt_sampler_trunc" "system.time" 
:289790:1111328:24554656:1141:"r_trunc_norm" "pt_rw_step_trunc" "pt_sampler_trunc" "system.time" 
:299323:1111328:27427960:780:"pt_sampler_trunc" "system.time" 
:331982:1111328:37276064:2670:"rnorm" "r_trunc_norm" "pt_rw_step_trunc" "pt_sampler_trunc" "system.time" 
:341319:1111328:40082672:757:"pmax" "logf" "pt_rw_step_trunc" "pt_sampler_trunc" "system.time" 
:289668:1111328:24514672:959:"pt_rw_step_trunc" "pt_sampler_trunc" "system.time" 
:295296:1111328:26208336:458:"logf" "pt_rw_step_trunc" "pt_sampler_trunc" "system.time" 
:286538:1111328:23569784:4456:"runif" "pt_rw_step_trunc" "pt_sampler_trunc" "system.time" 
:293636:1111328:25711168:581:"Z_tail" "pt_rw_step_trunc" "pt_sampler_trunc" "system.time" 
:310558:1111328:30795520:1369:"any" "logf" "pt_rw_step_trunc" "pt_sampler_trunc" "system.time" 
:316168:1111328:32484144:456:"logf" "pt_rw_step_trunc" "pt_sampler_trunc" "system.time" 
:330438:1111328:36782480:1164:"rnorm" "r_trunc_norm" "pt_rw_step_trunc" "pt_sampler_trunc" "system.time" 
:282706:1111328:22410584:1275:"FUN" "vapply" "pmax" "logf" "pt_rw_step_trunc" "pt_sampler_trunc" "system.time" 
:301847:1111328:28169736:1557:"rnorm" "r_trunc_norm" "pt_rw_step_trunc" "pt_sampler_trunc" "system.time" 
:309113:1111328:30356256:590:"mostattributes<-" "pmax" "logf" "pt_rw_step_trunc" "pt_sampler_trunc" "system.time" 
:330188:1111328:36706824:1721:"logf" "pt_rw_step_trunc" "pt_sampler_trunc" "system.time" 
:304839:1111328:29077776:3105:"pnorm" "Z_tail" "pt_rw_step_trunc" "pt_sampler_trunc" "system.time" 
:328995:1111328:36357104:1974:"logf" "pt_rw_step_trunc" "pt_sampler_trunc" "system.time" 
:286816:1111328:23641408:1731:"logf" "pt_rw_step_trunc" "pt_sampler_trunc" "system.time" 
:327176:1111328:35798000:3290:"FUN" "vapply" "pmax" "logf" "pt_rw_step_trunc" "pt_sampler_trunc" "system.time" 
:286135:1111328:23422952:1809:"pt_rw_step_trunc" "pt_sampler_trunc" "system.time" 
:292563:1111328:25357248:523:"vapply" "pmax" "logf" "pt_rw_step_trunc" "pt_sampler_trunc" "system.time" 
:310363:1111328:30718240:1450:"Z_tail" "pt_rw_step_trunc" "pt_sampler_trunc" "system.time" 
:316117:1111328:32452000:470:"pmax" "logf" "pt_rw_step_trunc" "pt_sampler_trunc" "system.time" 
:323479:1111328:34668088:599:"pt_sampler_trunc" "system.time" 
:283842:1111328:22733144:1935:"vapply" "pmax" "logf" "pt_rw_step_trunc" "pt_sampler_trunc" "system.time" 
:308086:1111328:30035936:1979:"logf" "pt_rw_step_trunc" "pt_sampler_trunc" "system.time" 
:314934:1111328:32104352:563:"vapply" "pmax" "logf" "pt_rw_step_trunc" "pt_sampler_trunc" "system.time" 
:332596:1111328:37423848:1440:"vapply" "pmax" "logf" "pt_rw_step_trunc" "pt_sampler_trunc" "system.time" 
:338958:1111328:39343136:521:"pt_rw_step_trunc" "pt_sampler_trunc" "system.time" 
:290501:1111328:24732848:1206:"-" "logf" "pt_sampler_trunc" "system.time" 
:330197:1111328:36695456:3241:"pmax" "logf" "pt_rw_step_trunc" "pt_sampler_trunc" "system.time" 
:281822:1111328:22112608:1211:"is.finite" "pt_sampler_trunc" "system.time" 
:288025:1111328:23980096:505:"pmax" "logf" "pt_rw_step_trunc" "pt_sampler_trunc" "system.time" 
:305123:1111328:29126272:1390:"pt_rw_step_trunc" "pt_sampler_trunc" "system.time" 
:311167:1111328:30944536:492:"Z_tail" "pt_rw_step_trunc" "pt_sampler_trunc" "system.time" 
:318109:1111328:33039496:571:"pt_sampler_trunc" "system.time" 
:335591:1111328:38293248:1416:"pt_sampler_trunc" "system.time" 
:341542:1111328:40082672:483:"logf" "pt_rw_step_trunc" "pt_sampler_trunc" "system.time" 
:303826:1111328:28740544:2091:"pt_sampler_trunc" "system.time" 
:312776:1111328:31439408:732:"pt_sampler_trunc" "system.time" 
:319767:1111328:33537616:565:"pmax" "logf" "pt_rw_step_trunc" "pt_sampler_trunc" "system.time" 
:327764:1111328:35944104:650:"pmax" "logf" "pt_rw_step_trunc" "pt_sampler_trunc" "system.time" 
:334660:1111328:38027640:567:"pt_rw_step_trunc" "pt_sampler_trunc" "system.time" 
:292129:1111328:25217248:1695:"pmax" "logf" "pt_rw_step_trunc" "pt_sampler_trunc" "system.time" 
:303090:1111328:28521080:897:"rnorm" "r_trunc_norm" "pt_rw_step_trunc" "pt_sampler_trunc" "system.time" 
:310214:1111328:30666104:581:"logf" "pt_sampler_trunc" "system.time" 
:316487:1111328:32554928:511:"logf" "pt_rw_step_trunc" "pt_sampler_trunc" "system.time" 
:324481:1111328:34966008:655:"vapply" "pmax" "logf" "pt_sampler_trunc" "system.time" 
:334601:1111328:38021144:830:"vapply" "pmax" "logf" "pt_rw_step_trunc" "pt_sampler_trunc" "system.time" 
:278221:1111328:21023464:559:"logf" "pt_sampler_trunc" "system.time" 
:288772:1111328:24203704:861:"pmax" "logf" "pt_rw_step_trunc" "pt_sampler_trunc" "system.time" 
:297057:1111328:26697328:674:"vapply" "pmax" "logf" "pt_rw_step_trunc" "pt_sampler_trunc" "system.time" 
:302617:1111328:28370608:451:"logf" "pt_rw_step_trunc" "pt_sampler_trunc" "system.time" 
:309366:1111328:30404024:551:"logf" "pt_rw_step_trunc" "pt_sampler_trunc" "system.time" 
:316613:1111328:32585168:589:"pmax" "logf" "pt_rw_step_trunc" "pt_sampler_trunc" "system.time" 
:329522:1111328:36471008:1050:"pt_rw_step_trunc" "pt_sampler_trunc" "system.time" 
:341524:1111328:40082672:976:"pt_sampler_trunc" "system.time" 
:284780:1111328:22987328:526:"pt_sampler_trunc" "system.time" 
:293741:1111328:25681600:727:"logf" "pt_rw_step_trunc" "pt_sampler_trunc" "system.time" 
:300153:1111328:27612592:522:"vapply" "pmax" "logf" "pt_rw_step_trunc" "pt_sampler_trunc" "system.time" 
:305978:1111328:29366848:476:"logf" "pt_rw_step_trunc" "pt_sampler_trunc" "system.time" 
:313256:1111328:31553648:588:"is.atomic" "FUN" "vapply" "pmax" "logf" "pt_rw_step_trunc" "pt_sampler_trunc" "system.time" 
:318453:1111328:33125344:432:"logf" "pt_sampler_trunc" "system.time" 
:334206:1111328:37865744:1281:"logf" "pt_rw_step_trunc" "pt_sampler_trunc" "system.time" 
:339823:1111328:39560528:460:"pt_rw_step_trunc" "pt_sampler_trunc" "system.time" 
:341563:1111328:40082672:143:"logf" "pt_sampler_trunc" "system.time" 
:283716:1111328:22674288:447:"logf" "pt_rw_step_trunc" "pt_sampler_trunc" "system.time" 
:289560:1111328:24432968:477:"vapply" "pmax" "logf" "pt_sampler_trunc" "system.time" 
:296048:1111328:26387200:528:"logf" "pt_rw_step_trunc" "pt_sampler_trunc" "system.time" 
:302248:1111328:28257320:508:"vapply" "pmax" "logf" "pt_rw_step_trunc" "pt_sampler_trunc" "system.time" 
:310496:1111328:30742768:673:"all" "pmax" "logf" "pt_rw_step_trunc" "pt_sampler_trunc" "system.time" 
:316188:1111328:32454856:462:"logf" "pt_rw_step_trunc" "pt_sampler_trunc" "system.time" 
:330403:1111328:36736112:1159:"logf" "pt_rw_step_trunc" "pt_sampler_trunc" "system.time" 
:341524:1111328:40082672:904:"pmax" "logf" "pt_rw_step_trunc" "pt_sampler_trunc" "system.time" 
:282336:1111328:22254960:335:"pt_sampler_trunc" "system.time" 
:287405:1111328:23777152:409:"logf" "pt_rw_step_trunc" "pt_sampler_trunc" "system.time" 
:292787:1111328:25391240:434:"logf" "pt_rw_step_trunc" "pt_sampler_trunc" "system.time" 
:298272:1111328:27040944:446:"FUN" "vapply" "pmax" "logf" "pt_sampler_trunc" "system.time" 
:303813:1111328:28709800:451:"Z_tail" "pt_rw_step_trunc" "pt_sampler_trunc" "system.time" 
:309412:1111328:30393608:453:"vapply" "pmax" "logf" "pt_rw_step_trunc" "pt_sampler_trunc" "system.time" 
:315483:1111328:32218872:493:"is.finite" "pt_sampler_trunc" "system.time" 
:323192:1111328:34538840:626:"pt_sampler_trunc" "system.time" 
:329545:1111328:36453648:518:"pmax" "logf" "pt_rw_step_trunc" "pt_sampler_trunc" "system.time" 
:340790:1111328:39840136:917:"is.atomic" "FUN" "vapply" "pmax" "logf" "pt_rw_step_trunc" "pt_sampler_trunc" "system.time" 
:279628:1111328:21434672:175:"pmax" "logf" "pt_rw_step_trunc" "pt_sampler_trunc" "system.time" 
:284742:1111328:22965432:409:"match.fun" "vapply" "pmax" "logf" "pt_rw_step_trunc" "pt_sampler_trunc" "system.time" 
:289619:1111328:24434872:400:"logf" "pt_sampler_trunc" "system.time" 
:302057:1111328:28175728:1007:"rnorm" "r_trunc_norm" "pt_rw_step_trunc" "pt_sampler_trunc" "system.time" 
:308942:1111328:30251816:564:"rnorm" "r_trunc_norm" "pt_rw_step_trunc" "pt_sampler_trunc" "system.time" 
:317897:1111328:32946928:729:"vapply" "pmax" "logf" "pt_rw_step_trunc" "pt_sampler_trunc" "system.time" 
:327600:1111328:35864528:785:"pmax" "logf" "pt_rw_step_trunc" "pt_sampler_trunc" "system.time" 
:331620:1111328:37076928:329:"match.fun" "vapply" "pmax" "logf" "pt_rw_step_trunc" "pt_sampler_trunc" "system.time" 
:335420:1111328:38222576:311:"pt_rw_step_trunc" "pt_sampler_trunc" "system.time" 
:340381:1111328:39712680:400:"pmax" "logf" "pt_rw_step_trunc" "pt_sampler_trunc" "system.time" 
:280331:1111328:21642208:266:"r_trunc_norm" "pt_rw_step_trunc" "pt_sampler_trunc" "system.time" 
:286742:1111328:23571856:523:"vapply" "pmax" "logf" "pt_sampler_trunc" "system.time" 
:300112:1111328:27602232:1092:"is.atomic" "FUN" "vapply" "pmax" "logf" "pt_rw_step_trunc" "pt_sampler_trunc" "system.time" 
:307426:1111328:29804264:595:"pmax" "logf" "pt_rw_step_trunc" "pt_sampler_trunc" "system.time" 
:313186:1111328:31537240:467:"FUN" "vapply" "pmax" "logf" "pt_rw_step_trunc" "pt_sampler_trunc" "system.time" 
:319891:1111328:33558336:548:"FUN" "vapply" "pmax" "logf" "pt_rw_step_trunc" "pt_sampler_trunc" "system.time" 
:325912:1111328:35370216:490:"match.fun" "vapply" "pmax" "logf" "pt_rw_step_trunc" "pt_sampler_trunc" "system.time" 
:284308:1111328:22833496:1764:"is.atomic" "FUN" "vapply" "pmax" "logf" "pt_rw_step_trunc" "pt_sampler_trunc" "system.time" 
:289410:1111328:24372040:420:"pmax" "logf" "pt_sampler_trunc" "system.time" 
:298081:1111328:26982088:706:"vapply" "pmax" "logf" "pt_sampler_trunc" "system.time" 
:302224:1111328:28227136:334:"logf" "pt_rw_step_trunc" "pt_sampler_trunc" "system.time" 
:311892:1111328:31138576:786:"FUN" "vapply" "pmax" "logf" "pt_rw_step_trunc" "pt_sampler_trunc" "system.time" 
:323592:1111328:34648432:941:"pmax" "logf" "pt_rw_step_trunc" "pt_sampler_trunc" "system.time" 
:334704:1111328:37981160:895:"logf" "pt_rw_step_trunc" "pt_sampler_trunc" "system.time" 
:341677:1111328:40082672:570:"logf" "pt_sampler_trunc" "system.time" 
:277880:1111328:20973288:0:"logf" "pt_sampler_trunc" "system.time" 
:286714:1111328:23639112:723:"is.finite" "pt_rw_step_trunc" "pt_sampler_trunc" "system.time" 
:301977:1111328:28242872:1251:"pmax" "logf" "pt_rw_step_trunc" "pt_sampler_trunc" "system.time" 
:320885:1111328:33934712:1538:"pmax" "logf" "pt_sampler_trunc" "system.time" 
:338404:1111328:39214504:1430:"vapply" "pmax" "logf" "pt_rw_step_trunc" "pt_sampler_trunc" "system.time" 
:296988:1111328:26733616:1800:"logf" "pt_rw_step_trunc" "pt_sampler_trunc" "system.time" 
:304056:1111328:28852880:569:"pt_sampler_trunc" "system.time" 
:310728:1111328:30864512:546:"pt_rw_step_trunc" "pt_sampler_trunc" "system.time" 
:319609:1111328:33540304:724:"logf" "pt_rw_step_trunc" "pt_sampler_trunc" "system.time" 
:339198:1111328:39440576:1599:"logf" "pt_rw_step_trunc" "pt_sampler_trunc" "system.time" 
:288982:1111328:24309432:1074:"vapply" "pmax" "logf" "pt_rw_step_trunc" "pt_sampler_trunc" "system.time" 
:297958:1111328:27011376:731:"pt_sampler_trunc" "system.time" 
:314635:1111328:32035024:1358:"pmax" "logf" "pt_rw_step_trunc" "pt_sampler_trunc" "system.time" 
:284121:1111328:22842344:2680:"pt_sampler_trunc" "system.time" 
:291372:1111328:25017216:583:"vapply" "pmax" "logf" "pt_sampler_trunc" "system.time" 
:327779:1111328:35980392:2969:"pt_sampler_trunc" "system.time" 
:332666:1111328:37452520:397:"pmax" "logf" "pt_rw_step_trunc" "pt_sampler_trunc" "system.time" 
:283772:1111328:22738968:1189:"pt_rw_step_trunc" "pt_sampler_trunc" "system.time" 
:305922:1111328:29405488:1803:"Z_tail" "pt_rw_step_trunc" "pt_sampler_trunc" "system.time" 
:314538:1111328:32000248:703:"-" "logf" "pt_rw_step_trunc" "pt_sampler_trunc" "system.time" 
:321329:1111328:34048000:558:"list" "pt_rw_step_trunc" "pt_sampler_trunc" "system.time" 
:341348:1111328:40082672:1638:"runif" "pt_rw_step_trunc" "pt_sampler_trunc" "system.time" 
:280131:1111328:21635768:176:"all" "pmax" "logf" "pt_rw_step_trunc" "pt_sampler_trunc" "system.time" 
:284204:1111328:22864352:334:"pt_sampler_trunc" "system.time" 
:290251:1111328:24687712:494:"logf" "pt_rw_step_trunc" "pt_sampler_trunc" "system.time" 
:295030:1111328:26126240:389:"vapply" "pmax" "logf" "pt_rw_step_trunc" "pt_sampler_trunc" "system.time" 
:300257:1111328:27698608:425:"list" "pt_rw_step_trunc" "pt_sampler_trunc" "system.time" 
:305284:1111328:29210776:408:"is.finite" "pt_rw_step_trunc" "pt_sampler_trunc" "system.time" 
:310023:1111328:30643088:390:"pt_rw_step_trunc" "pt_sampler_trunc" "system.time" 
:316620:1111328:32621904:532:"logf" "pt_sampler_trunc" "system.time" 
:322141:1111328:34285216:453:"pmax" "logf" "pt_sampler_trunc" "system.time" 
:327505:1111328:35900704:435:"pnorm" "Z_tail" "pt_rw_step_trunc" "pt_sampler_trunc" "system.time" 
:336737:1111328:38674384:749:"vapply" "pmax" "logf" "pt_sampler_trunc" "system.time" 
:338981:1111328:39351592:184:"pmax" "logf" "pt_rw_step_trunc" "pt_sampler_trunc" "system.time" 
:341210:1111328:40023648:180:"FUN" "vapply" "pmax" "logf" "pt_rw_step_trunc" "pt_sampler_trunc" "system.time" 
:278299:1111328:21083664:44:"pmax" "logf" "pt_rw_step_trunc" "pt_sampler_trunc" "system.time" 
:284762:1111328:23028544:526:"is.atomic" "FUN" "vapply" "pmax" "logf" "pt_sampler_trunc" "system.time" 
:289518:1111328:24462704:389:"logf" "pt_rw_step_trunc" "pt_sampler_trunc" "system.time" 
:295018:1111328:26117336:446:"pmax" "logf" "pt_rw_step_trunc" "pt_sampler_trunc" "system.time" 
:301467:1111328:28059472:527:"length" "pmax" "logf" "pt_rw_step_trunc" "pt_sampler_trunc" "system.time" 
:308140:1111328:30067408:542:"logf" "pt_rw_step_trunc" "pt_sampler_trunc" "system.time" 
:314267:1111328:31914568:502:"logf" "pt_rw_step_trunc" "pt_sampler_trunc" "system.time" 
:328729:1111328:36277528:1184:"vapply" "pmax" "logf" "pt_rw_step_trunc" "pt_sampler_trunc" "system.time" 
:334898:1111328:38139360:506:"pnorm" "Z_tail" "pt_rw_step_trunc" "pt_sampler_trunc" "system.time" 
:340332:1111328:39774000:442:"vapply" "pmax" "logf" "pt_rw_step_trunc" "pt_sampler_trunc" "system.time" 
:282930:1111328:22471008:485:"length" "logf" "pt_rw_step_trunc" "pt_sampler_trunc" "system.time" 
:288415:1111328:24123904:447:"pt_rw_step_trunc" "pt_sampler_trunc" "system.time" 
:306840:1111328:29677536:1507:"pt_sampler_trunc" "system.time" 
:315278:1111328:32221728:690:"pt_sampler_trunc" "system.time" 
:320952:1111328:33932864:464:"logf" "pt_rw_step_trunc" "pt_sampler_trunc" "system.time" 
:341381:1111328:40082672:1663:"vapply" "pmax" "logf" "pt_rw_step_trunc" "pt_sampler_trunc" "system.time" 
:282890:1111328:22459920:397:"attributes" "pmax" "logf" "pt_rw_step_trunc" "pt_sampler_trunc" "system.time" 
:291995:1111328:25201120:742:"pmax" "logf" "pt_rw_step_trunc" "pt_sampler_trunc" "system.time" 
:300359:1111328:27718544:681:"Z_tail" "pt_rw_step_trunc" "pt_sampler_trunc" "system.time" 
:307505:1111328:29867824:581:"length" "mostattributes<-" "pmax" "logf" "pt_rw_step_trunc" "pt_sampler_trunc" "system.time" 
:319073:1111328:33353712:945:"FUN" "vapply" "pmax" "logf" "pt_rw_step_trunc" "pt_sampler_trunc" "system.time" 
:327056:1111328:35762104:656:"match.fun" "vapply" "pmax" "logf" "pt_sampler_trunc" "system.time" 
:333687:1111328:37755872:538:"any" "logf" "pt_rw_step_trunc" "pt_sampler_trunc" "system.time" 
:339847:1111328:39612272:503:"rnorm" "r_trunc_norm" "pt_rw_step_trunc" "pt_sampler_trunc" "system.time" 
:288332:1111328:24082744:957:"vapply" "pmax" "logf" "pt_rw_step_trunc" "pt_sampler_trunc" "system.time" 
:297376:1111328:26803672:735:"Z_tail" "pt_rw_step_trunc" "pt_sampler_trunc" "system.time" 
:308192:1111328:30054640:876:"pt_sampler_trunc" "system.time" 
:318077:1111328:33035800:808:"logf" "pt_rw_step_trunc" "pt_sampler_trunc" "system.time" 
:323441:1111328:34652072:437:"FUN" "vapply" "pmax" "logf" "pt_rw_step_trunc" "pt_sampler_trunc" "system.time" 
:329108:1111328:36355312:459:"rnorm" "r_trunc_norm" "pt_rw_step_trunc" "pt_sampler_trunc" "system.time" 
:341478:1111328:40082672:1012:"pt_sampler_trunc" "system.time" 
:285645:1111328:23285024:621:"FUN" "vapply" "pmax" "logf" "pt_rw_step_trunc" "pt_sampler_trunc" "system.time" 
:297441:1111328:26844048:968:"logf" "pt_rw_step_trunc" "pt_sampler_trunc" "system.time" 
:304272:1111328:28900424:555:"rnorm" "r_trunc_norm" "pt_rw_step_trunc" "pt_sampler_trunc" "system.time" 
:310336:1111328:30728992:498:"pt_rw_step_trunc" "pt_sampler_trunc" "system.time" 
:333779:1111328:37797592:1920:"pt_sampler_trunc" "system.time" 
:282481:1111328:22332296:984:"pt_rw_step_trunc" "pt_sampler_trunc" "system.time" 
:289634:1111328:24480904:577:"vapply" "pmax" "logf" "pt_rw_step_trunc" "pt_sampler_trunc" "system.time" 
:296195:1111328:26460672:538:"Z_tail" "pt_rw_step_trunc" "pt_sampler_trunc" "system.time" 
:303534:1111328:28670656:599:"logf" "pt_sampler_trunc" "system.time" 
:310526:1111328:30774408:567:"FUN" "vapply" "pmax" "logf" "pt_rw_step_trunc" "pt_sampler_trunc" "system.time" 
:317074:1111328:32751824:537:"pnorm" "Z_tail" "pt_rw_step_trunc" "pt_sampler_trunc" "system.time" 
:325938:1111328:35424928:728:"pt_rw_step_trunc" "pt_sampler_trunc" "system.time" 
:333781:1111328:37781968:633:"vapply" "pmax" "logf" "pt_rw_step_trunc" "pt_sampler_trunc" "system.time" 
:278356:1111328:21079520:643:"pt_rw_step_trunc" "pt_sampler_trunc" "system.time" 
:286886:1111328:23651488:698:"rnorm" "r_trunc_norm" "pt_rw_step_trunc" "pt_sampler_trunc" "system.time" 
:296769:1111328:26627496:804:"rnorm" "r_trunc_norm" "pt_rw_step_trunc" "pt_sampler_trunc" "system.time" 
:303773:1111328:28735392:570:"is.finite" "pt_rw_step_trunc" "pt_sampler_trunc" "system.time" 
:310067:1111328:30632168:513:"is.atomic" "FUN" "vapply" "pmax" "logf" "pt_rw_step_trunc" "pt_sampler_trunc" "system.time" 
:317919:1111328:32993968:638:"Z_tail" "pt_rw_step_trunc" "pt_sampler_trunc" "system.time" 
:330343:1111328:36734152:1012:"pmax" "logf" "pt_rw_step_trunc" "pt_sampler_trunc" "system.time" 
:341461:1111328:40082672:906:"vapply" "pmax" "logf" "pt_rw_step_trunc" "pt_sampler_trunc" "system.time" 
:301379:1111328:28014840:1900:"pmax" "logf" "pt_rw_step_trunc" "pt_sampler_trunc" "system.time" 
:313801:1111328:31760512:1016:"logf" "pt_rw_step_trunc" "pt_sampler_trunc" "system.time" 
:323941:1111328:34809264:822:"vapply" "pmax" "logf" "pt_rw_step_trunc" "pt_sampler_trunc" "system.time" 
:332180:1111328:37290848:672:"logf" "pt_rw_step_trunc" "pt_sampler_trunc" "system.time" 
:278325:1111328:21064680:770:"pnorm" "Z_tail" "pt_rw_step_trunc" "pt_sampler_trunc" "system.time" 
:286099:1111328:23400944:632:"vapply" "pmax" "logf" "pt_rw_step_trunc" "pt_sampler_trunc" "system.time" 
:293619:1111328:25668104:614:"pmax" "logf" "pt_rw_step_trunc" "pt_sampler_trunc" "system.time" 
:299442:1111328:27419896:474:"pmax" "logf" "pt_rw_step_trunc" "pt_sampler_trunc" "system.time" 
:309083:1111328:30320136:783:"rnorm" "r_trunc_norm" "pt_rw_step_trunc" "pt_sampler_trunc" "system.time" 
:323762:1111328:34741952:1196:"pmax" "logf" "pt_rw_step_trunc" "pt_sampler_trunc" "system.time" 
:330028:1111328:36632008:512:"pnorm" "Z_tail" "pt_rw_step_trunc" "pt_sampler_trunc" "system.time" 
:338010:1111328:39036144:653:"logf" "pt_rw_step_trunc" "pt_sampler_trunc" "system.time" 
:341474:1111328:40082672:285:"pt_rw_step_trunc" "pt_sampler_trunc" "system.time" 
:286817:1111328:23616992:705:"pmax" "logf" "pt_rw_step_trunc" "pt_sampler_trunc" "system.time" 
:295026:1111328:26087488:669:"pt_sampler_trunc" "system.time" 
:303237:1111328:28559496:668:"length" "logf" "pt_rw_step_trunc" "pt_sampler_trunc" "system.time" 
:309244:1111328:30368968:491:"logf" "pt_rw_step_trunc" "pt_sampler_trunc" "system.time" 
:316642:1111328:32599616:605:"pt_rw_step_trunc" "pt_sampler_trunc" "system.time" 
:328590:1111328:36196720:973:"vapply" "pmax" "logf" "pt_sampler_trunc" "system.time" 
:285564:1111328:23233448:1652:"logf" "pt_sampler_trunc" "system.time" 
:299746:1111328:27506920:1156:"vapply" "pmax" "logf" "pt_sampler_trunc" "system.time" 
:314810:1111328:32043088:1226:"pmax" "logf" "pt_rw_step_trunc" "pt_sampler_trunc" "system.time" 
:321192:1111328:33967920:524:"pt_rw_step_trunc" "pt_sampler_trunc" "system.time" 
:327112:1111328:35754432:485:"pmax" "logf" "pt_rw_step_trunc" "pt_sampler_trunc" "system.time" 
:335305:1111328:38219832:666:"pt_rw_step_trunc" "pt_sampler_trunc" "system.time" 
:341492:1111328:40082672:506:"pt_rw_step_trunc" "pt_sampler_trunc" "system.time" 
:293457:1111328:25612496:1245:"pmax" "logf" "pt_rw_step_trunc" "pt_sampler_trunc" "system.time" 
:304394:1111328:28910616:894:"vapply" "pmax" "logf" "pt_rw_step_trunc" "pt_sampler_trunc" "system.time" 
:315640:1111328:32301808:920:"Z_tail" "pt_rw_step_trunc" "pt_sampler_trunc" "system.time" 
:330815:1111328:36869504:1234:"vapply" "pmax" "logf" "pt_rw_step_trunc" "pt_sampler_trunc" "system.time" 
:338700:1111328:39241944:642:"FUN" "vapply" "pmax" "logf" "pt_rw_step_trunc" "pt_sampler_trunc" "system.time" 
:307017:1111328:29696912:2583:"pt_sampler_trunc" "system.time" 
:314525:1111328:31954496:609:"vapply" "pmax" "logf" "pt_rw_step_trunc" "pt_sampler_trunc" "system.time" 
:324799:1111328:35055048:843:"pt_sampler_trunc" "system.time" 
:331750:1111328:37141776:560:"logf" "pt_rw_step_trunc" "pt_sampler_trunc" "system.time" 
:289187:1111328:24316880:1691:"vapply" "pmax" "logf" "pt_rw_step_trunc" "pt_sampler_trunc" "system.time" 
:301584:1111328:28054320:1014:"logf" "pt_rw_step_trunc" "pt_sampler_trunc" "system.time" 
:334676:1111328:38010784:2688:"pmax" "logf" "pt_rw_step_trunc" "pt_sampler_trunc" "system.time" 
:282635:1111328:22336272:911:"logf" "pt_rw_step_trunc" "pt_sampler_trunc" "system.time" 
:292381:1111328:25275376:798:"logf" "pt_rw_step_trunc" "pt_sampler_trunc" "system.time" 
:305162:1111328:29124200:1041:"vapply" "pmax" "logf" "pt_rw_step_trunc" "pt_sampler_trunc" "system.time" 
:316982:1111328:32686640:966:"logf" "pt_rw_step_trunc" "pt_sampler_trunc" "system.time" 
:329756:1111328:36539048:1046:"pnorm" "Z_tail" "pt_rw_step_trunc" "pt_sampler_trunc" "system.time" 
:283010:1111328:22517824:1379:"logf" "pt_rw_step_trunc" "pt_sampler_trunc" "system.time" 
:307516:1111328:29896944:2000:"pt_sampler_trunc" "system.time" 
:317824:1111328:33008416:846:"runif" "pt_rw_step_trunc" "pt_sampler_trunc" "system.time" 
:325213:1111328:35231336:601:"vapply" "pmax" "logf" "pt_rw_step_trunc" "pt_sampler_trunc" "system.time" 
:340485:1111328:39835992:1248:"FUN" "vapply" "pmax" "logf" "pt_rw_step_trunc" "pt_sampler_trunc" "system.time" 
:280223:1111328:21676648:257:"runif" "pt_rw_step_trunc" "pt_sampler_trunc" "system.time" 
:285775:1111328:23348752:453:"vapply" "pmax" "logf" "pt_rw_step_trunc" "pt_sampler_trunc" "system.time" 
:292489:1111328:25371976:549:"pt_sampler_trunc" "system.time" 
:297901:1111328:27006616:445:"logf" "pt_rw_step_trunc" "pt_sampler_trunc" "system.time" 
:304028:1111328:28847000:495:"pmax" "logf" "pt_sampler_trunc" "system.time" 
:309111:1111328:30379776:414:"pnorm" "Z_tail" "pt_rw_step_trunc" "pt_sampler_trunc" "system.time" 
:314919:1111328:32126192:472:"pmax" "logf" "pt_rw_step_trunc" "pt_sampler_trunc" "system.time" 
:320297:1111328:33746440:438:"mostattributes<-" "pmax" "logf" "pt_rw_step_trunc" "pt_sampler_trunc" "system.time" 
:334782:1111328:38110240:1182:"logf" "pt_rw_step_trunc" "pt_sampler_trunc" "system.time" 
:341342:1111328:40082672:533:"vapply" "pmax" "logf" "pt_sampler_trunc" "system.time" 
:289020:1111328:24323824:907:"pmax" "logf" "pt_rw_step_trunc" "pt_sampler_trunc" "system.time" 
:294797:1111328:26065984:473:"logf" "pt_rw_step_trunc" "pt_sampler_trunc" "system.time" 
:300792:1111328:27871648:489:"logf" "pt_sampler_trunc" "system.time" 
:306912:1111328:29708224:493:"pt_rw_step_trunc" "pt_sampler_trunc" "system.time" 
:317463:1111328:32893224:868:"logf" "pt_rw_step_trunc" "pt_sampler_trunc" "system.time" 
:336720:1111328:38696952:1573:"pt_rw_step_trunc" "pt_sampler_trunc" "system.time" 
:341330:1111328:40082672:375:"vapply" "pmax" "logf" "pt_rw_step_trunc" "pt_sampler_trunc" "system.time" 
:281248:1111328:21977984:270:"pmax" "logf" "pt_rw_step_trunc" "pt_sampler_trunc" "system.time" 
:290320:1111328:24712240:743:"pt_sampler_trunc" "system.time" 
:295989:1111328:26423432:464:"pmax" "logf" "pt_rw_step_trunc" "pt_sampler_trunc" "system.time" 
:301985:1111328:28232344:491:"FUN" "vapply" "pmax" "logf" "pt_rw_step_trunc" "pt_sampler_trunc" "system.time" 
:309154:1111328:30391480:585:"logf" "pt_sampler_trunc" "system.time" 
:330604:1111328:36855616:1754:"pt_sampler_trunc" "system.time" 
:337869:1111328:39038272:588:"pt_sampler_trunc" "system.time" 
:278362:1111328:21105840:314:"logf" "pt_rw_step_trunc" "pt_sampler_trunc" "system.time" 
:282790:1111328:22441944:365:"pmax" "logf" "pt_sampler_trunc" "system.time" 
:296810:1111328:26664456:1142:"vapply" "pmax" "logf" "pt_rw_step_trunc" "pt_sampler_trunc" "system.time" 
:303249:1111328:28597912:521:"pt_rw_step_trunc" "pt_sampler_trunc" "system.time" 
:314190:1111328:31901744:901:"pmax" "logf" "pt_rw_step_trunc" "pt_sampler_trunc" "system.time" 
:318348:1111328:33153120:337:"mostattributes<-" "pmax" "logf" "pt_rw_step_trunc" "pt_sampler_trunc" "system.time" 
:322481:1111328:34398224:339:"vapply" "pmax" "logf" "pt_rw_step_trunc" "pt_sampler_trunc" "system.time" 
:328765:1111328:36289344:512:"FUN" "vapply" "pmax" "logf" "pt_sampler_trunc" "system.time" 
:334535:1111328:38022488:467:"mostattributes<-" "pmax" "logf" "pt_sampler_trunc" "system.time" 
:341036:1111328:39975936:526:"pt_sampler_trunc" "system.time" 
:280303:1111328:21682360:214:"logf" "pt_rw_step_trunc" "pt_sampler_trunc" "system.time" 
:287021:1111328:23707544:550:"pmax" "logf" "pt_rw_step_trunc" "pt_sampler_trunc" "system.time" 
:294402:1111328:25925424:599:"pmax" "logf" "pt_rw_step_trunc" "pt_sampler_trunc" "system.time" 
:299966:1111328:27605144:456:"FUN" "vapply" "pmax" "logf" "pt_sampler_trunc" "system.time" 
:305742:1111328:29346408:472:"vapply" "pmax" "logf" "pt_sampler_trunc" "system.time" 
:313811:1111328:31780000:661:"r_trunc_norm" "pt_rw_step_trunc" "pt_sampler_trunc" "system.time" 
:318118:1111328:33074384:348:"rnorm" "r_trunc_norm" "pt_rw_step_trunc" "pt_sampler_trunc" "system.time" 
:324776:1111328:35081872:545:"Z_tail" "pt_rw_step_trunc" "pt_sampler_trunc" "system.time" 
:329673:1111328:36553216:397:"pt_sampler_trunc" "system.time" 
:335873:1111328:38422328:507:"logf" "pt_rw_step_trunc" "pt_sampler_trunc" "system.time" 
:341387:1111328:40082672:449:"logf" "pt_rw_step_trunc" "pt_sampler_trunc" "system.time" 
:280880:1111328:21857864:235:"logf" "pt_rw_step_trunc" "pt_sampler_trunc" "system.time" 
:284680:1111328:23004128:312:"logf" "pt_rw_step_trunc" "pt_sampler_trunc" "system.time" 
:295691:1111328:26318992:897:"list" "pt_rw_step_trunc" "pt_sampler_trunc" "system.time" 
:301578:1111328:28094696:481:"vapply" "pmax" "logf" "pt_rw_step_trunc" "pt_sampler_trunc" "system.time" 
:306681:1111328:29632680:416:"is.atomic" "FUN" "vapply" "pmax" "logf" "pt_rw_step_trunc" "pt_sampler_trunc" "system.time" 
:312893:1111328:31506272:508:"vapply" "pmax" "logf" "pt_rw_step_trunc" "pt_sampler_trunc" "system.time" 
:318564:1111328:33212424:462:"vapply" "pmax" "logf" "pt_rw_step_trunc" "pt_sampler_trunc" "system.time" 
:324256:1111328:34930840:466:"Z_tail" "pt_rw_step_trunc" "pt_sampler_trunc" "system.time" 
:333180:1111328:37617720:728:"vapply" "pmax" "logf" "pt_rw_step_trunc" "pt_sampler_trunc" "system.time" 
:279109:1111328:21320656:755:"pt_sampler_trunc" "system.time" 
:284217:1111328:22859032:416:"logf" "pt_rw_step_trunc" "pt_sampler_trunc" "system.time" 
:291671:1111328:25104632:608:"pmax" "logf" "pt_rw_step_trunc" "pt_sampler_trunc" "system.time" 
:297596:1111328:26894336:486:"Z_tail" "pt_rw_step_trunc" "pt_sampler_trunc" "system.time" 
:304129:1111328:28864360:536:"logf" "pt_rw_step_trunc" "pt_sampler_trunc" "system.time" 
:315173:1111328:32191712:902:"pmax" "logf" "pt_rw_step_trunc" "pt_sampler_trunc" "system.time" 
:320518:1111328:33800536:434:"pnorm" "Z_tail" "pt_rw_step_trunc" "pt_sampler_trunc" "system.time" 
:324715:1111328:35063728:342:"pnorm" "Z_tail" "pt_rw_step_trunc" "pt_sampler_trunc" "system.time" 
:329362:1111328:36456224:374:"pt_sampler_trunc" "system.time" 
:334920:1111328:38128216:451:"length" "pmax" "logf" "pt_rw_step_trunc" "pt_sampler_trunc" "system.time" 
:341417:1111328:40082672:527:"rnorm" "r_trunc_norm" "pt_rw_step_trunc" "pt_sampler_trunc" "system.time" 
:291442:1111328:25013520:1072:"mostattributes<-" "pmax" "logf" "pt_rw_step_trunc" "pt_sampler_trunc" "system.time" 
:295554:1111328:26253136:337:"Z_tail" "pt_rw_step_trunc" "pt_sampler_trunc" "system.time" 
:301077:1111328:27914208:448:"vapply" "pmax" "logf" "pt_rw_step_trunc" "pt_sampler_trunc" "system.time" 
:307143:1111328:29744680:498:"pmax" "logf" "pt_rw_step_trunc" "pt_sampler_trunc" "system.time" 
:314601:1111328:31990896:607:"pnorm" "Z_tail" "pt_rw_step_trunc" "pt_sampler_trunc" "system.time" 
:322331:1111328:34317808:631:"pmax" "logf" "pt_sampler_trunc" "system.time" 
:329398:1111328:36446312:574:"vapply" "pmax" "logf" "pt_rw_step_trunc" "pt_sampler_trunc" "system.time" 
:335443:1111328:38270400:495:"pt_rw_step_trunc" "pt_sampler_trunc" "system.time" 
:283250:1111328:22559600:912:"logf" "pt_rw_step_trunc" "pt_sampler_trunc" "system.time" 
:292357:1111328:25306904:747:"pmax" "logf" "pt_rw_step_trunc" "pt_sampler_trunc" "system.time" 
:299801:1111328:27550936:607:"Z_tail" "pt_rw_step_trunc" "pt_sampler_trunc" "system.time" 
:312418:1111328:31354512:1032:"length" "mostattributes<-" "pmax" "logf" "pt_rw_step_trunc" "pt_sampler_trunc" "system.time" 
:324366:1111328:34952288:974:"Z_tail" "pt_rw_step_trunc" "pt_sampler_trunc" "system.time" 
:333495:1111328:37702280:745:"vapply" "pmax" "logf" "pt_sampler_trunc" "system.time" 
:338861:1111328:39322752:440:"vapply" "pmax" "logf" "pt_rw_step_trunc" "pt_sampler_trunc" "system.time" 
:285919:1111328:23357208:839:"pt_rw_step_trunc" "pt_sampler_trunc" "system.time" 
:292910:1111328:25468184:574:"logf" "pt_rw_step_trunc" "pt_sampler_trunc" "system.time" 
:299075:1111328:27320720:501:"logf" "pt_sampler_trunc" "system.time" 
:309067:1111328:30334976:819:"pt_sampler_trunc" "system.time" 
:314927:1111328:32103904:480:"rnorm" "r_trunc_norm" "pt_rw_step_trunc" "pt_sampler_trunc" "system.time" 
:321363:1111328:34042960:524:"logf" "pt_rw_step_trunc" "pt_sampler_trunc" "system.time" 
:328613:1111328:36228416:591:"pnorm" "Z_tail" "pt_rw_step_trunc" "pt_sampler_trunc" "system.time" 
:334368:1111328:37960720:469:"runif" "pt_rw_step_trunc" "pt_sampler_trunc" "system.time" 
:341421:1111328:40082672:572:"pmax" "logf" "pt_rw_step_trunc" "pt_sampler_trunc" "system.time" 
:283071:1111328:22496712:400:"pt_rw_step_trunc" "pt_sampler_trunc" "system.time" 
:290216:1111328:24647112:582:"all" "pmax" "logf" "pt_sampler_trunc" "system.time" 
:296021:1111328:26394200:472:"mostattributes<-" "pmax" "logf" "pt_sampler_trunc" "system.time" 
:303289:1111328:28587552:596:"pt_rw_step_trunc" "pt_sampler_trunc" "system.time" 
:309378:1111328:30422336:498:"rnorm" "r_trunc_norm" "pt_rw_step_trunc" "pt_sampler_trunc" "system.time" 
:316460:1111328:32549384:573:"logf" "pt_rw_step_trunc" "pt_sampler_trunc" "system.time" 
:322908:1111328:34494600:527:"logf" "pt_rw_step_trunc" "pt_sampler_trunc" "system.time" 
:287715:1111328:23889992:2288:"pt_rw_step_trunc" "pt_sampler_trunc" "system.time" 
:294350:1111328:25888296:540:"pt_rw_step_trunc" "pt_sampler_trunc" "system.time" 
:303983:1111328:28791952:788:"rnorm" "r_trunc_norm" "pt_rw_step_trunc" "pt_sampler_trunc" "system.time" 
:311401:1111328:31019408:601:"pmax" "logf" "pt_rw_step_trunc" "pt_sampler_trunc" "system.time" 
:325992:1111328:35422128:1196:"logf" "pt_rw_step_trunc" "pt_sampler_trunc" "system.time" 
:333025:1111328:37544360:577:"pmax" "logf" "pt_sampler_trunc" "system.time" 
:279489:1111328:21411768:794:"pt_sampler_trunc" "system.time" 
:287831:1111328:23922416:678:"pt_rw_step_trunc" "pt_sampler_trunc" "system.time" 
:304201:1111328:28852096:1335:"FUN" "vapply" "pmax" "logf" "pt_sampler_trunc" "system.time" 
:309590:1111328:30479008:441:"rnorm" "r_trunc_norm" "pt_rw_step_trunc" "pt_sampler_trunc" "system.time" 
:315205:1111328:32163544:453:"vapply" "pmax" "logf" "pt_rw_step_trunc" "pt_sampler_trunc" "system.time" 
:319611:1111328:33484696:354:"FUN" "vapply" "pmax" "logf" "pt_rw_step_trunc" "pt_sampler_trunc" "system.time" 
:325184:1111328:35159768:454:"logf" "pt_rw_step_trunc" "pt_sampler_trunc" "system.time" 
:331476:1111328:37055368:513:"logf" "pt_rw_step_trunc" "pt_sampler_trunc" "system.time" 
:334812:1111328:38060736:273:"vapply" "pmax" "logf" "pt_rw_step_trunc" "pt_sampler_trunc" "system.time" 
:339897:1111328:39591608:414:"vapply" "pmax" "logf" "pt_rw_step_trunc" "pt_sampler_trunc" "system.time" 
:279400:1111328:21382760:231:"pt_rw_step_trunc" "pt_sampler_trunc" "system.time" 
:284487:1111328:22915480:416:"pt_rw_step_trunc" "pt_sampler_trunc" "system.time" 
:288182:1111328:24031392:303:"FUN" "vapply" "pmax" "logf" "pt_rw_step_trunc" "pt_sampler_trunc" "system.time" 
:293933:1111328:25764592:471:"r_trunc_norm" "pt_rw_step_trunc" "pt_sampler_trunc" "system.time" 
:297230:1111328:26759096:270:"rnorm" "r_trunc_norm" "pt_rw_step_trunc" "pt_sampler_trunc" "system.time" 
:300675:1111328:27799520:283:"pmax" "logf" "pt_rw_step_trunc" "pt_sampler_trunc" "system.time" 
:309252:1111328:30383752:700:"Z_tail" "pt_rw_step_trunc" "pt_sampler_trunc" "system.time" 
:313796:1111328:31751160:369:"logf" "pt_rw_step_trunc" "pt_sampler_trunc" "system.time" 
:316754:1111328:32640160:240:"logf" "pt_rw_step_trunc" "pt_sampler_trunc" "system.time" 
:332371:1111328:37343880:1273:"pmax" "logf" "pt_rw_step_trunc" "pt_sampler_trunc" "system.time" 
:337946:1111328:39019568:453:"rnorm" "r_trunc_norm" "pt_rw_step_trunc" "pt_sampler_trunc" "system.time" 
:341492:1111328:40082672:286:"pmax" "logf" "pt_sampler_trunc" "system.time" 
:283462:1111328:22605744:429:"vapply" "pmax" "logf" "pt_rw_step_trunc" "pt_sampler_trunc" "system.time" 
:287572:1111328:23838024:331:"pt_rw_step_trunc" "pt_sampler_trunc" "system.time" 
:291740:1111328:25098192:343:"vapply" "pmax" "logf" "pt_rw_step_trunc" "pt_sampler_trunc" "system.time" 
:295727:1111328:26290432:318:"logf" "pt_rw_step_trunc" "pt_sampler_trunc" "system.time" 
:300946:1111328:27868064:430:"vapply" "pmax" "logf" "pt_rw_step_trunc" "pt_sampler_trunc" "system.time" 
:313494:1111328:31641680:1017:"Z_tail" "pt_rw_step_trunc" "pt_sampler_trunc" "system.time" 
:317234:1111328:32769520:308:"pt_sampler_trunc" "system.time" 
:321702:1111328:34110776:360:"rnorm" "r_trunc_norm" "pt_rw_step_trunc" "pt_sampler_trunc" "system.time" 
:331853:1111328:37172128:831:"pmax" "logf" "pt_rw_step_trunc" "pt_sampler_trunc" "system.time" 
:338474:1111328:39167240:543:"pmax" "logf" "pt_sampler_trunc" "system.time" 
:278947:1111328:21241304:306:"pt_sampler_trunc" "system.time" 
:288742:1111328:24195080:802:"pnorm" "Z_tail" "pt_rw_step_trunc" "pt_sampler_trunc" "system.time" 
:298896:1111328:27250440:826:"logf" "pt_rw_step_trunc" "pt_sampler_trunc" "system.time" 
:304931:1111328:29071392:494:"pt_rw_step_trunc" "pt_sampler_trunc" "system.time" 
:312996:1111328:31498656:656:"logf" "pt_rw_step_trunc" "pt_sampler_trunc" "system.time" 
:320325:1111328:33711048:603:"pmax" "logf" "pt_rw_step_trunc" "pt_sampler_trunc" "system.time" 
:326100:1111328:35450128:471:"rnorm" "r_trunc_norm" "pt_rw_step_trunc" "pt_sampler_trunc" "system.time" 
:340318:1111328:39728696:1155:"is.atomic" "FUN" "vapply" "pmax" "logf" "pt_rw_step_trunc" "pt_sampler_trunc" "system.time" 
:279024:1111328:21263200:159:"logf" "pt_rw_step_trunc" "pt_sampler_trunc" "system.time" 
:285389:1111328:23182096:521:"pt_rw_step_trunc" "pt_sampler_trunc" "system.time" 
:294440:1111328:25910640:740:"FUN" "vapply" "pmax" "logf" "pt_rw_step_trunc" "pt_sampler_trunc" "system.time" 
:301298:1111328:27972448:557:"pnorm" "Z_tail" "pt_rw_step_trunc" "pt_sampler_trunc" "system.time" 
:311046:1111328:30909928:794:"mostattributes<-" "pmax" "logf" "pt_rw_step_trunc" "pt_sampler_trunc" "system.time" 
:316778:1111328:32632432:464:"pmax" "logf" "pt_rw_step_trunc" "pt_sampler_trunc" "system.time" 
:321624:1111328:34088488:392:"rnorm" "r_trunc_norm" "pt_rw_step_trunc" "pt_sampler_trunc" "system.time" 
:327020:1111328:35712712:440:"attributes" "pmax" "logf" "pt_rw_step_trunc" "pt_sampler_trunc" "system.time" 
:341507:1111328:40082672:1187:"vapply" "pmax" "logf" "pt_rw_step_trunc" "pt_sampler_trunc" "system.time" 
:283383:1111328:22573376:422:"FUN" "vapply" "pmax" "logf" "pt_sampler_trunc" "system.time" 
:296835:1111328:26628952:1101:"list" "pt_rw_step_trunc" "pt_sampler_trunc" "system.time" 
:314595:1111328:31981936:1452:"rnorm" "r_trunc_norm" "pt_rw_step_trunc" "pt_sampler_trunc" "system.time" 
:320561:1111328:33779144:485:"pnorm" "Z_tail" "pt_rw_step_trunc" "pt_sampler_trunc" "system.time" 
:326172:1111328:35466536:457:"pt_sampler_trunc" "system.time" 
:331399:1111328:37036608:423:"pmax" "logf" "pt_rw_step_trunc" "pt_sampler_trunc" "system.time" 
:336725:1111328:38635856:430:"vapply" "pmax" "logf" "pt_rw_step_trunc" "pt_sampler_trunc" "system.time" 
:341421:1111328:40046832:380:"vapply" "pmax" "logf" "pt_rw_step_trunc" "pt_sampler_trunc" "system.time" 
:281280:1111328:21929208:252:"pmax" "logf" "pt_rw_step_trunc" "pt_sampler_trunc" "system.time" 
:284497:1111328:22899184:264:"pmax" "logf" "pt_rw_step_trunc" "pt_sampler_trunc" "system.time" 
:289027:1111328:24267152:373:"logf" "pt_sampler_trunc" "system.time" 
:294202:1111328:25826696:423:"logf" "pt_rw_step_trunc" "pt_sampler_trunc" "system.time" 
:302225:1111328:28244664:654:"pmax" "logf" "pt_rw_step_trunc" "pt_sampler_trunc" "system.time" 
:307519:1111328:29836632:428:"FUN" "vapply" "pmax" "logf" "pt_rw_step_trunc" "pt_sampler_trunc" "system.time" 
:314147:1111328:31832528:540:"vapply" "pmax" "logf" "pt_rw_step_trunc" "pt_sampler_trunc" "system.time" 
:318862:1111328:33254144:385:"logf" "pt_rw_step_trunc" "pt_sampler_trunc" "system.time" 
:323703:1111328:34710032:395:"pmax" "logf" "pt_sampler_trunc" "system.time" 
:330035:1111328:36620696:518:"pt_rw_step_trunc" "pt_sampler_trunc" "system.time" 
:279129:1111328:21279160:1004:"vapply" "pmax" "logf" "pt_rw_step_trunc" "pt_sampler_trunc" "system.time" 
:284113:1111328:22777608:404:"logf" "pt_rw_step_trunc" "pt_sampler_trunc" "system.time" 
:287165:1111328:23698864:249:"logf" "pt_rw_step_trunc" "pt_sampler_trunc" "system.time" 
:290456:1111328:24691464:270:"r_trunc_norm" "pt_rw_step_trunc" "pt_sampler_trunc" "system.time" 
:300896:1111328:27831440:847:"vapply" "pmax" "logf" "pt_rw_step_trunc" "pt_sampler_trunc" "system.time" 
:315550:1111328:32249448:1198:"Z_tail" "pt_rw_step_trunc" "pt_sampler_trunc" "system.time" 
:323602:1111328:34671896:657:"logf" "pt_sampler_trunc" "system.time" 
:333016:1111328:37510816:769:"is.atomic" "FUN" "vapply" "pmax" "logf" "pt_rw_step_trunc" "pt_sampler_trunc" "system.time" 
:338153:1111328:39055184:418:"vapply" "pmax" "logf" "pt_rw_step_trunc" "pt_sampler_trunc" "system.time" 
:277878:1111328:20973512:280:"pt_rw_step_trunc" "pt_sampler_trunc" "system.time" 
:290584:1111328:24805312:1040:"vapply" "pmax" "logf" "pt_rw_step_trunc" "pt_sampler_trunc" "system.time" 
:296106:1111328:26467952:450:"vapply" "pmax" "logf" "pt_rw_step_trunc" "pt_sampler_trunc" "system.time" 
:302817:1111328:28487872:547:"pmax" "logf" "pt_sampler_trunc" "system.time" 
:307515:1111328:29903384:383:"vapply" "pmax" "logf" "pt_rw_step_trunc" "pt_sampler_trunc" "system.time" 
:312009:1111328:31255840:366:"logf" "pt_rw_step_trunc" "pt_sampler_trunc" "system.time" 
:316674:1111328:32664072:382:"Z_tail" "pt_rw_step_trunc" "pt_sampler_trunc" "system.time" 
:331115:1111328:37013312:1179:"pt_rw_step_trunc" "pt_sampler_trunc" "system.time" 
:336020:1111328:38488744:398:"Z_tail" "pt_rw_step_trunc" "pt_sampler_trunc" "system.time" 
:341321:1111328:40082672:431:"is.atomic" "FUN" "vapply" "pmax" "logf" "pt_rw_step_trunc" "pt_sampler_trunc" "system.time" 
:281004:1111328:21912520:255:"pnorm" "Z_tail" "pt_rw_step_trunc" "pt_sampler_trunc" "system.time" 
:303128:1111328:28566720:1794:"pt_sampler_trunc" "system.time" 
:309389:1111328:30456328:512:"pmax" "logf" "pt_rw_step_trunc" "pt_sampler_trunc" "system.time" 
:314426:1111328:31969840:408:"attributes" "pmax" "logf" "pt_rw_step_trunc" "pt_sampler_trunc" "system.time" 
:318513:1111328:33205704:337:"pmax" "logf" "pt_rw_step_trunc" "pt_sampler_trunc" "system.time" 
:324095:1111328:34888448:456:"vapply" "pmax" "logf" "pt_rw_step_trunc" "pt_sampler_trunc" "system.time" 
:332766:1111328:37501968:711:"runif" "pt_rw_step_trunc" "pt_sampler_trunc" "system.time" 
:341329:1111328:40082672:700:"logf" "pt_rw_step_trunc" "pt_sampler_trunc" "system.time" 
:281900:1111328:22181600:328:"logf" "pt_rw_step_trunc" "pt_sampler_trunc" "system.time" 
:293210:1111328:25591888:926:"logf" "pt_rw_step_trunc" "pt_sampler_trunc" "system.time" 
:299515:1111328:27485976:512:"pt_sampler_trunc" "system.time" 
:310411:1111328:30774744:893:"Z_tail" "pt_rw_step_trunc" "pt_sampler_trunc" "system.time" 
:320710:1111328:33867680:833:"pt_rw_step_trunc" "pt_sampler_trunc" "system.time" 
:326769:1111328:35695072:496:"logf" "pt_rw_step_trunc" "pt_sampler_trunc" "system.time" 
:332309:1111328:37365888:454:"rnorm" "r_trunc_norm" "pt_rw_step_trunc" "pt_sampler_trunc" "system.time" 
:336941:1111328:38758832:376:"mostattributes<-" "pmax" "logf" "pt_rw_step_trunc" "pt_sampler_trunc" "system.time" 
:341319:1111328:40082672:362:"logf" "pt_rw_step_trunc" "pt_sampler_trunc" "system.time" 
:283344:1111328:22611344:441:"FUN" "vapply" "pmax" "logf" "pt_rw_step_trunc" "pt_sampler_trunc" "system.time" 
:292676:1111328:25426016:766:"pmax" "logf" "pt_rw_step_trunc" "pt_sampler_trunc" "system.time" 
:301553:1111328:28100576:724:"pt_rw_step_trunc" "pt_sampler_trunc" "system.time" 
:308477:1111328:30180696:560:"FUN" "vapply" "pmax" "logf" "pt_rw_step_trunc" "pt_sampler_trunc" "system.time" 
:326649:1111328:35650552:1478:"vapply" "pmax" "logf" "pt_rw_step_trunc" "pt_sampler_trunc" "system.time" 
:332149:1111328:37302496:444:"vapply" "pmax" "logf" "pt_rw_step_trunc" "pt_sampler_trunc" "system.time" 
:280804:1111328:21840056:984:"pmax" "logf" "pt_rw_step_trunc" "pt_sampler_trunc" "system.time" 
:287386:1111328:23818424:534:"vapply" "pmax" "logf" "pt_sampler_trunc" "system.time" 
:291675:1111328:25112864:351:"pt_rw_step_trunc" "pt_sampler_trunc" "system.time" 
:309457:1111328:30464280:1445:"pt_rw_step_trunc" "pt_sampler_trunc" "system.time" 
:314896:1111328:32096344:439:"pt_sampler_trunc" "system.time" 
:320979:1111328:33924352:493:"vapply" "pmax" "logf" "pt_rw_step_trunc" "pt_sampler_trunc" "system.time" 
:330950:1111328:36918056:803:"r_trunc_norm" "pt_rw_step_trunc" "pt_sampler_trunc" "system.time" 
:338403:1111328:39167464:612:"pnorm" "Z_tail" "pt_rw_step_trunc" "pt_sampler_trunc" "system.time" 
:279780:1111328:21528472:392:"logf" "pt_rw_step_trunc" "pt_sampler_trunc" "system.time" 
:294821:1111328:26058144:1229:"pmax" "logf" "pt_rw_step_trunc" "pt_sampler_trunc" "system.time" 
:303164:1111328:28573664:683:"pt_sampler_trunc" "system.time" 
:311528:1111328:31094280:681:"vapply" "pmax" "logf" "pt_rw_step_trunc" "pt_sampler_trunc" "system.time" 
:315388:1111328:32259584:317:"logf" "pt_rw_step_trunc" "pt_sampler_trunc" "system.time" 
:328267:1111328:36137696:1050:"pmax" "logf" "pt_rw_step_trunc" "pt_sampler_trunc" "system.time" 
:332861:1111328:37529408:380:"pmax" "logf" "pt_rw_step_trunc" "pt_sampler_trunc" "system.time" 
:341241:1111328:40050192:683:"pmax" "logf" "pt_rw_step_trunc" "pt_sampler_trunc" "system.time" 
:297664:1111328:26917184:1616:"Z_tail" "pt_rw_step_trunc" "pt_sampler_trunc" "system.time" 
:306406:1111328:29551256:715:"pt_rw_step_trunc" "pt_sampler_trunc" "system.time" 
:314109:1111328:31871672:628:"pnorm" "Z_tail" "pt_rw_step_trunc" "pt_sampler_trunc" "system.time" 
:320597:1111328:33825848:531:"pmax" "logf" "pt_rw_step_trunc" "pt_sampler_trunc" "system.time" 
:324671:1111328:35050736:329:"logf" "pt_rw_step_trunc" "pt_sampler_trunc" "system.time" 
:333886:1111328:37827160:752:"logf" "pt_rw_step_trunc" "pt_sampler_trunc" "system.time" 
:284552:1111328:22958824:1145:"vapply" "pmax" "logf" "pt_rw_step_trunc" "pt_sampler_trunc" "system.time" 
:296705:1111328:26624640:995:"pt_sampler_trunc" "system.time" 
:302768:1111328:28451528:494:"mostattributes<-" "pmax" "logf" "pt_rw_step_trunc" "pt_sampler_trunc" "system.time" 
:307916:1111328:29997744:416:"pmax" "logf" "pt_rw_step_trunc" "pt_sampler_trunc" "system.time" 
:326556:1111328:35618072:1526:"pt_sampler_trunc" "system.time" 
:334464:1111328:37998744:644:"-" "logf" "pt_rw_step_trunc" "pt_sampler_trunc" "system.time" 
:340859:1111328:39928168:526:"Z_tail" "pt_rw_step_trunc" "pt_sampler_trunc" "system.time" 
:286464:1111328:23533776:726:"logf" "pt_sampler_trunc" "system.time" 
:299498:1111328:27464080:1068:"logf" "pt_rw_step_trunc" "pt_sampler_trunc" "system.time" 
:308367:1111328:30138360:726:"logf" "pt_rw_step_trunc" "pt_sampler_trunc" "system.time" 
:320220:1111328:33713736:972:"pt_rw_step_trunc" "pt_sampler_trunc" "system.time" 
:327260:1111328:35832720:572:"all" "pmax" "logf" "pt_rw_step_trunc" "pt_sampler_trunc" "system.time" 
:334090:1111328:37891280:557:"FUN" "vapply" "pmax" "logf" "pt_rw_step_trunc" "pt_sampler_trunc" "system.time" 
:340758:1111328:39897144:542:"vapply" "pmax" "logf" "pt_sampler_trunc" "system.time" 
:288065:1111328:24004120:859:"pt_rw_step_trunc" "pt_sampler_trunc" "system.time" 
:293986:1111328:25787608:483:"any" "logf" "pt_rw_step_trunc" "pt_sampler_trunc" "system.time" 
:309381:1111328:30417912:1250:"vapply" "pmax" "logf" "pt_rw_step_trunc" "pt_sampler_trunc" "system.time" 
:340428:1111328:39754176:2519:"logf" "pt_rw_step_trunc" "pt_sampler_trunc" "system.time" 
:281259:1111328:21953680:343:"FUN" "vapply" "pmax" "logf" "pt_rw_step_trunc" "pt_sampler_trunc" "system.time" 
:289581:1111328:24461360:680:"pnorm" "Z_tail" "pt_rw_step_trunc" "pt_sampler_trunc" "system.time" 
:301687:1111328:28108976:991:"pt_sampler_trunc" "system.time" 
:314833:1111328:32068344:1070:"runif" "pt_sampler_trunc" "system.time" 
:324503:1111328:34979896:786:"logf" "pt_rw_step_trunc" "pt_sampler_trunc" "system.time" 
:332215:1111328:37297512:625:"vapply" "pmax" "logf" "pt_rw_step_trunc" "pt_sampler_trunc" "system.time" 
:341460:1111328:40082672:753:"r_trunc_norm" "pt_rw_step_trunc" "pt_sampler_trunc" "system.time" 
:281051:1111328:21890064:240:"pt_sampler_trunc" "system.time" 
:290281:1111328:24675672:757:"logf" "pt_rw_step_trunc" "pt_sampler_trunc" "system.time" 
:297528:1111328:26852616:586:"logf" "pt_sampler_trunc" "system.time" 
:313074:1111328:31531248:1262:"vapply" "pmax" "logf" "pt_rw_step_trunc" "pt_sampler_trunc" "system.time" 
:337032:1111328:38754072:1961:"pt_rw_step_trunc" "pt_sampler_trunc" "system.time" 
:341453:1111328:40082672:358:"logf" "pt_rw_step_trunc" "pt_sampler_trunc" "system.time" 
:282539:1111328:22337448:363:"pmax" "logf" "pt_rw_step_trunc" "pt_sampler_trunc" "system.time" 
:286526:1111328:23533272:320:"vapply" "pmax" "logf" "pt_rw_step_trunc" "pt_sampler_trunc" "system.time" 
:293205:1111328:25548656:549:"logf" "pt_rw_step_trunc" "pt_sampler_trunc" "system.time" 
:310783:1111328:30846144:1437:"FUN" "vapply" "pmax" "logf" "pt_rw_step_trunc" "pt_sampler_trunc" "system.time" 
:318327:1111328:33113080:613:"logf" "pt_rw_step_trunc" "pt_sampler_trunc" "system.time" 
:321033:1111328:33926928:220:"logf" "pt_rw_step_trunc" "pt_sampler_trunc" "system.time" 
:326044:1111328:35431592:407:"logf" "pt_rw_step_trunc" "pt_sampler_trunc" "system.time" 
:334826:1111328:38079216:718:"pt_rw_step_trunc" "pt_sampler_trunc" "system.time" 
:340546:1111328:39802840:467:"mostattributes<-" "pmax" "logf" "pt_rw_step_trunc" "pt_sampler_trunc" "system.time" 
:278640:1111328:21157976:117:"is.atomic" "FUN" "vapply" "pmax" "logf" "pt_rw_step_trunc" "pt_sampler_trunc" "system.time" 
:286748:1111328:23596944:657:"pnorm" "Z_tail" "pt_rw_step_trunc" "pt_sampler_trunc" "system.time" 
:293171:1111328:25531856:525:"FUN" "vapply" "pmax" "logf" "pt_rw_step_trunc" "pt_sampler_trunc" "system.time" 
:307556:1111328:29871464:1179:"pmax" "logf" "pt_rw_step_trunc" "pt_sampler_trunc" "system.time" 
:313670:1111328:31712464:500:"pt_sampler_trunc" "system.time" 
:326074:1111328:35446544:1008:"logf" "pt_rw_step_trunc" "pt_sampler_trunc" "system.time" 
:333787:1111328:37771160:631:"match.fun" "vapply" "pmax" "logf" "pt_rw_step_trunc" "pt_sampler_trunc" "system.time" 
:280047:1111328:21572040:774:"pmax" "logf" "pt_rw_step_trunc" "pt_sampler_trunc" "system.time" 
:293358:1111328:25587408:1089:"logf" "pt_rw_step_trunc" "pt_sampler_trunc" "system.time" 
:313786:1111328:31746064:1669:"pnorm" "Z_tail" "pt_rw_step_trunc" "pt_sampler_trunc" "system.time" 
:321150:1111328:33957672:598:"pmax" "logf" "pt_rw_step_trunc" "pt_sampler_trunc" "system.time" 
:330148:1111328:36669584:735:"pt_sampler_trunc" "system.time" 
:337829:1111328:38984960:626:"logf" "pt_rw_step_trunc" "pt_sampler_trunc" "system.time" 
:300640:1111328:27768384:2121:"Z_tail" "pt_rw_step_trunc" "pt_sampler_trunc" "system.time" 
:341560:1111328:40082672:3327:"logf" "pt_rw_step_trunc" "pt_sampler_trunc" "system.time" 
:282333:1111328:22254848:333:"FUN" "vapply" "pmax" "logf" "pt_sampler_trunc" "system.time" 
:288362:1111328:24068744:490:"vapply" "pmax" "logf" "pt_rw_step_trunc" "pt_sampler_trunc" "system.time" 
:302273:1111328:28259728:1138:"logf" "pt_sampler_trunc" "system.time" 
:314959:1111328:32072376:1024:"Z_tail" "pt_rw_step_trunc" "pt_sampler_trunc" "system.time" 
:326420:1111328:35519288:931:"pt_sampler_trunc" "system.time" 
:339978:1111328:39594968:1099:"vapply" "pmax" "logf" "pt_sampler_trunc" "system.time" 
:278600:1111328:21132440:164:"logf" "pt_rw_step_trunc" "pt_sampler_trunc" "system.time" 
:292211:1111328:25223856:1104:"vapply" "pmax" "logf" "pt_rw_step_trunc" "pt_sampler_trunc" "system.time" 
:308098:1111328:30009392:1297:"mostattributes<-" "pmax" "logf" "pt_sampler_trunc" "system.time" 
:313422:1111328:31614240:435:"vapply" "pmax" "logf" "pt_rw_step_trunc" "pt_sampler_trunc" "system.time" 
:338139:1111328:39055688:2015:"pt_sampler_trunc" "system.time" 
:279578:1111328:21417088:382:"logf" "pt_rw_step_trunc" "pt_sampler_trunc" "system.time" 
:288652:1111328:24152408:741:"vapply" "pmax" "logf" "pt_rw_step_trunc" "pt_sampler_trunc" "system.time" 
:294710:1111328:25981368:497:"r_trunc_norm" "pt_rw_step_trunc" "pt_sampler_trunc" "system.time" 
:301841:1111328:28133168:585:"logf" "pt_rw_step_trunc" "pt_sampler_trunc" "system.time" 
:308950:1111328:30270128:576:"vapply" "pmax" "logf" "pt_rw_step_trunc" "pt_sampler_trunc" "system.time" 
:320514:1111328:33758480:947:"pmax" "logf" "pt_rw_step_trunc" "pt_sampler_trunc" "system.time" 
:329073:1111328:36336888:700:"Z_tail" "pt_rw_step_trunc" "pt_sampler_trunc" "system.time" 
:337245:1111328:38792936:661:"match.fun" "vapply" "pmax" "logf" "pt_rw_step_trunc" "pt_sampler_trunc" "system.time" 
:341529:1111328:40082672:349:"pmax" "logf" "pt_rw_step_trunc" "pt_sampler_trunc" "system.time" 
:285490:1111328:23192344:583:"pmax" "logf" "pt_rw_step_trunc" "pt_sampler_trunc" "system.time" 
:308653:1111328:30166528:1887:"logf" "pt_rw_step_trunc" "pt_sampler_trunc" "system.time" 
:314067:1111328:31797864:441:"vapply" "pmax" "logf" "pt_rw_step_trunc" "pt_sampler_trunc" "system.time" 
:323235:1111328:34562808:751:"pt_rw_step_trunc" "pt_sampler_trunc" "system.time" 
:331173:1111328:36954904:647:"vapply" "pmax" "logf" "pt_rw_step_trunc" "pt_sampler_trunc" "system.time" 
:338560:1111328:39186672:609:"pt_sampler_trunc" "system.time" 
:288565:1111328:24122280:1081:"match.fun" "vapply" "pmax" "logf" "pt_rw_step_trunc" "pt_sampler_trunc" "system.time" 
:293949:1111328:25746616:440:"vapply" "pmax" "logf" "pt_rw_step_trunc" "pt_sampler_trunc" "system.time" 
:305538:1111328:29236480:946:"vapply" "pmax" "logf" "pt_rw_step_trunc" "pt_sampler_trunc" "system.time" 
:313991:1111328:31783976:691:"mostattributes<-" "pmax" "logf" "pt_rw_step_trunc" "pt_sampler_trunc" "system.time" 
:283500:1111328:22665048:2701:"logf" "pt_rw_step_trunc" "pt_sampler_trunc" "system.time" 
:289414:1111328:24447640:483:"pt_rw_step_trunc" "pt_sampler_trunc" "system.time" 
:297839:1111328:26981360:684:"runif" "pt_rw_step_trunc" "pt_sampler_trunc" "system.time" 
:302297:1111328:28320824:361:"pmax" "logf" "pt_rw_step_trunc" "pt_sampler_trunc" "system.time" 
:310475:1111328:30783144:666:"pmax" "logf" "pt_rw_step_trunc" "pt_sampler_trunc" "system.time" 
:315164:1111328:32201344:389:"runif" "pt_rw_step_trunc" "pt_sampler_trunc" "system.time" 
:319827:1111328:33604592:379:"vapply" "pmax" "logf" "pt_rw_step_trunc" "pt_sampler_trunc" "system.time" 
:326499:1111328:35622272:550:"Z_tail" "pt_rw_step_trunc" "pt_sampler_trunc" "system.time" 
:339512:1111328:39538240:1058:"match.fun" "vapply" "pmax" "logf" "pt_rw_step_trunc" "pt_sampler_trunc" "system.time" 
:283188:1111328:22567664:578:"vapply" "pmax" "logf" "pt_rw_step_trunc" "pt_sampler_trunc" "system.time" 
:289617:1111328:24504200:526:"pmax" "logf" "pt_sampler_trunc" "system.time" 
:297971:1111328:27024480:684:"pmax" "logf" "pt_rw_step_trunc" "pt_sampler_trunc" "system.time" 
:307123:1111328:29776152:742:"pnorm" "Z_tail" "pt_rw_step_trunc" "pt_sampler_trunc" "system.time" 
:320916:1111328:33939976:1133:"all" "pmax" "logf" "pt_rw_step_trunc" "pt_sampler_trunc" "system.time" 
:326328:1111328:35568288:442:"pmax" "logf" "pt_rw_step_trunc" "pt_sampler_trunc" "system.time" 
:333528:1111328:37733920:584:"logf" "pt_rw_step_trunc" "pt_sampler_trunc" "system.time" 
:286980:1111328:23709280:1376:"pt_sampler_trunc" "system.time" 
:292081:1111328:25245752:415:"FUN" "vapply" "pmax" "logf" "pt_sampler_trunc" "system.time" 
:295438:1111328:26253192:270:"logf" "pt_rw_step_trunc" "pt_sampler_trunc" "system.time" 
:299422:1111328:27459488:329:"r_trunc_norm" "pt_rw_step_trunc" "pt_sampler_trunc" "system.time" 
:304955:1111328:29124592:451:"pmax" "logf" "pt_rw_step_trunc" "pt_sampler_trunc" "system.time" 
:310316:1111328:30740360:438:"length" "pmax" "logf" "pt_rw_step_trunc" "pt_sampler_trunc" "system.time" 
:316355:1111328:32559912:492:"pmax" "logf" "pt_rw_step_trunc" "pt_sampler_trunc" "system.time" 
:321690:1111328:34167728:437:"pt_rw_step_trunc" "pt_sampler_trunc" "system.time" 
:329137:1111328:36416856:612:"logf" "pt_rw_step_trunc" "pt_sampler_trunc" "system.time" 
:336133:1111328:38521056:568:"mostattributes<-" "pmax" "logf" "pt_rw_step_trunc" "pt_sampler_trunc" "system.time" 
:277969:1111328:20989080:423:"vapply" "pmax" "logf" "pt_rw_step_trunc" "pt_sampler_trunc" "system.time" 
:284537:1111328:22972992:540:"vapply" "pmax" "logf" "pt_rw_step_trunc" "pt_sampler_trunc" "system.time" 
:287646:1111328:23913456:257:"runif" "pt_rw_step_trunc" "pt_sampler_trunc" "system.time" 
:297847:1111328:26980800:827:"pnorm" "Z_tail" "pt_rw_step_trunc" "pt_sampler_trunc" "system.time" 
:309328:1111328:30439304:938:"vapply" "pmax" "logf" "pt_rw_step_trunc" "pt_sampler_trunc" "system.time" 
:318821:1111328:33298496:774:"vapply" "pmax" "logf" "pt_rw_step_trunc" "pt_sampler_trunc" "system.time" 
:324285:1111328:34945120:445:"logf" "pt_rw_step_trunc" "pt_sampler_trunc" "system.time" 
:331648:1111328:37162776:601:"pmax" "logf" "pt_rw_step_trunc" "pt_sampler_trunc" "system.time" 
:337378:1111328:38885952:466:"pmax" "logf" "pt_rw_step_trunc" "pt_sampler_trunc" "system.time" 
:341370:1111328:40082672:320:"vapply" "pmax" "logf" "pt_rw_step_trunc" "pt_sampler_trunc" "system.time" 
:282487:1111328:22349712:369:"r_trunc_norm" "pt_rw_step_trunc" "pt_sampler_trunc" "system.time" 
:291029:1111328:24922632:695:"pnorm" "Z_tail" "pt_rw_step_trunc" "pt_sampler_trunc" "system.time" 
:294764:1111328:26042520:301:"rnorm" "r_trunc_norm" "pt_rw_step_trunc" "pt_sampler_trunc" "system.time" 
:311720:1111328:31148768:1383:"vapply" "pmax" "logf" "pt_sampler_trunc" "system.time" 
:319238:1111328:33413744:613:"logf" "pt_rw_step_trunc" "pt_sampler_trunc" "system.time" 
:324999:1111328:35147728:470:"pt_sampler_trunc" "system.time" 
:332017:1111328:37260608:571:"logf" "pt_rw_step_trunc" "pt_sampler_trunc" "system.time" 
:341150:1111328:40011216:744:"FUN" "vapply" "pmax" "logf" "pt_rw_step_trunc" "pt_sampler_trunc" "system.time" 
:281404:1111328:22018808:299:"list" "pt_rw_step_trunc" "pt_sampler_trunc" "system.time" 
:289609:1111328:24492440:669:"FUN" "vapply" "pmax" "logf" "pt_rw_step_trunc" "pt_sampler_trunc" "system.time" 
:298791:1111328:27261584:751:"logf" "pt_rw_step_trunc" "pt_sampler_trunc" "system.time" 
:307045:1111328:29745520:671:"FUN" "vapply" "pmax" "logf" "pt_rw_step_trunc" "pt_sampler_trunc" "system.time" 
:313672:1111328:31744048:544:"logf" "pt_rw_step_trunc" "pt_sampler_trunc" "system.time" 
:320547:1111328:33811680:557:"r_trunc_norm" "pt_rw_step_trunc" "pt_sampler_trunc" "system.time" 
:326227:1111328:35523768:464:"pt_rw_step_trunc" "pt_sampler_trunc" "system.time" 
:331574:1111328:37136904:439:"FUN" "vapply" "pmax" "logf" "pt_sampler_trunc" "system.time" 
:337883:1111328:39036760:514:"pmax" "logf" "pt_rw_step_trunc" "pt_sampler_trunc" "system.time" 
:341357:1111328:40082672:284:"pmax" "logf" "pt_rw_step_trunc" "pt_sampler_trunc" "system.time" 
:286080:1111328:23419256:652:"vapply" "pmax" "logf" "pt_rw_step_trunc" "pt_sampler_trunc" "system.time" 
:291922:1111328:25181912:479:"rnorm" "r_trunc_norm" "pt_rw_step_trunc" "pt_sampler_trunc" "system.time" 
:298083:1111328:27039096:503:"pnorm" "Z_tail" "pt_rw_step_trunc" "pt_sampler_trunc" "system.time" 
:304223:1111328:28886312:501:"pmax" "logf" "pt_rw_step_trunc" "pt_sampler_trunc" "system.time" 
:309201:1111328:30381344:403:"vapply" "pmax" "logf" "pt_rw_step_trunc" "pt_sampler_trunc" "system.time" 
:314452:1111328:31962560:429:"pt_rw_step_trunc" "pt_sampler_trunc" "system.time" 
:319602:1111328:33519192:426:"pt_sampler_trunc" "system.time" 
:326030:1111328:35452088:520:"Z_tail" "pt_rw_step_trunc" "pt_sampler_trunc" "system.time" 
:334455:1111328:37986368:687:"logf" "pt_rw_step_trunc" "pt_sampler_trunc" "system.time" 
:341025:1111328:39970112:540:"logf" "pt_rw_step_trunc" "pt_sampler_trunc" "system.time" 
:283727:1111328:22710352:493:"pt_rw_step_trunc" "pt_sampler_trunc" "system.time" 
:289424:1111328:24427928:466:"logf" "pt_rw_step_trunc" "pt_sampler_trunc" "system.time" 
:316264:1111328:32510912:2187:"vapply" "pmax" "logf" "pt_rw_step_trunc" "pt_sampler_trunc" "system.time" 
:323425:1111328:34665568:581:"logf" "pt_rw_step_trunc" "pt_sampler_trunc" "system.time" 
:329096:1111328:36374968:463:"vapply" "pmax" "logf" "pt_rw_step_trunc" "pt_sampler_trunc" "system.time" 
:337128:1111328:38795008:657:"pt_sampler_trunc" "system.time" 
:289013:1111328:24298848:1239:"FUN" "vapply" "pmax" "logf" "pt_rw_step_trunc" "pt_sampler_trunc" "system.time" 
:293932:1111328:25778088:401:"pmax" "logf" "pt_rw_step_trunc" "pt_sampler_trunc" "system.time" 
:300815:1111328:27856976:566:"all" "pmax" "logf" "pt_rw_step_trunc" "pt_sampler_trunc" "system.time" 
:308628:1111328:30207296:634:"pt_rw_step_trunc" "pt_sampler_trunc" "system.time" 
:314261:1111328:31904656:460:"pt_rw_step_trunc" "pt_sampler_trunc" "system.time" 
:320163:1111328:33682992:482:"logf" "pt_rw_step_trunc" "pt_sampler_trunc" "system.time" 
:327048:1111328:35761096:564:"logf" "pt_rw_step_trunc" "pt_sampler_trunc" "system.time" 
:333345:1111328:37656080:511:"FUN" "vapply" "pmax" "logf" "pt_rw_step_trunc" "pt_sampler_trunc" "system.time" 
:278471:1111328:21119784:682:"pmax" "logf" "pt_rw_step_trunc" "pt_sampler_trunc" "system.time" 
:284216:1111328:22849064:467:"logf" "pt_rw_step_trunc" "pt_sampler_trunc" "system.time" 
:289959:1111328:24578288:466:"pnorm" "Z_tail" "pt_rw_step_trunc" "pt_sampler_trunc" "system.time" 
:295790:1111328:26331928:475:"Z_tail" "pt_rw_step_trunc" "pt_sampler_trunc" "system.time" 
:312610:1111328:31391528:1367:"all" "pmax" "logf" "pt_rw_step_trunc" "pt_sampler_trunc" "system.time" 
:321292:1111328:34007568:708:"logf" "pt_rw_step_trunc" "pt_sampler_trunc" "system.time" 
:329380:1111328:36445304:660:"pnorm" "Z_tail" "pt_rw_step_trunc" "pt_sampler_trunc" "system.time" 
:335581:1111328:38308536:504:"logf" "pt_rw_step_trunc" "pt_sampler_trunc" "system.time" 
:341469:1111328:40082672:480:"logf" "pt_rw_step_trunc" "pt_sampler_trunc" "system.time" 
:285209:1111328:23139648:573:"is.atomic" "FUN" "vapply" "pmax" "logf" "pt_rw_step_trunc" "pt_sampler_trunc" "system.time" 
:294706:1111328:25999624:775:"-" "logf" "pt_rw_step_trunc" "pt_sampler_trunc" "system.time" 
:301783:1111328:28131040:577:"pmax" "logf" "pt_rw_step_trunc" "pt_sampler_trunc" "system.time" 
:307857:1111328:29953896:490:"FUN" "vapply" "pmax" "logf" "pt_sampler_trunc" "system.time" 
:312332:1111328:31302040:365:"pt_rw_step_trunc" "pt_sampler_trunc" "system.time" 
:318107:1111328:33039104:469:"pmax" "logf" "pt_rw_step_trunc" "pt_sampler_trunc" "system.time" 
:324004:1111328:34809768:479:"pt_sampler_trunc" "system.time" 
:329961:1111328:36604288:484:"pt_rw_step_trunc" "pt_sampler_trunc" "system.time" 
:338103:1111328:39054680:663:"vapply" "pmax" "logf" "pt_rw_step_trunc" "pt_sampler_trunc" "system.time" 
:341509:1111328:40082672:279:"Z_tail" "pt_rw_step_trunc" "pt_sampler_trunc" "system.time" 
:280814:1111328:21814072:214:"logf" "pt_rw_step_trunc" "pt_sampler_trunc" "system.time" 
:285004:1111328:23072504:339:"Z_tail" "pt_rw_step_trunc" "pt_sampler_trunc" "system.time" 
:289795:1111328:24521672:395:"pt_rw_step_trunc" "pt_sampler_trunc" "system.time" 
:292151:1111328:25229064:190:"pt_rw_step_trunc" "pt_sampler_trunc" "system.time" 
:298333:1111328:27094200:508:"pt_rw_step_trunc" "pt_sampler_trunc" "system.time" 
:303906:1111328:28774760:456:"rnorm" "r_trunc_norm" "pt_rw_step_trunc" "pt_sampler_trunc" "system.time" 
:310593:1111328:30785944:545:"vapply" "pmax" "logf" "pt_sampler_trunc" "system.time" 
:332329:1111328:37329600:1766:"vapply" "pmax" "logf" "pt_rw_step_trunc" "pt_sampler_trunc" "system.time" 
:337496:1111328:38878560:415:"all" "pmax" "logf" "pt_rw_step_trunc" "pt_sampler_trunc" "system.time" 
:341493:1111328:40082672:326:"logf" "pt_rw_step_trunc" "pt_sampler_trunc" "system.time" 
:280634:1111328:21757344:198:"Z_tail" "pt_rw_step_trunc" "pt_sampler_trunc" "system.time" 
:284391:1111328:22888040:308:"pt_sampler_trunc" "system.time" 
:288507:1111328:24121608:330:"logf" "pt_rw_step_trunc" "pt_sampler_trunc" "system.time" 
:297861:1111328:26944288:767:"pnorm" "Z_tail" "pt_rw_step_trunc" "pt_sampler_trunc" "system.time" 
:305329:1111328:29191904:609:"logf" "pt_rw_step_trunc" "pt_sampler_trunc" "system.time" 
:311315:1111328:30995384:491:"logf" "pt_rw_step_trunc" "pt_sampler_trunc" "system.time" 
:316962:1111328:32697448:461:"logf" "pt_rw_step_trunc" "pt_sampler_trunc" "system.time" 
:322430:1111328:34341776:445:"pmax" "logf" "pt_rw_step_trunc" "pt_sampler_trunc" "system.time" 
:328304:1111328:36113336:480:"FUN" "vapply" "pmax" "logf" "pt_rw_step_trunc" "pt_sampler_trunc" "system.time" 
:334802:1111328:38076976:535:"pmax" "logf" "pt_rw_step_trunc" "pt_sampler_trunc" "system.time" 
:291930:1111328:25154248:1661:"logf" "pt_rw_step_trunc" "pt_sampler_trunc" "system.time" 
:296446:1111328:26510904:363:"pmax" "logf" "pt_rw_step_trunc" "pt_sampler_trunc" "system.time" 
:314324:1111328:31897992:1460:"rnorm" "r_trunc_norm" "pt_rw_step_trunc" "pt_sampler_trunc" "system.time" 
:339019:1111328:39343136:2021:"pmax" "logf" "pt_sampler_trunc" "system.time" 
:283167:1111328:22514968:605:"mostattributes<-" "pmax" "logf" "pt_rw_step_trunc" "pt_sampler_trunc" "system.time" 
:297808:1111328:26930792:1200:"pmax" "logf" "pt_rw_step_trunc" "pt_sampler_trunc" "system.time" 
:307549:1111328:29859872:790:"logf" "pt_rw_step_trunc" "pt_sampler_trunc" "system.time" 
:313968:1111328:31799768:528:"logf" "pt_rw_step_trunc" "pt_sampler_trunc" "system.time" 
:319940:1111328:33599552:488:"logf" "pt_rw_step_trunc" "pt_sampler_trunc" "system.time" 
:341095:1111328:39972688:1726:"logf" "pt_rw_step_trunc" "pt_sampler_trunc" "system.time" 
:281241:1111328:21929488:273:"FUN" "vapply" "pmax" "logf" "pt_sampler_trunc" "system.time" 
:287239:1111328:23734032:487:"pt_rw_step_trunc" "pt_sampler_trunc" "system.time" 
:293013:1111328:25470144:468:"rnorm" "r_trunc_norm" "pt_rw_step_trunc" "pt_sampler_trunc" "system.time" 
:298362:1111328:27082552:439:"pmax" "logf" "pt_sampler_trunc" "system.time" 
:306498:1111328:29531992:661:"pmax" "logf" "pt_rw_step_trunc" "pt_sampler_trunc" "system.time" 
:317141:1111328:32734240:864:"logf" "pt_rw_step_trunc" "pt_sampler_trunc" "system.time" 
:325883:1111328:35366800:713:"vapply" "pmax" "logf" "pt_rw_step_trunc" "pt_sampler_trunc" "system.time" 
:336066:1111328:38429832:826:"pmax" "logf" "pt_sampler_trunc" "system.time" 
:341546:1111328:40082672:450:"pmax" "logf" "pt_sampler_trunc" "system.time" 
:280705:1111328:21765128:198:"pnorm" "Z_tail" "pt_rw_step_trunc" "pt_sampler_trunc" "system.time" 
:286571:1111328:23530024:478:"vapply" "pmax" "logf" "pt_rw_step_trunc" "pt_sampler_trunc" "system.time" 
:291389:1111328:24978352:390:"pmax" "logf" "pt_rw_step_trunc" "pt_sampler_trunc" "system.time" 
:297184:1111328:26725440:476:"pt_rw_step_trunc" "pt_sampler_trunc" "system.time" 
:316111:1111328:32431672:1547:"pnorm" "Z_tail" "pt_rw_step_trunc" "pt_sampler_trunc" "system.time" 
:320787:1111328:33844384:387:"vapply" "pmax" "logf" "pt_rw_step_trunc" "pt_sampler_trunc" "system.time" 
:326627:1111328:35606816:479:"logf" "pt_rw_step_trunc" "pt_sampler_trunc" "system.time" 
:279549:1111328:21414456:1316:"length" "logf" "pt_rw_step_trunc" "pt_sampler_trunc" "system.time" 
:288048:1111328:23975784:695:"vapply" "pmax" "logf" "pt_rw_step_trunc" "pt_sampler_trunc" "system.time" 
:293418:1111328:25593792:439:"pmax" "logf" "pt_rw_step_trunc" "pt_sampler_trunc" "system.time" 
:301157:1111328:27923560:631:"vapply" "pmax" "logf" "pt_sampler_trunc" "system.time" 
:310644:1111328:30785440:777:"pt_sampler_trunc" "system.time" 
:324138:1111328:34852384:1101:"vapply" "pmax" "logf" "pt_rw_step_trunc" "pt_sampler_trunc" "system.time" 
:329169:1111328:36378272:419:"pmax" "logf" "pt_rw_step_trunc" "pt_sampler_trunc" "system.time" 
:335104:1111328:38169152:486:"mostattributes<-" "pmax" "logf" "pt_rw_step_trunc" "pt_sampler_trunc" "system.time" 
:286915:1111328:23630208:1218:"mostattributes<-" "pmax" "logf" "pt_rw_step_trunc" "pt_sampler_trunc" "system.time" 
:293081:1111328:25487504:504:"pmax" "logf" "pt_rw_step_trunc" "pt_sampler_trunc" "system.time" 
:297968:1111328:26960416:400:"logf" "pt_sampler_trunc" "system.time" 
:305033:1111328:29082200:570:"pt_sampler_trunc" "system.time" 
:310810:1111328:30821784:471:"vapply" "pmax" "logf" "pt_rw_step_trunc" "pt_sampler_trunc" "system.time" 
:327975:1111328:35986552:1398:"any" "logf" "pt_rw_step_trunc" "pt_sampler_trunc" "system.time" 
:288831:1111328:24207008:1968:"vapply" "pmax" "logf" "pt_rw_step_trunc" "pt_sampler_trunc" "system.time" 
:299325:1111328:27363504:853:"pmax" "logf" "pt_rw_step_trunc" "pt_sampler_trunc" "system.time" 
:310779:1111328:30814616:935:"vapply" "pmax" "logf" "pt_rw_step_trunc" "pt_sampler_trunc" "system.time" 
:316193:1111328:32450320:445:"pmax" "logf" "pt_rw_step_trunc" "pt_sampler_trunc" "system.time" 
:322274:1111328:34284376:498:"logf" "pt_rw_step_trunc" "pt_sampler_trunc" "system.time" 
:327717:1111328:35921704:441:"is.atomic" "FUN" "vapply" "pmax" "logf" "pt_rw_step_trunc" "pt_sampler_trunc" "system.time" 
:332308:1111328:37305184:377:"logf" "pt_sampler_trunc" "system.time" 
:337666:1111328:38921288:438:"pt_sampler_trunc" "system.time" 
:287342:1111328:23750608:1044:"r_trunc_norm" "pt_rw_step_trunc" "pt_sampler_trunc" "system.time" 
:302749:1111328:28399392:1264:"pmax" "logf" "pt_rw_step_trunc" "pt_sampler_trunc" "system.time" 
:322757:1111328:34433504:1640:"pt_sampler_trunc" "system.time" 
:341514:1111328:40082672:1528:"pt_rw_step_trunc" "pt_sampler_trunc" "system.time" 
:341514:1111328:40082672:0:"pt_rw_step_trunc" "pt_sampler_trunc" "system.time" 
:341514:1111328:40082672:0:"pt_rw_step_trunc" "pt_sampler_trunc" "system.time" 
:341514:1111328:40082672:0:"pt_rw_step_trunc" "pt_sampler_trunc" "system.time" 
:341514:1111328:40082672:0:"pt_rw_step_trunc" "pt_sampler_trunc" "system.time" 
:341514:1111328:40082672:0:"pt_rw_step_trunc" "pt_sampler_trunc" "system.time" 
:341514:1111328:40082672:0:"pt_rw_step_trunc" "pt_sampler_trunc" "system.time" 
:341514:1111328:40082672:0:"pt_rw_step_trunc" "pt_sampler_trunc" "system.time" 
:341514:1111328:40082672:0:"pt_rw_step_trunc" "pt_sampler_trunc" "system.time" 
:341514:1111328:40082672:0:"pt_rw_step_trunc" "pt_sampler_trunc" "system.time" 
:341514:1111328:40082672:0:"pt_rw_step_trunc" "pt_sampler_trunc" "system.time" 
:277871:1111328:20973400:0:"pt_rw_step_trunc" "pt_sampler_trunc" "system.time" 
:277871:1111328:20973400:0:"pt_rw_step_trunc" "pt_sampler_trunc" "system.time" 
:280540:1111328:21777168:218:"is.finite" "pt_rw_step_trunc" "pt_sampler_trunc" "system.time" 
:285053:1111328:23141328:371:"pnorm" "Z_tail" "pt_rw_step_trunc" "pt_sampler_trunc" "system.time" 
:291309:1111328:25023824:509:"logf" "pt_sampler_trunc" "system.time" 
:307956:1111328:30041984:1361:"vapply" "pmax" "logf" "pt_rw_step_trunc" "pt_sampler_trunc" "system.time" 
:314310:1111328:31956176:518:"vapply" "pmax" "logf" "pt_sampler_trunc" "system.time" 
:318566:1111328:33239528:349:"pt_rw_step_trunc" "pt_sampler_trunc" "system.time" 
:323194:1111328:34630008:375:"logf" "pt_rw_step_trunc" "pt_sampler_trunc" "system.time" 
:330949:1111328:36972320:638:"pt_rw_step_trunc" "pt_sampler_trunc" "system.time" 
:335686:1111328:38394216:382:"is.function" "match.fun" "vapply" "pmax" "logf" "pt_rw_step_trunc" "pt_sampler_trunc" "system.time" 
:340272:1111328:39773496:374:"pmax" "logf" "pt_sampler_trunc" "system.time" 
:283413:1111328:22640240:535:"logf" "pt_rw_step_trunc" "pt_sampler_trunc" "system.time" 
:298212:1111328:27098624:1205:"pnorm" "Z_tail" "pt_rw_step_trunc" "pt_sampler_trunc" "system.time" 
:314727:1111328:32067504:1344:"pt_rw_step_trunc" "pt_sampler_trunc" "system.time" 
:319814:1111328:33599216:415:"runif" "pt_sampler_trunc" "system.time" 
:326176:1111328:35512512:514:"pnorm" "Z_tail" "pt_rw_step_trunc" "pt_sampler_trunc" "system.time" 
:335222:1111328:38236744:737:"vapply" "pmax" "logf" "pt_rw_step_trunc" "pt_sampler_trunc" "system.time" 
:339846:1111328:39633328:381:"logf" "pt_sampler_trunc" "system.time" 
:283462:1111328:22648472:571:"logf" "pt_rw_step_trunc" "pt_sampler_trunc" "system.time" 
:290292:1111328:24709552:559:"logf" "pt_rw_step_trunc" "pt_sampler_trunc" "system.time" 
:297363:1111328:26833352:574:"pt_sampler_trunc" "system.time" 
:303592:1111328:28710416:507:"vapply" "pmax" "logf" "pt_rw_step_trunc" "pt_sampler_trunc" "system.time" 
:313154:1111328:31595368:784:"vapply" "pmax" "logf" "pt_rw_step_trunc" "pt_sampler_trunc" "system.time" 
:320181:1111328:33705168:566:"length" "pmax" "logf" "pt_rw_step_trunc" "pt_sampler_trunc" "system.time" 
:325769:1111328:35389984:456:"vapply" "pmax" "logf" "pt_rw_step_trunc" "pt_sampler_trunc" "system.time" 
:331633:1111328:37158184:480:"vapply" "pmax" "logf" "pt_rw_step_trunc" "pt_sampler_trunc" "system.time" 
:340615:1111328:39861920:730:"vapply" "pmax" "logf" "pt_rw_step_trunc" "pt_sampler_trunc" "system.time" 
:281327:1111328:22007552:341:"pt_sampler_trunc" "system.time" 
:287279:1111328:23800616:485:"pnorm" "Z_tail" "pt_rw_step_trunc" "pt_sampler_trunc" "system.time" 
:294610:1111328:26003936:593:"pt_rw_step_trunc" "pt_sampler_trunc" "system.time" 
:305500:1111328:29283128:888:"Z_tail" "pt_rw_step_trunc" "pt_sampler_trunc" "system.time" 
:336708:1111328:38683848:2549:"pmax" "logf" "pt_rw_step_trunc" "pt_sampler_trunc" "system.time" 
:282451:1111328:22340192:748:"vapply" "pmax" "logf" "pt_rw_step_trunc" "pt_sampler_trunc" "system.time" 
:288001:1111328:24012688:452:"vapply" "pmax" "logf" "pt_rw_step_trunc" "pt_sampler_trunc" "system.time" 
:325625:1111328:35353976:3076:"logf" "pt_rw_step_trunc" "pt_sampler_trunc" "system.time" 
:333653:1111328:37771720:654:"vapply" "pmax" "logf" "pt_rw_step_trunc" "pt_sampler_trunc" "system.time" 
:340628:1111328:39878720:573:"pt_rw_step_trunc" "pt_sampler_trunc" "system.time" 
:290427:1111328:24744048:1074:"pnorm" "Z_tail" "pt_rw_step_trunc" "pt_sampler_trunc" "system.time" 
:296346:1111328:26527032:485:"pmax" "logf" "pt_rw_step_trunc" "pt_sampler_trunc" "system.time" 
:305320:1111328:29236592:737:"all" "pmax" "logf" "pt_rw_step_trunc" "pt_sampler_trunc" "system.time" 
:308865:1111328:30306528:292:"pt_sampler_trunc" "system.time" 
:321717:1111328:34175624:1045:"vapply" "pmax" "logf" "pt_rw_step_trunc" "pt_sampler_trunc" "system.time" 
:336951:1111328:38769192:1247:"pt_rw_step_trunc" "pt_sampler_trunc" "system.time" 
:341303:1111328:40082672:358:"pt_sampler_trunc" "system.time" 
:281721:1111328:22113840:303:"FUN" "vapply" "pmax" "logf" "pt_rw_step_trunc" "pt_sampler_trunc" "system.time" 
:289600:1111328:24485944:644:"vapply" "pmax" "logf" "pt_sampler_trunc" "system.time" 
:307377:1111328:29839040:1447:"logf" "pt_rw_step_trunc" "pt_sampler_trunc" "system.time" 
:312821:1111328:31476368:443:"logf" "pt_rw_step_trunc" "pt_sampler_trunc" "system.time" 
:323583:1111328:34723528:881:"logf" "pt_rw_step_trunc" "pt_sampler_trunc" "system.time" 
:326812:1111328:35693672:263:"vapply" "pmax" "logf" "pt_sampler_trunc" "system.time" 
:333153:1111328:37602656:515:"pt_rw_step_trunc" "pt_sampler_trunc" "system.time" 
:337476:1111328:38909528:357:"logf" "pt_rw_step_trunc" "pt_sampler_trunc" "system.time" 
:279862:1111328:21560224:473:"mostattributes<-" "pmax" "logf" "pt_rw_step_trunc" "pt_sampler_trunc" "system.time" 
:306251:1111328:29508696:2151:"Z_tail" "pt_rw_step_trunc" "pt_sampler_trunc" "system.time" 
:313579:1111328:31711176:595:"pt_rw_step_trunc" "pt_sampler_trunc" "system.time" 
:321455:1111328:34085520:642:"rnorm" "r_trunc_norm" "pt_rw_step_trunc" "pt_sampler_trunc" "system.time" 
:332078:1111328:37294096:874:"logf" "pt_rw_step_trunc" "pt_sampler_trunc" "system.time" 
:339272:1111328:39455584:583:"pt_rw_step_trunc" "pt_sampler_trunc" "system.time" 
:279833:1111328:21544488:321:"logf" "pt_rw_step_trunc" "pt_sampler_trunc" "system.time" 
:297759:1111328:26937848:1459:"match.fun" "vapply" "pmax" "logf" "pt_sampler_trunc" "system.time" 
:320942:1111328:33924408:1893:"pt_sampler_trunc" "system.time" 
:338891:1111328:39341512:1470:"r_trunc_norm" "pt_rw_step_trunc" "pt_sampler_trunc" "system.time" 
:314990:1111328:32135432:3219:"vapply" "pmax" "logf" "pt_rw_step_trunc" "pt_sampler_trunc" "system.time" 
:322613:1111328:34439160:628:"is.atomic" "FUN" "vapply" "pmax" "logf" "pt_rw_step_trunc" "pt_sampler_trunc" "system.time" 
:341340:1111328:40082672:1529:"r_trunc_norm" "pt_rw_step_trunc" "pt_sampler_trunc" "system.time" 
:289384:1111328:24409784:923:"pnorm" "Z_tail" "pt_rw_step_trunc" "pt_sampler_trunc" "system.time" 
:324136:1111328:34867560:2829:"logf" "pt_rw_step_trunc" "pt_sampler_trunc" "system.time" 
:341426:1111328:40076960:1412:"pnorm" "Z_tail" "pt_rw_step_trunc" "pt_sampler_trunc" "system.time" 
:284652:1111328:22986152:542:"pt_sampler_trunc" "system.time" 
:295669:1111328:26303200:897:"match.fun" "vapply" "pmax" "logf" "pt_rw_step_trunc" "pt_sampler_trunc" "system.time" 
:302421:1111328:28339472:553:"-" "logf" "pt_sampler_trunc" "system.time" 
:332640:1111328:37444736:2468:"pt_sampler_trunc" "system.time" 
:341394:1111328:40082672:714:"is.finite" "pt_rw_step_trunc" "pt_sampler_trunc" "system.time" 
:312331:1111328:31320968:2796:"logf" "pt_rw_step_trunc" "pt_sampler_trunc" "system.time" 
:283422:1111328:22603000:2800:"logf" "pt_rw_step_trunc" "pt_sampler_trunc" "system.time" 
:307237:1111328:29774472:1940:"pt_rw_step_trunc" "pt_sampler_trunc" "system.time" 
:313958:1111328:31795120:546:"pt_rw_step_trunc" "pt_sampler_trunc" "system.time" 
:321352:1111328:34023192:603:"FUN" "vapply" "pmax" "logf" "pt_rw_step_trunc" "pt_sampler_trunc" "system.time" 
:339041:1111328:39355568:1446:"is.function" "match.fun" "vapply" "pmax" "logf" "pt_rw_step_trunc" "pt_sampler_trunc" "system.time" 
:279116:1111328:21303576:274:"is.atomic" "FUN" "vapply" "pmax" "logf" "pt_sampler_trunc" "system.time" 
:285032:1111328:23080680:479:"r_trunc_norm" "pt_rw_step_trunc" "pt_sampler_trunc" "system.time" 
:292231:1111328:25253648:591:"any" "logf" "pt_rw_step_trunc" "pt_sampler_trunc" "system.time" 
:317278:1111328:32795952:2040:"vapply" "pmax" "logf" "pt_rw_step_trunc" "pt_sampler_trunc" "system.time" 
:323675:1111328:34722632:521:"logf" "pt_rw_step_trunc" "pt_sampler_trunc" "system.time" 
:339992:1111328:39633552:1326:"logf" "pt_rw_step_trunc" "pt_sampler_trunc" "system.time" 
:281430:1111328:22000888:394:"pt_sampler_trunc" "system.time" 
:293035:1111328:25500608:947:"pnorm" "Z_tail" "pt_rw_step_trunc" "pt_sampler_trunc" "system.time" 
:299846:1111328:27548920:554:"match.fun" "vapply" "pmax" "logf" "pt_rw_step_trunc" "pt_sampler_trunc" "system.time" 
:311049:1111328:30927456:917:"pt_rw_step_trunc" "pt_sampler_trunc" "system.time" 
:316628:1111328:32607176:453:"FUN" "vapply" "pmax" "logf" "pt_rw_step_trunc" "pt_sampler_trunc" "system.time" 
:324513:1111328:34988688:648:"vapply" "pmax" "logf" "pt_rw_step_trunc" "pt_sampler_trunc" "system.time" 
:331406:1111328:37061752:561:"runif" "pt_rw_step_trunc" "pt_sampler_trunc" "system.time" 
:339316:1111328:39443040:643:"vapply" "pmax" "logf" "pt_rw_step_trunc" "pt_sampler_trunc" "system.time" 
:283545:1111328:22632960:614:"any" "logf" "pt_rw_step_trunc" "pt_sampler_trunc" "system.time" 
:293852:1111328:25728864:833:"pmax" "logf" "pt_rw_step_trunc" "pt_sampler_trunc" "system.time" 
:301683:1111328:28087080:639:"vapply" "pmax" "logf" "pt_sampler_trunc" "system.time" 
:307892:1111328:29956752:504:"Z_tail" "pt_rw_step_trunc" "pt_sampler_trunc" "system.time" 
:320143:1111328:33646480:999:"logf" "pt_rw_step_trunc" "pt_sampler_trunc" "system.time" 
:327730:1111328:35931560:619:"pmax" "logf" "pt_rw_step_trunc" "pt_sampler_trunc" "system.time" 
:339890:1111328:39602360:997:"logf" "pt_rw_step_trunc" "pt_sampler_trunc" "system.time" 
:280917:1111328:21838544:357:"vapply" "pmax" "logf" "pt_rw_step_trunc" "pt_sampler_trunc" "system.time" 
:290084:1111328:24599568:747:"pmax" "logf" "pt_sampler_trunc" "system.time" 
:303721:1111328:28713944:1118:"pt_rw_step_trunc" "pt_sampler_trunc" "system.time" 
:309027:1111328:30311848:431:"pt_rw_step_trunc" "pt_sampler_trunc" "system.time" 
:324933:1111328:35090048:1286:"vapply" "pmax" "logf" "pt_rw_step_trunc" "pt_sampler_trunc" "system.time" 
:334970:1111328:38113656:818:"pmax" "logf" "pt_rw_step_trunc" "pt_sampler_trunc" "system.time" 
:282734:1111328:22373232:898:"vapply" "pmax" "logf" "pt_rw_step_trunc" "pt_sampler_trunc" "system.time" 
:293893:1111328:25734800:911:"pt_sampler_trunc" "system.time" 
:301299:1111328:27962144:602:"logf" "pt_sampler_trunc" "system.time" 
:316620:1111328:32561032:1234:"rnorm" "r_trunc_norm" "pt_rw_step_trunc" "pt_sampler_trunc" "system.time" 
:324157:1111328:34832784:615:"pmax" "logf" "pt_rw_step_trunc" "pt_sampler_trunc" "system.time" 
:331049:1111328:36903384:557:"pmax" "logf" "pt_rw_step_trunc" "pt_sampler_trunc" "system.time" 
:336496:1111328:38542112:442:"logf" "pt_rw_step_trunc" "pt_sampler_trunc" "system.time" 
:341606:1111328:40082672:418:"logf" "pt_rw_step_trunc" "pt_sampler_trunc" "system.time" 
:289668:1111328:24456992:929:"any" "logf" "pt_rw_step_trunc" "pt_sampler_trunc" "system.time" 
:299101:1111328:27293728:765:"is.finite" "pt_rw_step_trunc" "pt_sampler_trunc" "system.time" 
:305042:1111328:29083152:483:"vapply" "pmax" "logf" "pt_rw_step_trunc" "pt_sampler_trunc" "system.time" 
:310925:1111328:30853536:480:"match.fun" "vapply" "pmax" "logf" "pt_rw_step_trunc" "pt_sampler_trunc" "system.time" 
:317426:1111328:32811184:528:"pmax" "logf" "pt_rw_step_trunc" "pt_sampler_trunc" "system.time" 
:325945:1111328:35379176:697:"pmax" "logf" "pt_rw_step_trunc" "pt_sampler_trunc" "system.time" 
:330813:1111328:36845144:396:"pmax" "logf" "pt_rw_step_trunc" "pt_sampler_trunc" "system.time" 
:336461:1111328:38548160:462:"mostattributes<-" "pmax" "logf" "pt_rw_step_trunc" "pt_sampler_trunc" "system.time" 
:341545:1111328:40082672:419:"vapply" "pmax" "logf" "pt_sampler_trunc" "system.time" 
:286238:1111328:23432584:654:"any" "logf" "pt_rw_step_trunc" "pt_sampler_trunc" "system.time" 
:293952:1111328:25756192:629:"logf" "pt_rw_step_trunc" "pt_sampler_trunc" "system.time" 
:303778:1111328:28724528:808:"runif" "pt_rw_step_trunc" "pt_sampler_trunc" "system.time" 
:315739:1111328:32319056:969:"logf" "pt_sampler_trunc" "system.time" 
:322457:1111328:34340880:544:"is.atomic" "FUN" "vapply" "pmax" "logf" "pt_rw_step_trunc" "pt_sampler_trunc" "system.time" 
:332298:1111328:37304064:803:"pt_sampler_trunc" "system.time" 
:339202:1111328:39379368:559:"vapply" "pmax" "logf" "pt_rw_step_trunc" "pt_sampler_trunc" "system.time" 
:288527:1111328:24185504:1064:"FUN" "vapply" "pmax" "logf" "pt_rw_step_trunc" "pt_sampler_trunc" "system.time" 
:294625:1111328:26019448:496:"logf" "pt_rw_step_trunc" "pt_sampler_trunc" "system.time" 
:300522:1111328:27790000:476:"length" "pmax" "logf" "pt_rw_step_trunc" "pt_sampler_trunc" "system.time" 
:305969:1111328:29427832:441:"pt_sampler_trunc" "system.time" 
:311041:1111328:30950752:409:"pmax" "logf" "pt_rw_step_trunc" "pt_sampler_trunc" "system.time" 
:316811:1111328:32689664:471:"mostattributes<-" "pmax" "logf" "pt_rw_step_trunc" "pt_sampler_trunc" "system.time" 
:325524:1111328:35313656:710:"rnorm" "r_trunc_norm" "pt_rw_step_trunc" "pt_sampler_trunc" "system.time" 
:332799:1111328:37501296:591:"vapply" "pmax" "logf" "pt_rw_step_trunc" "pt_sampler_trunc" "system.time" 
:340666:1111328:39879896:649:"pmax" "logf" "pt_rw_step_trunc" "pt_sampler_trunc" "system.time" 
:279199:1111328:21371336:160:"logf" "pt_rw_step_trunc" "pt_sampler_trunc" "system.time" 
:292846:1111328:25485376:1117:"pmax" "logf" "pt_rw_step_trunc" "pt_sampler_trunc" "system.time" 
:314191:1111328:31918600:1747:"pt_rw_step_trunc" "pt_sampler_trunc" "system.time" 
:321338:1111328:34067096:580:"logf" "pt_rw_step_trunc" "pt_sampler_trunc" "system.time" 
:326601:1111328:35652736:431:"logf" "pt_rw_step_trunc" "pt_sampler_trunc" "system.time" 
:335659:1111328:38387328:744:"logf" "pt_rw_step_trunc" "pt_sampler_trunc" "system.time" 
:281120:1111328:21946232:723:"pt_rw_step_trunc" "pt_sampler_trunc" "system.time" 
:287569:1111328:23891224:529:"pt_rw_step_trunc" "pt_sampler_trunc" "system.time" 
:292802:1111328:25461128:421:"r_trunc_norm" "pt_rw_step_trunc" "pt_sampler_trunc" "system.time" 
:305934:1111328:29417416:1073:"pmax" "logf" "pt_sampler_trunc" "system.time" 
:315511:1111328:32307464:784:"vapply" "pmax" "logf" "pt_rw_step_trunc" "pt_sampler_trunc" "system.time" 
:325465:1111328:35307048:813:"pt_rw_step_trunc" "pt_sampler_trunc" "system.time" 
:336947:1111328:38764600:934:"Z_tail" "pt_rw_step_trunc" "pt_sampler_trunc" "system.time" 
:278501:1111328:21151536:404:"list" "pt_rw_step_trunc" "pt_sampler_trunc" "system.time" 
:284244:1111328:22882552:468:"logf" "pt_rw_step_trunc" "pt_sampler_trunc" "system.time" 
:291253:1111328:24989496:569:"vapply" "pmax" "logf" "pt_sampler_trunc" "system.time" 
:306333:1111328:29531992:1228:"vapply" "pmax" "logf" "pt_rw_step_trunc" "pt_sampler_trunc" "system.time" 
:341334:1111328:40082672:2864:"pt_rw_step_trunc" "pt_sampler_trunc" "system.time" 
:285425:1111328:23228072:605:"Z_tail" "pt_rw_step_trunc" "pt_sampler_trunc" "system.time" 
:301237:1111328:27992776:1293:"pmax" "logf" "pt_rw_step_trunc" "pt_sampler_trunc" "system.time" 
:308453:1111328:30165632:586:"pnorm" "Z_tail" "pt_rw_step_trunc" "pt_sampler_trunc" "system.time" 
:313776:1111328:31770144:438:"logf" "pt_sampler_trunc" "system.time" 
:318956:1111328:33332376:422:"is.atomic" "FUN" "vapply" "pmax" "logf" "pt_rw_step_trunc" "pt_sampler_trunc" "system.time" 
:280869:1111328:21857752:2055:"Z_tail" "pt_rw_step_trunc" "pt_sampler_trunc" "system.time" 
:287638:1111328:23892344:549:"vapply" "pmax" "logf" "pt_rw_step_trunc" "pt_sampler_trunc" "system.time" 
:297002:1111328:26705392:758:"pmax" "logf" "pt_rw_step_trunc" "pt_sampler_trunc" "system.time" 
:303315:1111328:28602784:510:"FUN" "vapply" "pmax" "logf" "pt_rw_step_trunc" "pt_sampler_trunc" "system.time" 
:316815:1111328:32664240:1099:"logf" "pt_sampler_trunc" "system.time" 
:326554:1111328:35597464:792:"logf" "pt_rw_step_trunc" "pt_sampler_trunc" "system.time" 
:332118:1111328:37273488:455:"match.fun" "vapply" "pmax" "logf" "pt_rw_step_trunc" "pt_sampler_trunc" "system.time" 
:337391:1111328:38862488:430:"FUN" "vapply" "pmax" "logf" "pt_rw_step_trunc" "pt_sampler_trunc" "system.time" 
:292459:1111328:25347504:1517:"pt_sampler_trunc" "system.time" 
:311144:1111328:30978192:1525:"vapply" "pmax" "logf" "pt_rw_step_trunc" "pt_sampler_trunc" "system.time" 
:318319:1111328:33145616:591:"pmax" "logf" "pt_rw_step_trunc" "pt_sampler_trunc" "system.time" 
:278887:1111328:21250880:1947:"pmax" "logf" "pt_sampler_trunc" "system.time" 
:290852:1111328:24855040:974:"vapply" "pmax" "logf" "pt_rw_step_trunc" "pt_sampler_trunc" "system.time" 
:299359:1111328:27415248:691:"pnorm" "Z_tail" "pt_rw_step_trunc" "pt_sampler_trunc" "system.time" 
:305394:1111328:29234072:495:"logf" "pt_rw_step_trunc" "pt_sampler_trunc" "system.time" 
:314826:1111328:32080888:773:"pt_sampler_trunc" "system.time" 
:323397:1111328:34663328:699:"match.fun" "vapply" "pmax" "logf" "pt_rw_step_trunc" "pt_sampler_trunc" "system.time" 
:336695:1111328:38669288:1085:"logf" "pt_rw_step_trunc" "pt_sampler_trunc" "system.time" 
:284111:1111328:22825544:883:"logf" "pt_sampler_trunc" "system.time" 
:290228:1111328:24664528:494:"Z_tail" "pt_rw_step_trunc" "pt_sampler_trunc" "system.time" 
:321471:1111328:34080704:2553:"pt_sampler_trunc" "system.time" 
:330250:1111328:36721776:713:"vapply" "pmax" "logf" "pt_sampler_trunc" "system.time" 
:335926:1111328:38432408:464:"vapply" "pmax" "logf" "pt_sampler_trunc" "system.time" 
:282254:1111328:22259048:787:"pmax" "logf" "pt_rw_step_trunc" "pt_sampler_trunc" "system.time" 
:291437:1111328:25022872:747:"vapply" "pmax" "logf" "pt_rw_step_trunc" "pt_sampler_trunc" "system.time" 
:299347:1111328:27399680:639:"pmax" "logf" "pt_rw_step_trunc" "pt_sampler_trunc" "system.time" 
:306766:1111328:29640800:611:"vapply" "pmax" "logf" "pt_rw_step_trunc" "pt_sampler_trunc" "system.time" 
:315789:1111328:32351200:730:"vapply" "pmax" "logf" "pt_sampler_trunc" "system.time" 
:321442:1111328:34055448:464:"pmax" "logf" "pt_sampler_trunc" "system.time" 
:341451:1111328:40082672:1631:"logf" "pt_sampler_trunc" "system.time" 
:287654:1111328:23880808:778:"logf" "pt_rw_step_trunc" "pt_sampler_trunc" "system.time" 
:294696:1111328:26005616:578:"length" "mostattributes<-" "pmax" "logf" "pt_rw_step_trunc" "pt_sampler_trunc" "system.time" 
:300685:1111328:27810160:489:"pt_rw_step_trunc" "pt_sampler_trunc" "system.time" 
:306573:1111328:29583456:481:"pt_sampler_trunc" "system.time" 
:315160:1111328:32172112:702:"pt_rw_step_trunc" "pt_sampler_trunc" "system.time" 
:321660:1111328:34127128:526:"pnorm" "Z_tail" "pt_rw_step_trunc" "pt_sampler_trunc" "system.time" 
:329364:1111328:36451520:633:"vapply" "pmax" "logf" "pt_rw_step_trunc" "pt_sampler_trunc" "system.time" 
:337584:1111328:38928624:672:"vapply" "pmax" "logf" "pt_rw_step_trunc" "pt_sampler_trunc" "system.time" 
:281001:1111328:21875000:545:"r_trunc_norm" "pt_rw_step_trunc" "pt_sampler_trunc" "system.time" 
:288702:1111328:24199840:633:"match.fun" "vapply" "pmax" "logf" "pt_rw_step_trunc" "pt_sampler_trunc" "system.time" 
:306124:1111328:29453704:1425:"rnorm" "r_trunc_norm" "pt_rw_step_trunc" "pt_sampler_trunc" "system.time" 
:325094:1111328:35161168:1543:"match.fun" "vapply" "pmax" "logf" "pt_rw_step_trunc" "pt_sampler_trunc" "system.time" 
:331303:1111328:37030000:506:"pmax" "logf" "pt_rw_step_trunc" "pt_sampler_trunc" "system.time" 
:316528:1111328:32575312:3957:"pt_sampler_trunc" "system.time" 
:324977:1111328:35119168:688:"pmax" "logf" "pt_rw_step_trunc" "pt_sampler_trunc" "system.time" 
:341190:1111328:40003544:1321:"pnorm" "Z_tail" "pt_rw_step_trunc" "pt_sampler_trunc" "system.time" 
:282852:1111328:22431864:410:"vapply" "pmax" "logf" "pt_rw_step_trunc" "pt_sampler_trunc" "system.time" 
:288328:1111328:24081624:447:"logf" "pt_rw_step_trunc" "pt_sampler_trunc" "system.time" 
:281912:1111328:22144416:4634:"Z_tail" "pt_rw_step_trunc" "pt_sampler_trunc" "system.time" 
:305579:1111328:29274672:1931:"Z_tail" "pt_rw_step_trunc" "pt_sampler_trunc" "system.time" 
:311071:1111328:30925440:446:"FUN" "vapply" "pmax" "logf" "pt_rw_step_trunc" "pt_sampler_trunc" "system.time" 
:324920:1111328:35098000:1133:"rnorm" "r_trunc_norm" "pt_rw_step_trunc" "pt_sampler_trunc" "system.time" 
:341387:1111328:40064304:1347:"pmax" "logf" "pt_rw_step_trunc" "pt_sampler_trunc" "system.time" 
:284012:1111328:22766240:478:"pmax" "logf" "pt_rw_step_trunc" "pt_sampler_trunc" "system.time" 
:288924:1111328:24241336:397:"logf" "pt_rw_step_trunc" "pt_sampler_trunc" "system.time" 
:317485:1111328:32843552:2329:"vapply" "pmax" "logf" "pt_sampler_trunc" "system.time" 
:328565:1111328:36187256:909:"pt_sampler_trunc" "system.time" 
:289443:1111328:24397632:1965:"pmax" "logf" "pt_rw_step_trunc" "pt_sampler_trunc" "system.time" 
:300421:1111328:27703256:895:"pmax" "logf" "pt_rw_step_trunc" "pt_sampler_trunc" "system.time" 
:329943:1111328:36596112:2411:"vapply" "pmax" "logf" "pt_rw_step_trunc" "pt_sampler_trunc" "system.time" 
:337027:1111328:38736936:585:"runif" "pt_rw_step_trunc" "pt_sampler_trunc" "system.time" 
:304852:1111328:29029560:2526:"pt_rw_step_trunc" "pt_sampler_trunc" "system.time" 
:335362:1111328:38209360:2479:"is.atomic" "FUN" "vapply" "pmax" "logf" "pt_rw_step_trunc" "pt_sampler_trunc" "system.time" 
:283551:1111328:22615880:938:"pmax" "logf" "pt_rw_step_trunc" "pt_sampler_trunc" "system.time" 
:290761:1111328:24794616:595:"pmax" "logf" "pt_rw_step_trunc" "pt_sampler_trunc" "system.time" 
:303833:1111328:28728000:1064:"pt_sampler_trunc" "system.time" 
:326919:1111328:35685160:1884:"pt_rw_step_trunc" "pt_sampler_trunc" "system.time" 
:339737:1111328:39545800:1046:"pmax" "logf" "pt_sampler_trunc" "system.time" 
:278627:1111328:21130200:169:"vapply" "pmax" "logf" "pt_rw_step_trunc" "pt_sampler_trunc" "system.time" 
:286053:1111328:23366672:605:"logf" "pt_rw_step_trunc" "pt_sampler_trunc" "system.time" 
:291900:1111328:25126976:476:"logf" "pt_rw_step_trunc" "pt_sampler_trunc" "system.time" 
:297189:1111328:26718888:430:"logf" "pt_rw_step_trunc" "pt_sampler_trunc" "system.time" 
:302681:1111328:28372512:448:"pmax" "logf" "pt_sampler_trunc" "system.time" 
:315656:1111328:32283272:1058:"logf" "pt_rw_step_trunc" "pt_sampler_trunc" "system.time" 
:329164:1111328:36344112:1094:"pnorm" "Z_tail" "pt_rw_step_trunc" "pt_sampler_trunc" "system.time" 
:336435:1111328:38535896:594:"pt_rw_step_trunc" "pt_sampler_trunc" "system.time" 
:341581:1111328:40082672:417:"logf" "pt_rw_step_trunc" "pt_sampler_trunc" "system.time" 
:284787:1111328:22981112:528:"logf" "pt_rw_step_trunc" "pt_sampler_trunc" "system.time" 
:290752:1111328:24781008:488:"logf" "pt_rw_step_trunc" "pt_sampler_trunc" "system.time" 
:315354:1111328:32186784:2004:"pmax" "logf" "pt_rw_step_trunc" "pt_sampler_trunc" "system.time" 
:319603:1111328:33471368:350:"vapply" "pmax" "logf" "pt_sampler_trunc" "system.time" 
:278218:1111328:21079128:1819:"rnorm" "r_trunc_norm" "pt_rw_step_trunc" "pt_sampler_trunc" "system.time" 
:302016:1111328:28241584:1938:"logf" "pt_sampler_trunc" "system.time" 
:313988:1111328:31844400:975:"pmax" "logf" "pt_rw_step_trunc" "pt_sampler_trunc" "system.time" 
:323707:1111328:34778240:798:"vapply" "pmax" "logf" "pt_rw_step_trunc" "pt_sampler_trunc" "system.time" 
:329819:1111328:36621816:501:"pt_rw_step_trunc" "pt_sampler_trunc" "system.time" 
:337858:1111328:39040064:652:"mostattributes<-" "pmax" "logf" "pt_rw_step_trunc" "pt_sampler_trunc" "system.time" 
:341314:1111328:40082672:284:"pt_rw_step_trunc" "pt_sampler_trunc" "system.time" 
:285456:1111328:23249744:613:"pmax" "logf" "pt_rw_step_trunc" "pt_sampler_trunc" "system.time" 
:294585:1111328:26002760:749:"pt_sampler_trunc" "system.time" 
:300085:1111328:27658232:448:"all" "pmax" "logf" "pt_rw_step_trunc" "pt_sampler_trunc" "system.time" 
:307481:1111328:29879640:599:"match.fun" "vapply" "pmax" "logf" "pt_sampler_trunc" "system.time" 
:315387:1111328:32263280:647:"pt_rw_step_trunc" "pt_sampler_trunc" "system.time" 
:323780:1111328:34792688:684:"pmax" "logf" "pt_rw_step_trunc" "pt_sampler_trunc" "system.time" 
:330992:1111328:36962072:587:"logf" "pt_rw_step_trunc" "pt_sampler_trunc" "system.time" 
:282365:1111328:22315832:1205:"pt_rw_step_trunc" "pt_sampler_trunc" "system.time" 
:293788:1111328:25762856:936:"r_trunc_norm" "pt_rw_step_trunc" "pt_sampler_trunc" "system.time" 
:300958:1111328:27925296:586:"pt_rw_step_trunc" "pt_sampler_trunc" "system.time" 
:307338:1111328:29841224:515:"FUN" "vapply" "pmax" "logf" "pt_rw_step_trunc" "pt_sampler_trunc" "system.time" 
:314375:1111328:31967320:579:"rnorm" "r_trunc_norm" "pt_rw_step_trunc" "pt_sampler_trunc" "system.time" 
:322272:1111328:34342840:643:"vapply" "pmax" "logf" "pt_rw_step_trunc" "pt_sampler_trunc" "system.time" 
:333000:1111328:37571968:874:"vapply" "pmax" "logf" "pt_sampler_trunc" "system.time" 
:338638:1111328:39270504:462:"pmax" "logf" "pt_sampler_trunc" "system.time" 
:281936:1111328:22185968:546:"pnorm" "Z_tail" "pt_rw_step_trunc" "pt_sampler_trunc" "system.time" 
:298471:1111328:27161680:1346:"vapply" "pmax" "logf" "pt_rw_step_trunc" "pt_sampler_trunc" "system.time" 
:309470:1111328:30479400:904:"length" "pmax" "logf" "pt_sampler_trunc" "system.time" 
:321979:1111328:34245344:1016:"FUN" "vapply" "pmax" "logf" "pt_rw_step_trunc" "pt_sampler_trunc" "system.time" 
:327686:1111328:35964600:467:"pt_sampler_trunc" "system.time" 
:333929:1111328:37847096:510:"pt_rw_step_trunc" "pt_sampler_trunc" "system.time" 
:279096:1111328:21328776:697:"vapply" "pmax" "logf" "pt_rw_step_trunc" "pt_sampler_trunc" "system.time" 
:287064:1111328:23728208:649:"logf" "pt_rw_step_trunc" "pt_sampler_trunc" "system.time" 
:293257:1111328:25590432:503:"pmax" "logf" "pt_rw_step_trunc" "pt_sampler_trunc" "system.time" 
:316933:1111328:32733848:1939:"pmax" "logf" "pt_rw_step_trunc" "pt_sampler_trunc" "system.time" 
:324790:1111328:35096096:636:"pmax" "logf" "pt_rw_step_trunc" "pt_sampler_trunc" "system.time" 
:336164:1111328:38514672:920:"Z_tail" "pt_rw_step_trunc" "pt_sampler_trunc" "system.time" 
:341372:1111328:40082672:425:"vapply" "pmax" "logf" "pt_rw_step_trunc" "pt_sampler_trunc" "system.time" 
:281952:1111328:22188096:327:"pt_rw_step_trunc" "pt_sampler_trunc" "system.time" 
:293880:1111328:25776016:967:"is.atomic" "FUN" "vapply" "pmax" "logf" "pt_rw_step_trunc" "pt_sampler_trunc" "system.time" 
:300068:1111328:27637680:504:"pmax" "logf" "pt_rw_step_trunc" "pt_sampler_trunc" "system.time" 
:306793:1111328:29661464:546:"vapply" "pmax" "logf" "pt_rw_step_trunc" "pt_sampler_trunc" "system.time" 
:318454:1111328:33176192:953:"pt_rw_step_trunc" "pt_sampler_trunc" "system.time" 
:326970:1111328:35734608:688:"logf" "pt_rw_step_trunc" "pt_sampler_trunc" "system.time" 
:337430:1111328:38892504:859:"pnorm" "Z_tail" "pt_rw_step_trunc" "pt_sampler_trunc" "system.time" 
:280942:1111328:21874776:559:"pt_rw_step_trunc" "pt_sampler_trunc" "system.time" 
:286923:1111328:23677080:488:"logf" "pt_rw_step_trunc" "pt_sampler_trunc" "system.time" 
:293737:1111328:25732896:559:"FUN" "vapply" "pmax" "logf" "pt_rw_step_trunc" "pt_sampler_trunc" "system.time" 
:299912:1111328:27595960:507:"pt_rw_step_trunc" "pt_sampler_trunc" "system.time" 
:307051:1111328:29743280:579:"logf" "pt_rw_step_trunc" "pt_sampler_trunc" "system.time" 
:312860:1111328:31493448:473:"logf" "pt_rw_step_trunc" "pt_sampler_trunc" "system.time" 
:318854:1111328:33299336:490:"runif" "pt_rw_step_trunc" "pt_sampler_trunc" "system.time" 
:325340:1111328:35253960:529:"pmax" "logf" "pt_rw_step_trunc" "pt_sampler_trunc" "system.time" 
:331997:1111328:37251704:538:"pmax" "logf" "pt_sampler_trunc" "system.time" 
:338620:1111328:39248720:541:"is.finite" "pt_rw_step_trunc" "pt_sampler_trunc" "system.time" 
:306036:1111328:29440992:2516:"pmax" "logf" "pt_rw_step_trunc" "pt_sampler_trunc" "system.time" 
:324044:1111328:34871984:1472:"Z_tail" "pt_rw_step_trunc" "pt_sampler_trunc" "system.time" 
:328869:1111328:36321096:392:"pt_sampler_trunc" "system.time" 
:341358:1111328:40082672:1020:"pt_rw_step_trunc" "pt_sampler_trunc" "system.time" 
:281204:1111328:21950264:258:"rnorm" "r_trunc_norm" "pt_rw_step_trunc" "pt_sampler_trunc" "system.time" 
:287161:1111328:23746296:488:"pmax" "logf" "pt_rw_step_trunc" "pt_sampler_trunc" "system.time" 
:305990:1111328:29418256:1532:"pnorm" "Z_tail" "pt_rw_step_trunc" "pt_sampler_trunc" "system.time" 
:311702:1111328:31139808:467:"vapply" "pmax" "logf" "pt_rw_step_trunc" "pt_sampler_trunc" "system.time" 
:317529:1111328:32895520:476:"pt_rw_step_trunc" "pt_sampler_trunc" "system.time" 
:326104:1111328:35472640:695:"pt_rw_step_trunc" "pt_sampler_trunc" "system.time" 
:334458:1111328:37986088:680:"pt_sampler_trunc" "system.time" 
:340693:1111328:39866792:511:"logf" "pt_rw_step_trunc" "pt_sampler_trunc" "system.time" 
:280168:1111328:21632632:229:"pmax" "logf" "pt_rw_step_trunc" "pt_sampler_trunc" "system.time" 
:287280:1111328:23778888:583:"pmax" "logf" "pt_rw_step_trunc" "pt_sampler_trunc" "system.time" 
:294874:1111328:26064136:620:"Z_tail" "pt_rw_step_trunc" "pt_sampler_trunc" "system.time" 
:302086:1111328:28243040:594:"pnorm" "Z_tail" "pt_rw_step_trunc" "pt_sampler_trunc" "system.time" 
:309290:1111328:30410240:586:"vapply" "pmax" "logf" "pt_rw_step_trunc" "pt_sampler_trunc" "system.time" 
:313902:1111328:31799152:376:"FUN" "vapply" "pmax" "logf" "pt_sampler_trunc" "system.time" 
:319418:1111328:33465544:455:"pt_sampler_trunc" "system.time" 
:326787:1111328:35682584:598:"mostattributes<-" "pmax" "logf" "pt_rw_step_trunc" "pt_sampler_trunc" "system.time" 
:337088:1111328:38780392:836:"r_trunc_norm" "pt_rw_step_trunc" "pt_sampler_trunc" "system.time" 
:341399:1111328:40082672:354:"pt_rw_step_trunc" "pt_sampler_trunc" "system.time" 
:283335:1111328:22581608:427:"logf" "pt_rw_step_trunc" "pt_sampler_trunc" "system.time" 
:307024:1111328:29722056:1935:"Z_tail" "pt_rw_step_trunc" "pt_sampler_trunc" "system.time" 
:320159:1111328:33672520:1070:"pt_rw_step_trunc" "pt_sampler_trunc" "system.time" 
:327541:1111328:35901264:606:"runif" "pt_rw_step_trunc" "pt_sampler_trunc" "system.time" 
:335821:1111328:38394272:673:"pmax" "logf" "pt_rw_step_trunc" "pt_sampler_trunc" "system.time" 
:341431:1111328:40082672:458:"pmax" "logf" "pt_rw_step_trunc" "pt_sampler_trunc" "system.time" 
:284480:1111328:22929312:523:"pmax" "logf" "pt_rw_step_trunc" "pt_sampler_trunc" "system.time" 
:291675:1111328:25092872:585:"pmax" "logf" "pt_rw_step_trunc" "pt_sampler_trunc" "system.time" 
:305298:1111328:29201144:1116:"logf" "pt_rw_step_trunc" "pt_sampler_trunc" "system.time" 
:314851:1111328:32086768:785:"is.finite" "pt_rw_step_trunc" "pt_sampler_trunc" "system.time" 
:321108:1111328:33971112:508:"Z_tail" "pt_rw_step_trunc" "pt_sampler_trunc" "system.time" 
:334993:1111328:38155992:1136:"pt_rw_step_trunc" "pt_sampler_trunc" "system.time" 
:288407:1111328:24104584:1361:"pnorm" "Z_tail" "pt_rw_step_trunc" "pt_sampler_trunc" "system.time" 
:307135:1111328:29744736:1528:"FUN" "vapply" "pmax" "logf" "pt_rw_step_trunc" "pt_sampler_trunc" "system.time" 
:285664:1111328:23269120:3409:"logf" "pt_rw_step_trunc" "pt_sampler_trunc" "system.time" 
:300391:1111328:27693232:1190:"pt_sampler_trunc" "system.time" 
:326707:1111328:35608384:2133:"vapply" "pmax" "logf" "pt_rw_step_trunc" "pt_sampler_trunc" "system.time" 
:325408:1111328:35234080:5060:"Z_tail" "pt_rw_step_trunc" "pt_sampler_trunc" "system.time" 
:278673:1111328:21153664:1346:"pmax" "logf" "pt_rw_step_trunc" "pt_sampler_trunc" "system.time" 
:285078:1111328:23085720:524:"FUN" "vapply" "pmax" "logf" "pt_rw_step_trunc" "pt_sampler_trunc" "system.time" 
:300562:1111328:27758640:1269:"rnorm" "r_trunc_norm" "pt_rw_step_trunc" "pt_sampler_trunc" "system.time" 
:307279:1111328:29779568:546:"length" "mostattributes<-" "pmax" "logf" "pt_sampler_trunc" "system.time" 
:314942:1111328:32093768:630:"length" "logf" "pt_rw_step_trunc" "pt_sampler_trunc" "system.time" 
:325502:1111328:35273336:860:"logf" "pt_rw_step_trunc" "pt_sampler_trunc" "system.time" 
:332391:1111328:37353680:566:"pmax" "logf" "pt_rw_step_trunc" "pt_sampler_trunc" "system.time" 
:338848:1111328:39294360:524:"pt_sampler_trunc" "system.time" 
:279432:1111328:21386344:314:"logf" "pt_rw_step_trunc" "pt_sampler_trunc" "system.time" 
:287678:1111328:23870392:673:"logf" "pt_rw_step_trunc" "pt_sampler_trunc" "system.time" 
:297741:1111328:26906152:825:"runif" "pt_rw_step_trunc" "pt_sampler_trunc" "system.time" 
:312429:1111328:31332448:1200:"pt_sampler_trunc" "system.time" 
:323295:1111328:34607832:888:"rnorm" "r_trunc_norm" "pt_rw_step_trunc" "pt_sampler_trunc" "system.time" 
:332103:1111328:37257136:715:"is.atomic" "FUN" "vapply" "pmax" "logf" "pt_rw_step_trunc" "pt_sampler_trunc" "system.time" 
:291621:1111328:25050984:1845:"pnorm" "Z_tail" "pt_rw_step_trunc" "pt_sampler_trunc" "system.time" 
:299844:1111328:27524056:669:"pmax" "logf" "pt_rw_step_trunc" "pt_sampler_trunc" "system.time" 
:310508:1111328:30737392:870:"logf" "pt_rw_step_trunc" "pt_sampler_trunc" "system.time" 
:316778:1111328:32628960:515:"pt_sampler_trunc" "system.time" 
:334956:1111328:38109176:1486:"pmax" "logf" "pt_rw_step_trunc" "pt_sampler_trunc" "system.time" 
:341517:1111328:40082672:532:"length" "mostattributes<-" "pmax" "logf" "pt_rw_step_trunc" "pt_sampler_trunc" "system.time" 
:285150:1111328:23106048:565:"FUN" "vapply" "pmax" "logf" "pt_rw_step_trunc" "pt_sampler_trunc" "system.time" 
:300484:1111328:27730864:1257:"pt_sampler_trunc" "system.time" 
:312958:1111328:31485664:1014:"runif" "pt_rw_step_trunc" "pt_sampler_trunc" "system.time" 
:325065:1111328:35129640:987:"pmax" "logf" "pt_rw_step_trunc" "pt_sampler_trunc" "system.time" 
:336205:1111328:38485104:907:"pnorm" "Z_tail" "pt_rw_step_trunc" "pt_sampler_trunc" "system.time" 
:341509:1111328:40082672:432:"Z_tail" "pt_rw_step_trunc" "pt_sampler_trunc" "system.time" 
:284867:1111328:23018800:542:"r_trunc_norm" "pt_rw_step_trunc" "pt_sampler_trunc" "system.time" 
:333919:1111328:37789640:3997:"vapply" "pmax" "logf" "pt_rw_step_trunc" "pt_sampler_trunc" "system.time" 
:339400:1111328:39436880:445:"pmax" "logf" "pt_rw_step_trunc" "pt_sampler_trunc" "system.time" 
:290213:1111328:24618104:1145:"logf" "pt_rw_step_trunc" "pt_sampler_trunc" "system.time" 
:332415:1111328:37323776:3436:"pmax" "logf" "pt_sampler_trunc" "system.time" 
:338422:1111328:39132968:488:"vapply" "pmax" "logf" "pt_rw_step_trunc" "pt_sampler_trunc" "system.time" 
:278396:1111328:21129976:302:"vapply" "pmax" "logf" "pt_rw_step_trunc" "pt_sampler_trunc" "system.time" 
:302091:1111328:28271488:1937:"all" "pmax" "logf" "pt_rw_step_trunc" "pt_sampler_trunc" "system.time" 
:308082:1111328:30076032:490:"pt_sampler_trunc" "system.time" 
:332931:1111328:37560208:2024:"logf" "pt_rw_step_trunc" "pt_sampler_trunc" "system.time" 
:299306:1111328:27433056:2440:"pt_sampler_trunc" "system.time" 
:322656:1111328:34469456:1909:"vapply" "pmax" "logf" "pt_sampler_trunc" "system.time" 
:327821:1111328:36029504:425:"pt_rw_step_trunc" "pt_sampler_trunc" "system.time" 
:341003:1111328:39995592:1071:"vapply" "pmax" "logf" "pt_rw_step_trunc" "pt_sampler_trunc" "system.time" 
:302667:1111328:28427336:2037:"pt_sampler_trunc" "system.time" 
:312917:1111328:31515848:836:"pmax" "logf" "pt_rw_step_trunc" "pt_sampler_trunc" "system.time" 
:319959:1111328:33630240:569:"logf" "pt_rw_step_trunc" "pt_sampler_trunc" "system.time" 
:330451:1111328:36791664:854:"is.function" "match.fun" "vapply" "pmax" "logf" "pt_rw_step_trunc" "pt_sampler_trunc" "system.time" 
:341063:1111328:39978960:858:"pmax" "logf" "pt_rw_step_trunc" "pt_sampler_trunc" "system.time" 
:295318:1111328:26210856:1439:"logf" "pt_rw_step_trunc" "pt_sampler_trunc" "system.time" 
:303420:1111328:28649264:659:"vapply" "pmax" "logf" "pt_rw_step_trunc" "pt_sampler_trunc" "system.time" 
:310199:1111328:30691360:553:"logf" "pt_rw_step_trunc" "pt_sampler_trunc" "system.time" 
:334907:1111328:38133704:2013:"Z_tail" "pt_rw_step_trunc" "pt_sampler_trunc" "system.time" 
:293584:1111328:25684008:1798:"vapply" "pmax" "logf" "pt_sampler_trunc" "system.time" 
:311589:1111328:31109344:1473:"pt_sampler_trunc" "system.time" 
:341365:1111328:40082672:2431:"vapply" "pmax" "logf" "pt_rw_step_trunc" "pt_sampler_trunc" "system.time" 
:289754:1111328:24538080:963:"pmax" "logf" "pt_rw_step_trunc" "pt_sampler_trunc" "system.time" 
:313983:1111328:31830904:1971:"vapply" "pmax" "logf" "pt_rw_step_trunc" "pt_sampler_trunc" "system.time" 
:311984:1111328:31207680:4983:"logf" "pt_rw_step_trunc" "pt_sampler_trunc" "system.time" 
:334694:1111328:38050096:1856:"logf" "pt_rw_step_trunc" "pt_sampler_trunc" "system.time" 
:323584:1111328:34711936:4266:"pt_sampler_trunc" "system.time" 
:333027:1111328:37551472:766:"mostattributes<-" "pmax" "logf" "pt_sampler_trunc" "system.time" 
:290475:1111328:24737552:1693:"pnorm" "Z_tail" "pt_rw_step_trunc" "pt_sampler_trunc" "system.time" 
:310838:1111328:30873248:1664:"logf" "pt_rw_step_trunc" "pt_sampler_trunc" "system.time" 
:285704:1111328:23303840:3125:"pt_sampler_trunc" "system.time" 
:308199:1111328:30086336:1839:"FUN" "vapply" "pmax" "logf" "pt_rw_step_trunc" "pt_sampler_trunc" "system.time" 
:302031:1111328:28211288:4660:"logf" "pt_rw_step_trunc" "pt_sampler_trunc" "system.time" 
:325654:1111328:35330960:1929:"pnorm" "Z_tail" "pt_rw_step_trunc" "pt_sampler_trunc" "system.time" 
:335757:1111328:38366216:818:"pt_sampler_trunc" "system.time" 
:296644:1111328:26592160:1979:"pnorm" "Z_tail" "pt_rw_step_trunc" "pt_sampler_trunc" "system.time" 
:323987:1111328:34819960:2222:"pmax" "logf" "pt_rw_step_trunc" "pt_sampler_trunc" "system.time" 
:341447:1111328:40082672:1426:"Z_tail" "pt_rw_step_trunc" "pt_sampler_trunc" "system.time" 
:292587:1111328:25363296:1178:"FUN" "vapply" "pmax" "logf" "pt_rw_step_trunc" "pt_sampler_trunc" "system.time" 
:302884:1111328:28472584:846:"pmax" "logf" "pt_rw_step_trunc" "pt_sampler_trunc" "system.time" 
:334508:1111328:37994600:2576:"logf" "pt_rw_step_trunc" "pt_sampler_trunc" "system.time" 
:340306:1111328:39743424:474:"vapply" "pmax" "logf" "pt_rw_step_trunc" "pt_sampler_trunc" "system.time" 
:281494:1111328:22018024:361:"pt_rw_step_trunc" "pt_sampler_trunc" "system.time" 
:288068:1111328:23999304:538:"logf" "pt_rw_step_trunc" "pt_sampler_trunc" "system.time" 
:299762:1111328:27520808:952:"pt_rw_step_trunc" "pt_sampler_trunc" "system.time" 
:305589:1111328:29274336:474:"pt_sampler_trunc" "system.time" 
:317339:1111328:32809224:954:"logf" "pt_sampler_trunc" "system.time" 
:323681:1111328:34712440:509:"Z_tail" "pt_rw_step_trunc" "pt_sampler_trunc" "system.time" 
:333121:1111328:37553432:767:"pmax" "logf" "pt_rw_step_trunc" "pt_sampler_trunc" "system.time" 
:341518:1111328:40082672:685:"Z_tail" "pt_rw_step_trunc" "pt_sampler_trunc" "system.time" 
:283963:1111328:22761984:475:"pt_rw_step_trunc" "pt_sampler_trunc" "system.time" 
:296077:1111328:26415032:989:"pnorm" "Z_tail" "pt_rw_step_trunc" "pt_sampler_trunc" "system.time" 
:304933:1111328:29074136:716:"pmax" "logf" "pt_rw_step_trunc" "pt_sampler_trunc" "system.time" 
:311878:1111328:31162096:563:"pt_rw_step_trunc" "pt_sampler_trunc" "system.time" 
:320060:1111328:33635840:674:"pt_rw_step_trunc" "pt_sampler_trunc" "system.time" 
:327392:1111328:35838712:593:"vapply" "pmax" "logf" "pt_rw_step_trunc" "pt_sampler_trunc" "system.time" 
:336796:1111328:38674608:770:"pmax" "logf" "pt_rw_step_trunc" "pt_sampler_trunc" "system.time" 
:278742:1111328:21184408:426:"vapply" "pmax" "logf" "pt_rw_step_trunc" "pt_sampler_trunc" "system.time" 
:286453:1111328:23500064:624:"FUN" "vapply" "pmax" "logf" "pt_rw_step_trunc" "pt_sampler_trunc" "system.time" 
:294243:1111328:25847472:638:"pmax" "logf" "pt_sampler_trunc" "system.time" 
:317220:1111328:32764592:1871:"pt_sampler_trunc" "system.time" 
:341133:1111328:39965352:1946:"rnorm" "r_trunc_norm" "pt_rw_step_trunc" "pt_sampler_trunc" "system.time" 
:323171:1111328:34562864:3702:"pt_sampler_trunc" "system.time" 
:337072:1111328:38754632:1139:"logf" "pt_sampler_trunc" "system.time" 
:341485:1111328:40082672:357:"logf" "pt_rw_step_trunc" "pt_sampler_trunc" "system.time" 
:284240:1111328:22834952:492:"logf" "pt_rw_step_trunc" "pt_sampler_trunc" "system.time" 
:291347:1111328:24973312:577:"vapply" "pmax" "logf" "pt_rw_step_trunc" "pt_sampler_trunc" "system.time" 
:295785:1111328:26316360:369:"pt_rw_step_trunc" "pt_sampler_trunc" "system.time" 
:306523:1111328:29554168:878:"pmax" "logf" "pt_rw_step_trunc" "pt_sampler_trunc" "system.time" 
:314108:1111328:31838184:619:"vapply" "pmax" "logf" "pt_sampler_trunc" "system.time" 
:334031:1111328:37844128:1628:"vapply" "pmax" "logf" "pt_sampler_trunc" "system.time" 
:341223:1111328:40013456:587:"logf" "pt_rw_step_trunc" "pt_sampler_trunc" "system.time" 
:282295:1111328:22244544:350:"runif" "pt_sampler_trunc" "system.time" 
:291542:1111328:25029536:753:"vapply" "pmax" "logf" "pt_rw_step_trunc" "pt_sampler_trunc" "system.time" 
:297420:1111328:26802608:482:"pt_rw_step_trunc" "pt_sampler_trunc" "system.time" 
:303337:1111328:28585648:484:"logf" "pt_rw_step_trunc" "pt_sampler_trunc" "system.time" 
:309095:1111328:30319184:468:"pmax" "logf" "pt_rw_step_trunc" "pt_sampler_trunc" "system.time" 
:317523:1111328:32858448:688:"vapply" "pmax" "logf" "pt_rw_step_trunc" "pt_sampler_trunc" "system.time" 
:324227:1111328:34881336:549:"pmax" "logf" "pt_rw_step_trunc" "pt_sampler_trunc" "system.time" 
:332938:1111328:37504600:710:"pt_rw_step_trunc" "pt_sampler_trunc" "system.time" 
:341499:1111328:40082672:699:"pmax" "logf" "pt_rw_step_trunc" "pt_sampler_trunc" "system.time" 
:295864:1111328:26327392:1436:"pt_rw_step_trunc" "pt_sampler_trunc" "system.time" 
:305586:1111328:29253224:789:"logf" "pt_rw_step_trunc" "pt_sampler_trunc" "system.time" 
:312212:1111328:31252256:544:"pt_rw_step_trunc" "pt_sampler_trunc" "system.time" 
:318390:1111328:33112856:504:"list" "pt_rw_step_trunc" "pt_sampler_trunc" "system.time" 
:329526:1111328:36462272:903:"any" "logf" "pt_rw_step_trunc" "pt_sampler_trunc" "system.time" 
:336228:1111328:38482416:549:"pt_sampler_trunc" "system.time" 
:281068:1111328:21868392:660:"pt_rw_step_trunc" "pt_sampler_trunc" "system.time" 
:287571:1111328:23830072:532:"logf" "pt_rw_step_trunc" "pt_sampler_trunc" "system.time" 
:300731:1111328:27784960:1066:"logf" "pt_rw_step_trunc" "pt_sampler_trunc" "system.time" 
:308622:1111328:30158912:643:"logf" "pt_rw_step_trunc" "pt_sampler_trunc" "system.time" 
:334328:1111328:37901640:2097:"pt_rw_step_trunc" "pt_sampler_trunc" "system.time" 
:291308:1111328:25016992:1688:"logf" "pt_rw_step_trunc" "pt_sampler_trunc" "system.time" 
:308681:1111328:30253328:1417:"FUN" "vapply" "pmax" "logf" "pt_rw_step_trunc" "pt_sampler_trunc" "system.time" 
:315457:1111328:32295536:555:"pt_sampler_trunc" "system.time" 
:320175:1111328:33714240:382:"logf" "pt_rw_step_trunc" "pt_sampler_trunc" "system.time" 
:336604:1111328:38666712:1342:"length" "logf" "pt_rw_step_trunc" "pt_sampler_trunc" "system.time" 
:341309:1111328:40082672:383:"vapply" "pmax" "logf" "pt_rw_step_trunc" "pt_sampler_trunc" "system.time" 
:299164:1111328:27375768:1727:"rnorm" "r_trunc_norm" "pt_rw_step_trunc" "pt_sampler_trunc" "system.time" 
:336460:1111328:38607408:3042:"logf" "pt_rw_step_trunc" "pt_sampler_trunc" "system.time" 
:283419:1111328:22636040:852:"pt_sampler_trunc" "system.time" 
:293772:1111328:25752272:842:"attributes" "pmax" "logf" "pt_rw_step_trunc" "pt_sampler_trunc" "system.time" 
:325165:1111328:35220920:2570:"pt_rw_step_trunc" "pt_sampler_trunc" "system.time" 
:292120:1111328:25254320:2476:"pt_sampler_trunc" "system.time" 
:314402:1111328:31966648:1820:"pmax" "logf" "pt_rw_step_trunc" "pt_sampler_trunc" "system.time" 
:327385:1111328:35875560:1058:"pt_sampler_trunc" "system.time" 
:310040:1111328:30655632:3762:"Z_tail" "pt_rw_step_trunc" "pt_sampler_trunc" "system.time" 
:333950:1111328:37865968:1956:"logf" "pt_rw_step_trunc" "pt_sampler_trunc" "system.time" 
:295324:1111328:26207160:2010:"pt_sampler_trunc" "system.time" 
:327354:1111328:35855456:2611:"pmax" "logf" "pt_rw_step_trunc" "pt_sampler_trunc" "system.time" 
:334357:1111328:37967664:574:"FUN" "vapply" "pmax" "logf" "pt_sampler_trunc" "system.time" 
:341387:1111328:40082672:572:"pmax" "logf" "pt_rw_step_trunc" "pt_sampler_trunc" "system.time" 
:286167:1111328:23446360:662:"vapply" "pmax" "logf" "pt_rw_step_trunc" "pt_sampler_trunc" "system.time" 
:302750:1111328:28438704:1350:"vapply" "pmax" "logf" "pt_sampler_trunc" "system.time" 
:329621:1111328:36530200:2188:"vapply" "pmax" "logf" "pt_rw_step_trunc" "pt_sampler_trunc" "system.time" 
:339406:1111328:39478600:800:"vapply" "pmax" "logf" "pt_rw_step_trunc" "pt_sampler_trunc" "system.time" 
:279897:1111328:21553784:312:"vapply" "pmax" "logf" "pt_rw_step_trunc" "pt_sampler_trunc" "system.time" 
:294128:1111328:25827928:1152:"vapply" "pmax" "logf" "pt_sampler_trunc" "system.time" 
:299661:1111328:27496784:454:"match.fun" "vapply" "pmax" "logf" "pt_sampler_trunc" "system.time" 
:309234:1111328:30377536:779:"pt_rw_step_trunc" "pt_sampler_trunc" "system.time" 
:326437:1111328:35559272:1402:"mostattributes<-" "pmax" "logf" "pt_rw_step_trunc" "pt_sampler_trunc" "system.time" 
:339453:1111328:39479776:1064:"pt_sampler_trunc" "system.time" 
:288196:1111328:24054184:990:"pt_sampler_trunc" "system.time" 
:294855:1111328:26064920:547:"vapply" "pmax" "logf" "pt_rw_step_trunc" "pt_sampler_trunc" "system.time" 
:300173:1111328:27668480:434:"vapply" "pmax" "logf" "pt_rw_step_trunc" "pt_sampler_trunc" "system.time" 
:307193:1111328:29788864:579:"pt_sampler_trunc" "system.time" 
:338117:1111328:39098976:2518:"pnorm" "Z_tail" "pt_rw_step_trunc" "pt_sampler_trunc" "system.time" 
:278435:1111328:21109704:297:"vapply" "pmax" "logf" "pt_rw_step_trunc" "pt_sampler_trunc" "system.time" 
:288287:1111328:24077256:803:"r_trunc_norm" "pt_rw_step_trunc" "pt_sampler_trunc" "system.time" 
:296441:1111328:26529272:663:"pmax" "logf" "pt_sampler_trunc" "system.time" 
:320096:1111328:33648440:1923:"pt_rw_step_trunc" "pt_sampler_trunc" "system.time" 
:326928:1111328:35709912:559:"vapply" "pmax" "logf" "pt_rw_step_trunc" "pt_sampler_trunc" "system.time" 
:317851:1111328:32972408:4421:"runif" "pt_rw_step_trunc" "pt_sampler_trunc" "system.time" 
:332481:1111328:37378544:1191:"vapply" "pmax" "logf" "pt_rw_step_trunc" "pt_sampler_trunc" "system.time" 
:279043:1111328:21280840:803:"pt_rw_step_trunc" "pt_sampler_trunc" "system.time" 
:296736:1111328:26604032:1435:"vapply" "pmax" "logf" "pt_rw_step_trunc" "pt_sampler_trunc" "system.time" 
:302243:1111328:28262248:449:"logf" "pt_rw_step_trunc" "pt_sampler_trunc" "system.time" 
:313493:1111328:31651872:920:"all" "pmax" "logf" "pt_sampler_trunc" "system.time" 
:319774:1111328:33544448:512:"pt_sampler_trunc" "system.time" 
:340054:1111328:39649736:1651:"vapply" "pmax" "logf" "pt_rw_step_trunc" "pt_sampler_trunc" "system.time" 
:289054:1111328:24294256:1004:"vapply" "pmax" "logf" "pt_rw_step_trunc" "pt_sampler_trunc" "system.time" 
:304568:1111328:28963760:1264:"logf" "pt_sampler_trunc" "system.time" 
:318537:1111328:33172944:1139:"length" "logf" "pt_rw_step_trunc" "pt_sampler_trunc" "system.time" 
:328129:1111328:36063216:782:"pmax" "logf" "pt_rw_step_trunc" "pt_sampler_trunc" "system.time" 
:341462:1111328:40082672:1093:"vapply" "pmax" "logf" "pt_rw_step_trunc" "pt_sampler_trunc" "system.time" 
:282705:1111328:22381520:369:"rnorm" "r_trunc_norm" "pt_rw_step_trunc" "pt_sampler_trunc" "system.time" 
:304375:1111328:28915096:1773:"FUN" "vapply" "pmax" "logf" "pt_sampler_trunc" "system.time" 
:312369:1111328:31326176:654:"pmax" "logf" "pt_rw_step_trunc" "pt_sampler_trunc" "system.time" 
:294594:1111328:25957232:3705:"pt_sampler_trunc" "system.time" 
:304381:1111328:28899136:791:"vapply" "pmax" "logf" "pt_sampler_trunc" "system.time" 
:313289:1111328:31577616:721:"any" "logf" "pt_rw_step_trunc" "pt_sampler_trunc" "system.time" 
:331655:1111328:37104200:1495:"vapply" "pmax" "logf" "pt_rw_step_trunc" "pt_sampler_trunc" "system.time" 
:341546:1111328:40082672:806:"pmax" "logf" "pt_rw_step_trunc" "pt_sampler_trunc" "system.time" 
:301659:1111328:28076776:1906:"FUN" "vapply" "pmax" "logf" "pt_rw_step_trunc" "pt_sampler_trunc" "system.time" 
:314352:1111328:31901632:1038:"any" "logf" "pt_rw_step_trunc" "pt_sampler_trunc" "system.time" 
:327137:1111328:35749000:1042:"vapply" "pmax" "logf" "pt_sampler_trunc" "system.time" 
:278415:1111328:21077056:1186:"vapply" "pmax" "logf" "pt_sampler_trunc" "system.time" 
:285784:1111328:23298240:601:"logf" "pt_rw_step_trunc" "pt_sampler_trunc" "system.time" 
:329015:1111328:36316168:3520:"logf" "pt_rw_step_trunc" "pt_sampler_trunc" "system.time" 
:280792:1111328:21796936:1229:"pmax" "logf" "pt_rw_step_trunc" "pt_sampler_trunc" "system.time" 
:302416:1111328:28310576:1764:"pmax" "logf" "pt_rw_step_trunc" "pt_sampler_trunc" "system.time" 
:298181:1111328:27023080:4805:"logf" "pt_sampler_trunc" "system.time" 
:324297:1111328:34871088:2114:"pmax" "logf" "pt_sampler_trunc" "system.time" 
:335046:1111328:38110520:876:"logf" "pt_rw_step_trunc" "pt_sampler_trunc" "system.time" 
:341123:1111328:39941384:496:"logf" "pt_rw_step_trunc" "pt_sampler_trunc" "system.time" 
:319596:1111328:33470416:3402:"runif" "pt_rw_step_trunc" "pt_sampler_trunc" "system.time" 
:341553:1111328:40082672:1789:"FUN" "vapply" "pmax" "logf" "pt_rw_step_trunc" "pt_sampler_trunc" "system.time" 
:319795:1111328:33527984:3383:"pt_sampler_trunc" "system.time" 
:339581:1111328:39490584:1614:"logf" "pt_rw_step_trunc" "pt_sampler_trunc" "system.time" 
:298586:1111328:27213368:1851:"vapply" "pmax" "logf" "pt_rw_step_trunc" "pt_sampler_trunc" "system.time" 
:295083:1111328:26148640:4881:"pt_rw_step_trunc" "pt_sampler_trunc" "system.time" 
:317464:1111328:32885496:1822:"logf" "pt_sampler_trunc" "system.time" 
:282417:1111328:22335152:2315:"logf" "pt_rw_step_trunc" "pt_sampler_trunc" "system.time" 
:315092:1111328:32180176:2668:"is.function" "match.fun" "vapply" "pmax" "logf" "pt_rw_step_trunc" "pt_sampler_trunc" "system.time" 
:331215:1111328:37042152:1319:"pt_sampler_trunc" "system.time" 
:338019:1111328:39088112:552:"runif" "pt_rw_step_trunc" "pt_sampler_trunc" "system.time" 
:332134:1111328:37315936:4696:"pt_rw_step_trunc" "pt_sampler_trunc" "system.time" 
:292904:1111328:25491704:1977:"vapply" "pmax" "logf" "pt_rw_step_trunc" "pt_sampler_trunc" "system.time" 
:286585:1111328:23579136:4658:"pmax" "logf" "pt_rw_step_trunc" "pt_sampler_trunc" "system.time" 
:301539:1111328:28085456:1222:"pmax" "logf" "pt_rw_step_trunc" "pt_sampler_trunc" "system.time" 
:308273:1111328:30109968:544:"Z_tail" "pt_rw_step_trunc" "pt_sampler_trunc" "system.time" 
:322268:1111328:34326040:1141:"rnorm" "r_trunc_norm" "pt_rw_step_trunc" "pt_sampler_trunc" "system.time" 
:279788:1111328:21523880:1704:"pt_sampler_trunc" "system.time" 
:298179:1111328:27063232:1499:"pnorm" "Z_tail" "pt_rw_step_trunc" "pt_sampler_trunc" "system.time" 
:323651:1111328:34728400:2071:"pt_rw_step_trunc" "pt_sampler_trunc" "system.time" 
:317700:1111328:32949224:4693:"logf" "pt_rw_step_trunc" "pt_sampler_trunc" "system.time" 
:340180:1111328:39715536:1829:"rnorm" "r_trunc_norm" "pt_rw_step_trunc" "pt_sampler_trunc" "system.time" 
:294595:1111328:25972688:1443:"FUN" "vapply" "pmax" "logf" "pt_rw_step_trunc" "pt_sampler_trunc" "system.time" 
:301729:1111328:28119336:580:"vapply" "pmax" "logf" "pt_rw_step_trunc" "pt_sampler_trunc" "system.time" 
:317810:1111328:32969608:1319:"pt_sampler_trunc" "system.time" 
:333985:1111328:37841832:1318:"Z_tail" "pt_rw_step_trunc" "pt_sampler_trunc" "system.time" 
:340187:1111328:39709880:507:"pmax" "logf" "pt_rw_step_trunc" "pt_sampler_trunc" "system.time" 
:290997:1111328:24891944:1152:"pmax" "logf" "pt_rw_step_trunc" "pt_sampler_trunc" "system.time" 
:301692:1111328:28112336:871:"pmax" "logf" "pt_rw_step_trunc" "pt_sampler_trunc" "system.time" 
:318261:1111328:33102048:1353:"logf" "pt_sampler_trunc" "system.time" 
:341459:1111328:40082672:1883:"pmax" "logf" "pt_rw_step_trunc" "pt_sampler_trunc" "system.time" 
:286510:1111328:23534784:685:"logf" "pt_sampler_trunc" "system.time" 
:310740:1111328:30814280:1957:"rnorm" "r_trunc_norm" "pt_rw_step_trunc" "pt_sampler_trunc" "system.time" 
:341486:1111328:40057136:2492:"logf" "pt_sampler_trunc" "system.time" 
:307811:1111328:29948968:2428:"pt_rw_step_trunc" "pt_sampler_trunc" "system.time" 
:330496:1111328:36779008:1848:"pt_sampler_trunc" "system.time" 
:328537:1111328:36198960:5011:"vapply" "pmax" "logf" "pt_rw_step_trunc" "pt_sampler_trunc" "system.time" 
:341100:1111328:39981872:1023:"pnorm" "Z_tail" "pt_rw_step_trunc" "pt_sampler_trunc" "system.time" 
:288442:1111328:24110240:870:"pt_rw_step_trunc" "pt_sampler_trunc" "system.time" 
:300347:1111328:27698832:975:"vapply" "pmax" "logf" "pt_sampler_trunc" "system.time" 
:285391:1111328:23188984:3938:"FUN" "vapply" "pmax" "logf" "pt_rw_step_trunc" "pt_sampler_trunc" "system.time" 
:309766:1111328:30522520:1986:"vapply" "pmax" "logf" "pt_rw_step_trunc" "pt_sampler_trunc" "system.time" 
:316393:1111328:32524744:546:"any" "logf" "pt_rw_step_trunc" "pt_sampler_trunc" "system.time" 
:279035:1111328:21270872:2121:"pt_sampler_trunc" "system.time" 
:306699:1111328:29599080:2251:"FUN" "vapply" "pmax" "logf" "pt_rw_step_trunc" "pt_sampler_trunc" "system.time" 
:330730:1111328:36842792:1964:"pmax" "logf" "pt_rw_step_trunc" "pt_sampler_trunc" "system.time" 
:311307:1111328:30986816:3579:"pt_sampler_trunc" "system.time" 
:316268:1111328:32482800:405:"pmax" "logf" "pt_rw_step_trunc" "pt_sampler_trunc" "system.time" 
:322855:1111328:34463408:536:"logf" "pt_sampler_trunc" "system.time" 
:334848:1111328:38071208:973:"rnorm" "r_trunc_norm" "pt_rw_step_trunc" "pt_sampler_trunc" "system.time" 
:341073:1111328:39944240:507:"vapply" "pmax" "logf" "pt_rw_step_trunc" "pt_sampler_trunc" "system.time" 
:298299:1111328:27067768:1677:"rnorm" "r_trunc_norm" "pt_rw_step_trunc" "pt_sampler_trunc" "system.time" 
:303779:1111328:28715792:444:"pt_sampler_trunc" "system.time" 
:313692:1111328:31706192:813:"logf" "pt_rw_step_trunc" "pt_sampler_trunc" "system.time" 
:330257:1111328:36695568:1350:"logf" "pt_rw_step_trunc" "pt_sampler_trunc" "system.time" 
:341494:1111328:40082672:918:"pmax" "logf" "pt_rw_step_trunc" "pt_sampler_trunc" "system.time" 
:282333:1111328:22254008:336:"pmax" "logf" "pt_sampler_trunc" "system.time" 
:291449:1111328:24997896:741:"pt_sampler_trunc" "system.time" 
:325349:1111328:35212800:2768:"all" "pmax" "logf" "pt_sampler_trunc" "system.time" 
:333073:1111328:37540608:630:"pmax" "logf" "pt_rw_step_trunc" "pt_sampler_trunc" "system.time" 
:297895:1111328:26939080:2291:"pmax" "logf" "pt_rw_step_trunc" "pt_sampler_trunc" "system.time" 
:307878:1111328:29949416:816:"vapply" "pmax" "logf" "pt_sampler_trunc" "system.time" 
:333656:1111328:37705360:2093:"pt_sampler_trunc" "system.time" 
:341555:1111328:40082672:642:"r_trunc_norm" "pt_rw_step_trunc" "pt_sampler_trunc" "system.time" 
:287888:1111328:23921632:785:"vapply" "pmax" "logf" "pt_sampler_trunc" "system.time" 
:301224:1111328:27942712:1090:"pmax" "logf" "pt_rw_step_trunc" "pt_sampler_trunc" "system.time" 
:309320:1111328:30383640:663:"pt_rw_step_trunc" "pt_sampler_trunc" "system.time" 
:324726:1111328:35024304:1257:"length" "pmax" "logf" "pt_rw_step_trunc" "pt_sampler_trunc" "system.time" 
:334111:1111328:37848160:762:"vapply" "pmax" "logf" "pt_rw_step_trunc" "pt_sampler_trunc" "system.time" 
:341525:1111328:40082672:606:"any" "logf" "pt_rw_step_trunc" "pt_sampler_trunc" "system.time" 
:341525:1111328:40082672:0:"any" "logf" "pt_rw_step_trunc" "pt_sampler_trunc" "system.time" 
:341525:1111328:40082672:0:"any" "logf" "pt_rw_step_trunc" "pt_sampler_trunc" "system.time" 
:341525:1111328:40082672:0:"any" "logf" "pt_rw_step_trunc" "pt_sampler_trunc" "system.time" 
:341525:1111328:40082672:0:"any" "logf" "pt_rw_step_trunc" "pt_sampler_trunc" "system.time" 
:341525:1111328:40082672:0:"any" "logf" "pt_rw_step_trunc" "pt_sampler_trunc" "system.time" 
:341525:1111328:40082672:0:"any" "logf" "pt_rw_step_trunc" "pt_sampler_trunc" "system.time" 
:277871:1111328:20973512:0:"any" "logf" "pt_rw_step_trunc" "pt_sampler_trunc" "system.time" 
:277871:1111328:20973512:0:"any" "logf" "pt_rw_step_trunc" "pt_sampler_trunc" "system.time" 
:280592:1111328:21792568:221:"logf" "pt_rw_step_trunc" "pt_sampler_trunc" "system.time" 
:292192:1111328:25286016:945:"pnorm" "Z_tail" "pt_rw_step_trunc" "pt_sampler_trunc" "system.time" 
:299204:1111328:27387024:562:"vapply" "pmax" "logf" "pt_rw_step_trunc" "pt_sampler_trunc" "system.time" 
:304547:1111328:29000944:442:"pmax" "logf" "pt_sampler_trunc" "system.time" 
:313403:1111328:31665256:718:"vapply" "pmax" "logf" "pt_sampler_trunc" "system.time" 
:316953:1111328:32734240:290:"logf" "pt_rw_step_trunc" "pt_sampler_trunc" "system.time" 
:329538:1111328:36525328:1026:"vapply" "pmax" "logf" "pt_rw_step_trunc" "pt_sampler_trunc" "system.time" 
:334121:1111328:37905672:373:"pmax" "logf" "pt_rw_step_trunc" "pt_sampler_trunc" "system.time" 
:339658:1111328:39572792:450:"logf" "pt_rw_step_trunc" "pt_sampler_trunc" "system.time" 
:280884:1111328:21879424:386:"pmax" "logf" "pt_rw_step_trunc" "pt_sampler_trunc" "system.time" 
:290770:1111328:24854648:804:"pt_rw_step_trunc" "pt_sampler_trunc" "system.time" 
:297233:1111328:26806752:531:"FUN" "vapply" "pmax" "logf" "pt_rw_step_trunc" "pt_sampler_trunc" "system.time" 
:307767:1111328:29977304:858:"vapply" "pmax" "logf" "pt_rw_step_trunc" "pt_sampler_trunc" "system.time" 
:322351:1111328:34371848:1191:"pt_rw_step_trunc" "pt_sampler_trunc" "system.time" 
:335453:1111328:38319960:1071:"pmax" "logf" "pt_rw_step_trunc" "pt_sampler_trunc" "system.time" 
:287939:1111328:23993760:1287:"Z_tail" "pt_rw_step_trunc" "pt_sampler_trunc" "system.time" 
:319935:1111328:33634832:2613:"vapply" "pmax" "logf" "pt_rw_step_trunc" "pt_sampler_trunc" "system.time" 
:326457:1111328:35601328:534:"match.fun" "vapply" "pmax" "logf" "pt_rw_step_trunc" "pt_sampler_trunc" "system.time" 
:335972:1111328:38464440:772:"pt_rw_step_trunc" "pt_sampler_trunc" "system.time" 
:277939:1111328:20983704:441:"pmax" "logf" "pt_sampler_trunc" "system.time" 
:284766:1111328:23041368:556:"r_trunc_norm" "pt_rw_step_trunc" "pt_sampler_trunc" "system.time" 
:296007:1111328:26426624:915:"match.fun" "vapply" "pmax" "logf" "pt_rw_step_trunc" "pt_sampler_trunc" "system.time" 
:303375:1111328:28647584:602:"pnorm" "Z_tail" "pt_rw_step_trunc" "pt_sampler_trunc" "system.time" 
:311882:1111328:31207400:693:"-" "logf" "pt_rw_step_trunc" "pt_sampler_trunc" "system.time" 
:317462:1111328:32886392:452:"pnorm" "Z_tail" "pt_rw_step_trunc" "pt_sampler_trunc" "system.time" 
:327210:1111328:35814744:790:"logf" "pt_rw_step_trunc" "pt_sampler_trunc" "system.time" 
:335749:1111328:38387384:697:"pmax" "logf" "pt_rw_step_trunc" "pt_sampler_trunc" "system.time" 
:341376:1111328:40082672:460:"logf" "pt_rw_step_trunc" "pt_sampler_trunc" "system.time" 
:280776:1111328:21832160:227:"r_trunc_norm" "pt_rw_step_trunc" "pt_sampler_trunc" "system.time" 
:290317:1111328:24707760:780:"pt_rw_step_trunc" "pt_sampler_trunc" "system.time" 
:296021:1111328:26424832:464:"pt_rw_step_trunc" "pt_sampler_trunc" "system.time" 
:301700:1111328:28136528:464:"logf" "pt_rw_step_trunc" "pt_sampler_trunc" "system.time" 
:312033:1111328:31250240:845:"vapply" "pmax" "logf" "pt_sampler_trunc" "system.time" 
:317798:1111328:32985176:470:"vapply" "pmax" "logf" "pt_sampler_trunc" "system.time" 
:333950:1111328:37854936:1321:"runif" "pt_rw_step_trunc" "pt_sampler_trunc" "system.time" 
:340995:1111328:39974424:571:"FUN" "vapply" "pmax" "logf" "pt_rw_step_trunc" "pt_sampler_trunc" "system.time" 
:287428:1111328:23835616:801:"pnorm" "Z_tail" "pt_rw_step_trunc" "pt_sampler_trunc" "system.time" 
:294231:1111328:25885440:556:"pmax" "logf" "pt_rw_step_trunc" "pt_sampler_trunc" "system.time" 
:302731:1111328:28444416:692:"logf" "pt_rw_step_trunc" "pt_sampler_trunc" "system.time" 
:278575:1111328:21167328:3205:"Z_tail" "pt_rw_step_trunc" "pt_sampler_trunc" "system.time" 
:289830:1111328:24557680:919:"pt_sampler_trunc" "system.time" 
:307670:1111328:29942976:1464:"rnorm" "r_trunc_norm" "pt_rw_step_trunc" "pt_sampler_trunc" "system.time" 
:326899:1111328:35737968:1572:"pt_sampler_trunc" "system.time" 
:339293:1111328:39474904:1014:"runif" "pt_rw_step_trunc" "pt_sampler_trunc" "system.time" 
:284759:1111328:23025072:712:"pnorm" "Z_tail" "pt_rw_step_trunc" "pt_sampler_trunc" "system.time" 
:300224:1111328:27675088:1256:"rnorm" "r_trunc_norm" "pt_rw_step_trunc" "pt_sampler_trunc" "system.time" 
:316943:1111328:32710160:1363:"FUN" "vapply" "pmax" "logf" "pt_sampler_trunc" "system.time" 
:309883:1111328:30588376:4591:"mostattributes<-" "pmax" "logf" "pt_rw_step_trunc" "pt_sampler_trunc" "system.time" 
:332813:1111328:37498832:1874:"all" "pmax" "logf" "pt_rw_step_trunc" "pt_sampler_trunc" "system.time" 
:338364:1111328:39170936:453:"vapply" "pmax" "logf" "pt_rw_step_trunc" "pt_sampler_trunc" "system.time" 
:301582:1111328:28088928:2171:"pt_sampler_trunc" "system.time" 
:325288:1111328:35228032:1930:"Z_tail" "pt_rw_step_trunc" "pt_sampler_trunc" "system.time" 
:335878:1111328:38420536:868:"logf" "pt_rw_step_trunc" "pt_sampler_trunc" "system.time" 
:280694:1111328:21789208:662:"Z_tail" "pt_rw_step_trunc" "pt_sampler_trunc" "system.time" 
:286803:1111328:23633736:503:"logf" "pt_rw_step_trunc" "pt_sampler_trunc" "system.time" 
:320866:1111328:33894504:2777:"all" "pmax" "logf" "pt_rw_step_trunc" "pt_sampler_trunc" "system.time" 
:327478:1111328:35885024:537:"pnorm" "Z_tail" "pt_rw_step_trunc" "pt_sampler_trunc" "system.time" 
:337641:1111328:38935736:820:"vapply" "pmax" "logf" "pt_rw_step_trunc" "pt_sampler_trunc" "system.time" 
:291478:1111328:25031552:1399:"mostattributes<-" "pmax" "logf" "pt_rw_step_trunc" "pt_sampler_trunc" "system.time" 
:297346:1111328:26796952:477:"vapply" "pmax" "logf" "pt_rw_step_trunc" "pt_sampler_trunc" "system.time" 
:329535:1111328:36486688:2622:"pmax" "logf" "pt_rw_step_trunc" "pt_sampler_trunc" "system.time" 
:288224:1111328:24044496:1788:"FUN" "vapply" "pmax" "logf" "pt_rw_step_trunc" "pt_sampler_trunc" "system.time" 
:303604:1111328:28678104:1254:"vapply" "pmax" "logf" "pt_rw_step_trunc" "pt_sampler_trunc" "system.time" 
:310597:1111328:30778328:566:"pmax" "logf" "pt_rw_step_trunc" "pt_sampler_trunc" "system.time" 
:318024:1111328:33018328:609:"list" "pt_rw_step_trunc" "pt_sampler_trunc" "system.time" 
:341487:1111328:40082672:1911:"vapply" "pmax" "logf" "pt_rw_step_trunc" "pt_sampler_trunc" "system.time" 
:282075:1111328:22190504:313:"pnorm" "Z_tail" "pt_rw_step_trunc" "pt_sampler_trunc" "system.time" 
:289562:1111328:24448144:615:"pmax" "logf" "pt_rw_step_trunc" "pt_sampler_trunc" "system.time" 
:300769:1111328:27821192:912:"logf" "pt_rw_step_trunc" "pt_sampler_trunc" "system.time" 
:314352:1111328:31913336:1109:"pt_sampler_trunc" "system.time" 
:284116:1111328:22808240:2692:"pmax" "logf" "pt_rw_step_trunc" "pt_sampler_trunc" "system.time" 
:291449:1111328:25014360:596:"pt_rw_step_trunc" "pt_sampler_trunc" "system.time" 
:298842:1111328:27239240:602:"mostattributes<-" "pmax" "logf" "pt_rw_step_trunc" "pt_sampler_trunc" "system.time" 
:309786:1111328:30542568:899:"FUN" "vapply" "pmax" "logf" "pt_rw_step_trunc" "pt_sampler_trunc" "system.time" 
:324414:1111328:34943552:1192:"pmax" "logf" "pt_sampler_trunc" "system.time" 
:329894:1111328:36594544:446:"vapply" "pmax" "logf" "pt_rw_step_trunc" "pt_sampler_trunc" "system.time" 
:278363:1111328:21065856:956:"vapply" "pmax" "logf" "pt_sampler_trunc" "system.time" 
:298478:1111328:27123320:1638:"FUN" "vapply" "pmax" "logf" "pt_sampler_trunc" "system.time" 
:306826:1111328:29643040:684:"FUN" "vapply" "pmax" "logf" "pt_rw_step_trunc" "pt_sampler_trunc" "system.time" 
:312755:1111328:31426808:485:"is.finite" "pt_sampler_trunc" "system.time" 
:319120:1111328:33342400:517:"FUN" "vapply" "pmax" "logf" "pt_rw_step_trunc" "pt_sampler_trunc" "system.time" 
:326226:1111328:35487032:585:"pt_sampler_trunc" "system.time" 
:334183:1111328:37882992:646:"pnorm" "Z_tail" "pt_rw_step_trunc" "pt_sampler_trunc" "system.time" 
:341368:1111328:40047672:589:"vapply" "pmax" "logf" "pt_sampler_trunc" "system.time" 
:282242:1111328:22233008:331:"logf" "pt_rw_step_trunc" "pt_sampler_trunc" "system.time" 
:305726:1111328:29298248:1906:"pmax" "logf" "pt_rw_step_trunc" "pt_sampler_trunc" "system.time" 
:310684:1111328:30782024:398:"rnorm" "r_trunc_norm" "pt_rw_step_trunc" "pt_sampler_trunc" "system.time" 
:319730:1111328:33507992:738:"rnorm" "r_trunc_norm" "pt_rw_step_trunc" "pt_sampler_trunc" "system.time" 
:327092:1111328:35725816:602:"pmax" "logf" "pt_sampler_trunc" "system.time" 
:338238:1111328:39079208:904:"pt_rw_step_trunc" "pt_sampler_trunc" "system.time" 
:279797:1111328:21495320:396:"pt_rw_step_trunc" "pt_sampler_trunc" "system.time" 
:315582:1111328:32272800:2918:"length" "logf" "pt_sampler_trunc" "system.time" 
:321250:1111328:33978896:463:"vapply" "pmax" "logf" "pt_sampler_trunc" "system.time" 
:328003:1111328:36008952:546:"logf" "pt_rw_step_trunc" "pt_sampler_trunc" "system.time" 
:340560:1111328:39786376:1018:"FUN" "vapply" "pmax" "logf" "pt_rw_step_trunc" "pt_sampler_trunc" "system.time" 
:287223:1111328:23723784:807:"pmax" "logf" "pt_rw_step_trunc" "pt_sampler_trunc" "system.time" 
:290780:1111328:24796296:290:"rnorm" "r_trunc_norm" "pt_rw_step_trunc" "pt_sampler_trunc" "system.time" 
:296693:1111328:26577936:483:"logf" "pt_rw_step_trunc" "pt_sampler_trunc" "system.time" 
:319916:1111328:33576424:1896:"vapply" "pmax" "logf" "pt_rw_step_trunc" "pt_sampler_trunc" "system.time" 
:331583:1111328:37094792:955:"Z_tail" "pt_rw_step_trunc" "pt_sampler_trunc" "system.time" 
:339094:1111328:39350024:608:"pt_sampler_trunc" "system.time" 
:278515:1111328:21101024:216:"pt_rw_step_trunc" "pt_sampler_trunc" "system.time" 
:299850:1111328:27534640:1744:"Z_tail" "pt_rw_step_trunc" "pt_sampler_trunc" "system.time" 
:307965:1111328:29977136:663:"match.fun" "vapply" "pmax" "logf" "pt_rw_step_trunc" "pt_sampler_trunc" "system.time" 
:314046:1111328:31809848:498:"logf" "pt_rw_step_trunc" "pt_sampler_trunc" "system.time" 
:319122:1111328:33339376:414:"vapply" "pmax" "logf" "pt_rw_step_trunc" "pt_sampler_trunc" "system.time" 
:328239:1111328:36088360:746:"match.fun" "vapply" "pmax" "logf" "pt_rw_step_trunc" "pt_sampler_trunc" "system.time" 
:333693:1111328:37732576:445:"pmax" "logf" "pt_rw_step_trunc" "pt_sampler_trunc" "system.time" 
:340164:1111328:39679248:527:"logf" "pt_rw_step_trunc" "pt_sampler_trunc" "system.time" 
:281658:1111328:22046528:383:"pmax" "logf" "pt_rw_step_trunc" "pt_sampler_trunc" "system.time" 
:288231:1111328:24031616:540:"logf" "pt_rw_step_trunc" "pt_sampler_trunc" "system.time" 
:295614:1111328:26254312:602:"pmax" "logf" "pt_rw_step_trunc" "pt_sampler_trunc" "system.time" 
:301607:1111328:28060872:491:"logf" "pt_rw_step_trunc" "pt_sampler_trunc" "system.time" 
:315446:1111328:32226096:1126:"logf" "pt_rw_step_trunc" "pt_sampler_trunc" "system.time" 
:323535:1111328:34667528:662:"vapply" "pmax" "logf" "pt_rw_step_trunc" "pt_sampler_trunc" "system.time" 
:328968:1111328:36303400:443:"pmax" "logf" "pt_rw_step_trunc" "pt_sampler_trunc" "system.time" 
:332271:1111328:37301768:271:"vapply" "pmax" "logf" "pt_rw_step_trunc" "pt_sampler_trunc" "system.time" 
:336713:1111328:38634792:360:"vapply" "pmax" "logf" "pt_rw_step_trunc" "pt_sampler_trunc" "system.time" 
:341517:1111328:40082672:391:"pnorm" "Z_tail" "pt_rw_step_trunc" "pt_sampler_trunc" "system.time" 
:295411:1111328:26256888:1433:"logf" "pt_rw_step_trunc" "pt_sampler_trunc" "system.time" 
:301088:1111328:27965896:460:"FUN" "vapply" "pmax" "logf" "pt_rw_step_trunc" "pt_sampler_trunc" "system.time" 
:304720:1111328:29062264:298:"pnorm" "Z_tail" "pt_rw_step_trunc" "pt_sampler_trunc" "system.time" 
:314429:1111328:31990000:794:"is.atomic" "FUN" "vapply" "pmax" "logf" "pt_rw_step_trunc" "pt_sampler_trunc" "system.time" 
:320249:1111328:33743976:476:"vapply" "pmax" "logf" "pt_rw_step_trunc" "pt_sampler_trunc" "system.time" 
:333908:1111328:37851968:1108:"FUN" "vapply" "pmax" "logf" "pt_rw_step_trunc" "pt_sampler_trunc" "system.time" 
:339555:1111328:39554984:462:"pmax" "logf" "pt_rw_step_trunc" "pt_sampler_trunc" "system.time" 
:341312:1111328:40082672:142:"Z_tail" "pt_rw_step_trunc" "pt_sampler_trunc" "system.time" 
:280408:1111328:21731864:203:"pmax" "logf" "pt_rw_step_trunc" "pt_sampler_trunc" "system.time" 
:284561:1111328:22986544:341:"all" "pmax" "logf" "pt_rw_step_trunc" "pt_sampler_trunc" "system.time" 
:291450:1111328:25059048:562:"FUN" "vapply" "pmax" "logf" "pt_sampler_trunc" "system.time" 
:297568:1111328:26900552:497:"rnorm" "r_trunc_norm" "pt_rw_step_trunc" "pt_sampler_trunc" "system.time" 
:306827:1111328:29690696:757:"vapply" "pmax" "logf" "pt_rw_step_trunc" "pt_sampler_trunc" "system.time" 
:313178:1111328:31609200:522:"pmax" "logf" "pt_rw_step_trunc" "pt_sampler_trunc" "system.time" 
:320498:1111328:33809720:594:"vapply" "pmax" "logf" "pt_rw_step_trunc" "pt_sampler_trunc" "system.time" 
:335358:1111328:38284680:1210:"Z_tail" "pt_rw_step_trunc" "pt_sampler_trunc" "system.time" 
:280032:1111328:21614432:657:"mostattributes<-" "pmax" "logf" "pt_rw_step_trunc" "pt_sampler_trunc" "system.time" 
:289539:1111328:24479336:776:"pt_rw_step_trunc" "pt_sampler_trunc" "system.time" 
:294689:1111328:26030816:420:"pnorm" "Z_tail" "pt_rw_step_trunc" "pt_sampler_trunc" "system.time" 
:304501:1111328:28991312:807:"pmax" "logf" "pt_rw_step_trunc" "pt_sampler_trunc" "system.time" 
:309986:1111328:30645328:447:"mostattributes<-" "pmax" "logf" "pt_rw_step_trunc" "pt_sampler_trunc" "system.time" 
:320679:1111328:33864488:872:"logf" "pt_rw_step_trunc" "pt_sampler_trunc" "system.time" 
:330969:1111328:36968232:843:"vapply" "pmax" "logf" "pt_rw_step_trunc" "pt_sampler_trunc" "system.time" 
:336404:1111328:38605840:445:"pmax" "logf" "pt_rw_step_trunc" "pt_sampler_trunc" "system.time" 
:341314:1111328:40082672:399:"pmax" "logf" "pt_rw_step_trunc" "pt_sampler_trunc" "system.time" 
:282767:1111328:22435056:392:"any" "logf" "pt_rw_step_trunc" "pt_sampler_trunc" "system.time" 
:291650:1111328:25111128:724:"pmax" "logf" "pt_rw_step_trunc" "pt_sampler_trunc" "system.time" 
:301694:1111328:28141400:824:"vapply" "pmax" "logf" "pt_rw_step_trunc" "pt_sampler_trunc" "system.time" 
:308475:1111328:30181816:551:"pmax" "logf" "pt_rw_step_trunc" "pt_sampler_trunc" "system.time" 
:315180:1111328:32205040:550:"pt_sampler_trunc" "system.time" 
:318976:1111328:33352312:313:"logf" "pt_rw_step_trunc" "pt_sampler_trunc" "system.time" 
:325497:1111328:35310240:527:"pt_sampler_trunc" "system.time" 
:335673:1111328:38381728:835:"pmax" "logf" "pt_rw_step_trunc" "pt_sampler_trunc" "system.time" 
:341315:1111328:40082672:461:"pt_rw_step_trunc" "pt_sampler_trunc" "system.time" 
:282706:1111328:22413048:386:"pmax" "logf" "pt_rw_step_trunc" "pt_sampler_trunc" "system.time" 
:290044:1111328:24629976:604:"rnorm" "r_trunc_norm" "pt_rw_step_trunc" "pt_sampler_trunc" "system.time" 
:298909:1111328:27303472:726:"pt_sampler_trunc" "system.time" 
:305414:1111328:29260336:526:"pnorm" "Z_tail" "pt_rw_step_trunc" "pt_sampler_trunc" "system.time" 
:312673:1111328:31447808:593:"FUN" "vapply" "pmax" "logf" "pt_rw_step_trunc" "pt_sampler_trunc" "system.time" 
:318147:1111328:33096448:448:"pmax" "logf" "pt_rw_step_trunc" "pt_sampler_trunc" "system.time" 
:331423:1111328:37091712:1079:"pt_rw_step_trunc" "pt_sampler_trunc" "system.time" 
:337452:1111328:38908072:492:"pt_sampler_trunc" "system.time" 
:341344:1111328:40082672:319:"vapply" "pmax" "logf" "pt_rw_step_trunc" "pt_sampler_trunc" "system.time" 
:285091:1111328:23126936:577:"logf" "pt_rw_step_trunc" "pt_sampler_trunc" "system.time" 
:290706:1111328:24818584:460:"pt_rw_step_trunc" "pt_sampler_trunc" "system.time" 
:295869:1111328:26378968:426:"length" "logf" "pt_sampler_trunc" "system.time" 
:304084:1111328:28856912:672:"list" "pt_rw_step_trunc" "pt_sampler_trunc" "system.time" 
:310583:1111328:30808400:524:"logf" "pt_rw_step_trunc" "pt_sampler_trunc" "system.time" 
:317192:1111328:32802672:542:"pmax" "logf" "pt_rw_step_trunc" "pt_sampler_trunc" "system.time" 
:325379:1111328:35261072:660:"Z_tail" "pt_rw_step_trunc" "pt_sampler_trunc" "system.time" 
:337342:1111328:38863496:977:"pmax" "logf" "pt_rw_step_trunc" "pt_sampler_trunc" "system.time" 
:278022:1111328:20996360:334:"pmax" "logf" "pt_rw_step_trunc" "pt_sampler_trunc" "system.time" 
:289299:1111328:24393264:920:"any" "logf" "pt_rw_step_trunc" "pt_sampler_trunc" "system.time" 
:296089:1111328:26434408:550:"vapply" "pmax" "logf" "pt_rw_step_trunc" "pt_sampler_trunc" "system.time" 
:304368:1111328:28930832:680:"logf" "pt_sampler_trunc" "system.time" 
:316801:1111328:32675664:1013:"logf" "pt_rw_step_trunc" "pt_sampler_trunc" "system.time" 
:329430:1111328:36485736:1034:"pnorm" "Z_tail" "pt_rw_step_trunc" "pt_sampler_trunc" "system.time" 
:335416:1111328:38286640:488:"runif" "pt_rw_step_trunc" "pt_sampler_trunc" "system.time" 
:341044:1111328:39979744:457:"logf" "pt_rw_step_trunc" "pt_sampler_trunc" "system.time" 
:284118:1111328:22825208:523:"logf" "pt_sampler_trunc" "system.time" 
:293726:1111328:25720576:784:"logf" "pt_rw_step_trunc" "pt_sampler_trunc" "system.time" 
:301126:1111328:27950888:606:"logf" "pt_sampler_trunc" "system.time" 
:309223:1111328:30392712:662:"logf" "pt_rw_step_trunc" "pt_sampler_trunc" "system.time" 
:318704:1111328:33247536:772:"any" "logf" "pt_rw_step_trunc" "pt_sampler_trunc" "system.time" 
:278840:1111328:21237720:1922:"logf" "pt_rw_step_trunc" "pt_sampler_trunc" "system.time" 
:288607:1111328:24181920:799:"pmax" "logf" "pt_rw_step_trunc" "pt_sampler_trunc" "system.time" 
:314742:1111328:32054568:2131:"pnorm" "Z_tail" "pt_rw_step_trunc" "pt_sampler_trunc" "system.time" 
:328570:1111328:36219344:1128:"Z_tail" "pt_rw_step_trunc" "pt_sampler_trunc" "system.time" 
:333887:1111328:37816240:431:"vapply" "pmax" "logf" "pt_rw_step_trunc" "pt_sampler_trunc" "system.time" 
:339261:1111328:39431952:436:"match.fun" "vapply" "pmax" "logf" "pt_rw_step_trunc" "pt_sampler_trunc" "system.time" 
:283520:1111328:22642368:622:"pmax" "logf" "pt_sampler_trunc" "system.time" 
:326188:1111328:35475608:3464:"vapply" "pmax" "logf" "pt_rw_step_trunc" "pt_sampler_trunc" "system.time" 
:336391:1111328:38544128:827:"length" "logf" "pt_rw_step_trunc" "pt_sampler_trunc" "system.time" 
:341508:1111328:40082672:415:"vapply" "pmax" "logf" "pt_rw_step_trunc" "pt_sampler_trunc" "system.time" 
:285813:1111328:23333688:635:"pt_sampler_trunc" "system.time" 
:291854:1111328:25153800:494:"pt_sampler_trunc" "system.time" 
:297925:1111328:26976712:489:"is.atomic" "FUN" "vapply" "pmax" "logf" "pt_sampler_trunc" "system.time" 
:302173:1111328:28257040:347:"pmax" "logf" "pt_rw_step_trunc" "pt_sampler_trunc" "system.time" 
:308448:1111328:30149000:514:"all" "pmax" "logf" "pt_rw_step_trunc" "pt_sampler_trunc" "system.time" 
:329615:1111328:36523704:1723:"vapply" "pmax" "logf" "pt_rw_step_trunc" "pt_sampler_trunc" "system.time" 
:341446:1111328:40082672:960:"vapply" "pmax" "logf" "pt_rw_step_trunc" "pt_sampler_trunc" "system.time" 
:283628:1111328:22665272:448:"vapply" "pmax" "logf" "pt_rw_step_trunc" "pt_sampler_trunc" "system.time" 
:290464:1111328:24722712:557:"list" "pt_rw_step_trunc" "pt_sampler_trunc" "system.time" 
:297778:1111328:26922392:593:"pmax" "logf" "pt_sampler_trunc" "system.time" 
:305357:1111328:29204616:616:"logf" "pt_rw_step_trunc" "pt_sampler_trunc" "system.time" 
:313798:1111328:31745280:687:"pt_sampler_trunc" "system.time" 
:318762:1111328:33241992:405:"any" "logf" "pt_rw_step_trunc" "pt_sampler_trunc" "system.time" 
:330106:1111328:36659000:925:"pt_rw_step_trunc" "pt_sampler_trunc" "system.time" 
:337407:1111328:38866016:602:"logf" "pt_rw_step_trunc" "pt_sampler_trunc" "system.time" 
:280568:1111328:21741944:525:"logf" "pt_rw_step_trunc" "pt_sampler_trunc" "system.time" 
:298941:1111328:27282584:1503:"runif" "pt_rw_step_trunc" "pt_sampler_trunc" "system.time" 
:316737:1111328:32651808:1457:"pnorm" "Z_tail" "pt_rw_step_trunc" "pt_sampler_trunc" "system.time" 
:279163:1111328:21317912:2096:"pmax" "logf" "pt_rw_step_trunc" "pt_sampler_trunc" "system.time" 
:298304:1111328:27070232:1553:"pt_sampler_trunc" "system.time" 
:308315:1111328:30090312:820:"logf" "pt_rw_step_trunc" "pt_sampler_trunc" "system.time" 
:328283:1111328:36098832:1628:"rnorm" "r_trunc_norm" "pt_rw_step_trunc" "pt_sampler_trunc" "system.time" 
:309163:1111328:30341080:3603:"FUN" "vapply" "pmax" "logf" "pt_rw_step_trunc" "pt_sampler_trunc" "system.time" 
:315614:1111328:32286744:531:"list" "pt_rw_step_trunc" "pt_sampler_trunc" "system.time" 
:321805:1111328:34156976:508:"pt_rw_step_trunc" "pt_sampler_trunc" "system.time" 
:341471:1111328:40082672:1607:"is.atomic" "FUN" "vapply" "pmax" "logf" "pt_rw_step_trunc" "pt_sampler_trunc" "system.time" 
:294670:1111328:25982992:1345:"Z_tail" "pt_rw_step_trunc" "pt_sampler_trunc" "system.time" 
:301263:1111328:27974072:542:"logf" "pt_rw_step_trunc" "pt_sampler_trunc" "system.time" 
:309097:1111328:30328816:635:"pt_rw_step_trunc" "pt_sampler_trunc" "system.time" 
:318076:1111328:33034120:733:"runif" "pt_rw_step_trunc" "pt_sampler_trunc" "system.time" 
:336122:1111328:38476368:1479:"logf" "pt_rw_step_trunc" "pt_sampler_trunc" "system.time" 
:286754:1111328:23593920:1132:"vapply" "pmax" "logf" "pt_rw_step_trunc" "pt_sampler_trunc" "system.time" 
:310111:1111328:30630936:1907:"pt_sampler_trunc" "system.time" 
:301466:1111328:28024360:4456:"pmax" "logf" "pt_rw_step_trunc" "pt_sampler_trunc" "system.time" 
:338558:1111328:39202744:3029:"logf" "pt_rw_step_trunc" "pt_sampler_trunc" "system.time" 
:294612:1111328:25954824:1576:"logf" "pt_rw_step_trunc" "pt_sampler_trunc" "system.time" 
:318725:1111328:33227992:1974:"vapply" "pmax" "logf" "pt_rw_step_trunc" "pt_sampler_trunc" "system.time" 
:333127:1111328:37566592:1175:"rnorm" "r_trunc_norm" "pt_rw_step_trunc" "pt_sampler_trunc" "system.time" 
:289612:1111328:24438960:1599:"is.atomic" "FUN" "vapply" "pmax" "logf" "pt_rw_step_trunc" "pt_sampler_trunc" "system.time" 
:314569:1111328:31955952:2034:"FUN" "vapply" "pmax" "logf" "pt_rw_step_trunc" "pt_sampler_trunc" "system.time" 
:322516:1111328:34352248:651:"pt_sampler_trunc" "system.time" 
:335190:1111328:38169208:1033:"vapply" "pmax" "logf" "pt_rw_step_trunc" "pt_sampler_trunc" "system.time" 
:300189:1111328:27600552:2279:"logf" "pt_rw_step_trunc" "pt_sampler_trunc" "system.time" 
:341610:1111328:40073600:3378:"is.finite" "pt_rw_step_trunc" "pt_sampler_trunc" "system.time" 
:279859:1111328:21566328:159:"match.fun" "vapply" "pmax" "logf" "pt_rw_step_trunc" "pt_sampler_trunc" "system.time" 
:293090:1111328:25546528:1074:"pmax" "logf" "pt_rw_step_trunc" "pt_sampler_trunc" "system.time" 
:307786:1111328:29982736:1204:"pmax" "logf" "pt_rw_step_trunc" "pt_sampler_trunc" "system.time" 
:312604:1111328:31435544:396:"vapply" "pmax" "logf" "pt_rw_step_trunc" "pt_sampler_trunc" "system.time" 
:317464:1111328:32896808:395:"r_trunc_norm" "pt_rw_step_trunc" "pt_sampler_trunc" "system.time" 
:322959:1111328:34554912:450:"r_trunc_norm" "pt_rw_step_trunc" "pt_sampler_trunc" "system.time" 
:327989:1111328:36068312:409:"vapply" "pmax" "logf" "pt_rw_step_trunc" "pt_sampler_trunc" "system.time" 
:332660:1111328:37484608:387:"pmax" "logf" "pt_rw_step_trunc" "pt_sampler_trunc" "system.time" 
:337408:1111328:38912832:384:"Z_tail" "pt_rw_step_trunc" "pt_sampler_trunc" "system.time" 
:341287:1111328:40082672:318:"pnorm" "Z_tail" "pt_rw_step_trunc" "pt_sampler_trunc" "system.time" 
:285930:1111328:23393440:654:"pmax" "logf" "pt_rw_step_trunc" "pt_sampler_trunc" "system.time" 
:292045:1111328:25236176:501:"FUN" "vapply" "pmax" "logf" "pt_rw_step_trunc" "pt_sampler_trunc" "system.time" 
:297108:1111328:26759600:413:"pt_sampler_trunc" "system.time" 
:300838:1111328:27887216:307:"pmax" "logf" "pt_rw_step_trunc" "pt_sampler_trunc" "system.time" 
:305311:1111328:29230544:362:"FUN" "vapply" "pmax" "logf" "pt_rw_step_trunc" "pt_sampler_trunc" "system.time" 
:311830:1111328:31198720:534:"FUN" "vapply" "pmax" "logf" "pt_rw_step_trunc" "pt_sampler_trunc" "system.time" 
:316082:1111328:32475688:345:"%%" "pt_sampler_trunc" "system.time" 
:319248:1111328:33428360:258:"pt_sampler_trunc" "system.time" 
:322211:1111328:34320720:241:"logf" "pt_rw_step_trunc" "pt_sampler_trunc" "system.time" 
:325892:1111328:35428288:299:"pt_rw_step_trunc" "pt_sampler_trunc" "system.time" 
:328857:1111328:36321432:241:"vapply" "pmax" "logf" "pt_rw_step_trunc" "pt_sampler_trunc" "system.time" 
:333698:1111328:37777040:393:"attributes" "pmax" "logf" "pt_rw_step_trunc" "pt_sampler_trunc" "system.time" 
:341353:1111328:40082672:625:"FUN" "vapply" "pmax" "logf" "pt_sampler_trunc" "system.time" 
:282254:1111328:22287216:353:"pnorm" "Z_tail" "pt_rw_step_trunc" "pt_sampler_trunc" "system.time" 
:286895:1111328:23683856:378:"pmax" "logf" "pt_rw_step_trunc" "pt_sampler_trunc" "system.time" 
:293799:1111328:25767504:567:"vapply" "pmax" "logf" "pt_rw_step_trunc" "pt_sampler_trunc" "system.time" 
:299538:1111328:27497736:468:"vapply" "pmax" "logf" "pt_rw_step_trunc" "pt_sampler_trunc" "system.time" 
:305881:1111328:29410248:520:"pnorm" "Z_tail" "pt_rw_step_trunc" "pt_sampler_trunc" "system.time" 
:314056:1111328:31866856:662:"vapply" "pmax" "logf" "pt_rw_step_trunc" "pt_sampler_trunc" "system.time" 
:321224:1111328:34021176:581:"pt_sampler_trunc" "system.time" 
:327886:1111328:36031464:546:"rnorm" "r_trunc_norm" "pt_rw_step_trunc" "pt_sampler_trunc" "system.time" 
:332258:1111328:37350880:359:"FUN" "vapply" "pmax" "logf" "pt_sampler_trunc" "system.time" 
:336857:1111328:38737104:375:"pmax" "logf" "pt_rw_step_trunc" "pt_sampler_trunc" "system.time" 
:339993:1111328:39681880:257:"pmax" "logf" "pt_rw_step_trunc" "pt_sampler_trunc" "system.time" 
:341331:1111328:40082672:106:"Z_tail" "pt_rw_step_trunc" "pt_sampler_trunc" "system.time" 
:281614:1111328:22089424:301:"pt_sampler_trunc" "system.time" 
:288131:1111328:24052280:531:"pmax" "logf" "pt_rw_step_trunc" "pt_sampler_trunc" "system.time" 
:293254:1111328:25595472:417:"rnorm" "r_trunc_norm" "pt_rw_step_trunc" "pt_sampler_trunc" "system.time" 
:301133:1111328:27962760:637:"vapply" "pmax" "logf" "pt_rw_step_trunc" "pt_sampler_trunc" "system.time" 
:304792:1111328:29066408:300:"vapply" "pmax" "logf" "pt_rw_step_trunc" "pt_sampler_trunc" "system.time" 
:310708:1111328:30848888:483:"pmax" "logf" "pt_rw_step_trunc" "pt_sampler_trunc" "system.time" 
:314422:1111328:31967376:304:"logf" "pt_rw_step_trunc" "pt_sampler_trunc" "system.time" 
:318105:1111328:33070968:296:"logf" "pt_rw_step_trunc" "pt_sampler_trunc" "system.time" 
:321604:1111328:34125000:287:"pmax" "logf" "pt_rw_step_trunc" "pt_sampler_trunc" "system.time" 
:322832:1111328:34499136:102:"FUN" "vapply" "pmax" "logf" "pt_rw_step_trunc" "pt_sampler_trunc" "system.time" 
:324876:1111328:35111496:165:"logf" "pt_rw_step_trunc" "pt_sampler_trunc" "system.time" 
:326697:1111328:35657048:146:"logf" "pt_rw_step_trunc" "pt_sampler_trunc" "system.time" 
:329511:1111328:36504496:230:"pmax" "logf" "pt_rw_step_trunc" "pt_sampler_trunc" "system.time" 
:333393:1111328:37676520:318:"pmax" "logf" "pt_rw_step_trunc" "pt_sampler_trunc" "system.time" 
:337220:1111328:38831184:313:"pnorm" "Z_tail" "pt_rw_step_trunc" "pt_sampler_trunc" "system.time" 
:341366:1111328:40072144:332:"vapply" "pmax" "logf" "pt_rw_step_trunc" "pt_sampler_trunc" "system.time" 
:279228:1111328:21366464:107:"list" "pt_rw_step_trunc" "pt_sampler_trunc" "system.time" 
:284821:1111328:23048928:452:"pmax" "logf" "pt_rw_step_trunc" "pt_sampler_trunc" "system.time" 
:286999:1111328:23699536:173:"FUN" "vapply" "pmax" "logf" "pt_rw_step_trunc" "pt_sampler_trunc" "system.time" 
:289678:1111328:24502408:216:"logf" "pt_rw_step_trunc" "pt_sampler_trunc" "system.time" 
:292438:1111328:25336192:225:"Z_tail" "pt_rw_step_trunc" "pt_sampler_trunc" "system.time" 
:294935:1111328:26084352:202:"pmax" "logf" "pt_rw_step_trunc" "pt_sampler_trunc" "system.time" 
:300434:1111328:27740272:451:"pmax" "logf" "pt_sampler_trunc" "system.time" 
:307819:1111328:29968176:603:"pt_rw_step_trunc" "pt_sampler_trunc" "system.time" 
:313331:1111328:31624544:447:"logf" "pt_rw_step_trunc" "pt_sampler_trunc" "system.time" 
:317492:1111328:32883200:342:"pmax" "logf" "pt_rw_step_trunc" "pt_sampler_trunc" "system.time" 
:320751:1111328:33859896:261:"rnorm" "r_trunc_norm" "pt_rw_step_trunc" "pt_sampler_trunc" "system.time" 
:327858:1111328:36000272:579:"pmax" "logf" "pt_rw_step_trunc" "pt_sampler_trunc" "system.time" 
:330925:1111328:36922368:249:"rnorm" "r_trunc_norm" "pt_rw_step_trunc" "pt_sampler_trunc" "system.time" 
:334306:1111328:37939160:273:"vapply" "pmax" "logf" "pt_rw_step_trunc" "pt_sampler_trunc" "system.time" 
:338753:1111328:39271624:358:"vapply" "pmax" "logf" "pt_rw_step_trunc" "pt_sampler_trunc" "system.time" 
:341431:1111328:40082672:221:"pt_rw_step_trunc" "pt_sampler_trunc" "system.time" 
:282201:1111328:22259552:345:"pmax" "logf" "pt_rw_step_trunc" "pt_sampler_trunc" "system.time" 
:287829:1111328:23954952:458:"Z_tail" "pt_rw_step_trunc" "pt_sampler_trunc" "system.time" 
:292909:1111328:25484368:414:"pnorm" "Z_tail" "pt_rw_step_trunc" "pt_sampler_trunc" "system.time" 
:300124:1111328:27661144:593:"mostattributes<-" "pmax" "logf" "pt_sampler_trunc" "system.time" 
:308309:1111328:30123184:664:"pmax" "logf" "pt_rw_step_trunc" "pt_sampler_trunc" "system.time" 
:314103:1111328:31868480:473:"vapply" "pmax" "logf" "pt_rw_step_trunc" "pt_sampler_trunc" "system.time" 
:321488:1111328:34095376:603:"pt_rw_step_trunc" "pt_sampler_trunc" "system.time" 
:325918:1111328:35432376:366:"pmax" "logf" "pt_sampler_trunc" "system.time" 
:331341:1111328:37069872:444:"pmax" "logf" "pt_rw_step_trunc" "pt_sampler_trunc" "system.time" 
:333373:1111328:37681168:165:"match.fun" "vapply" "pmax" "logf" "pt_rw_step_trunc" "pt_sampler_trunc" "system.time" 
:335732:1111328:38391416:192:"vapply" "pmax" "logf" "pt_rw_step_trunc" "pt_sampler_trunc" "system.time" 
:339946:1111328:39665808:348:"pmax" "logf" "pt_rw_step_trunc" "pt_sampler_trunc" "system.time" 
:341341:1111328:40082672:110:"vapply" "pmax" "logf" "pt_rw_step_trunc" "pt_sampler_trunc" "system.time" 
:280826:1111328:21841848:231:"rnorm" "r_trunc_norm" "pt_rw_step_trunc" "pt_sampler_trunc" "system.time" 
:284793:1111328:23039072:326:"logf" "pt_rw_step_trunc" "pt_sampler_trunc" "system.time" 
:288264:1111328:24085320:286:"logf" "pt_sampler_trunc" "system.time" 
:293763:1111328:25741072:447:"vapply" "pmax" "logf" "pt_rw_step_trunc" "pt_sampler_trunc" "system.time" 
:296049:1111328:26427800:186:"logf" "pt_rw_step_trunc" "pt_sampler_trunc" "system.time" 
:300373:1111328:27728344:350:"pnorm" "Z_tail" "pt_rw_step_trunc" "pt_sampler_trunc" "system.time" 
:306050:1111328:29436120:463:"pt_sampler_trunc" "system.time" 
:311915:1111328:31203536:478:"Z_tail" "pt_rw_step_trunc" "pt_sampler_trunc" "system.time" 
:315176:1111328:32187120:268:"mostattributes<-" "pmax" "logf" "pt_rw_step_trunc" "pt_sampler_trunc" "system.time" 
:318577:1111328:33212536:280:"pt_rw_step_trunc" "pt_sampler_trunc" "system.time" 
:323692:1111328:34751248:415:"vapply" "pmax" "logf" "pt_rw_step_trunc" "pt_sampler_trunc" "system.time" 
:325911:1111328:35416808:180:"pmax" "logf" "pt_rw_step_trunc" "pt_sampler_trunc" "system.time" 
:329384:1111328:36466080:285:"pt_rw_step_trunc" "pt_sampler_trunc" "system.time" 
:330862:1111328:36915480:124:"logf" "pt_rw_step_trunc" "pt_sampler_trunc" "system.time" 
:334527:1111328:38016048:295:"vapply" "pmax" "logf" "pt_rw_step_trunc" "pt_sampler_trunc" "system.time" 
:338401:1111328:39187120:321:"pt_rw_step_trunc" "pt_sampler_trunc" "system.time" 
:341374:1111328:40082672:242:"logf" "pt_rw_step_trunc" "pt_sampler_trunc" "system.time" 
:341374:1111328:40082672:0:"logf" "pt_rw_step_trunc" "pt_sampler_trunc" "system.time" 
:279717:1111328:21500472:136:"runif" "pt_sampler_trunc" "system.time" 
:282282:1111328:22276856:214:"pt_sampler_trunc" "system.time" 
:283791:1111328:22728720:119:"FUN" "vapply" "pmax" "logf" "pt_rw_step_trunc" "pt_sampler_trunc" "system.time" 
:287169:1111328:23749432:278:"Z_tail" "pt_rw_step_trunc" "pt_sampler_trunc" "system.time" 
:292597:1111328:25384184:443:"pnorm" "Z_tail" "pt_rw_step_trunc" "pt_sampler_trunc" "system.time" 
:299853:1111328:27562136:587:"length" "pmax" "logf" "pt_rw_step_trunc" "pt_sampler_trunc" "system.time" 
:301802:1111328:28157136:165:"pt_sampler_trunc" "system.time" 
:303238:1111328:28585480:114:"pt_sampler_trunc" "system.time" 
:305398:1111328:29238888:178:"runif" "pt_sampler_trunc" "system.time" 
:306897:1111328:29691816:123:"vapply" "pmax" "logf" "pt_rw_step_trunc" "pt_sampler_trunc" "system.time" 
:309824:1111328:30574152:239:"logf" "pt_rw_step_trunc" "pt_sampler_trunc" "system.time" 
:311997:1111328:31227392:177:"any" "logf" "pt_rw_step_trunc" "pt_sampler_trunc" "system.time" 
:313685:1111328:31741248:142:"pmax" "logf" "pt_rw_step_trunc" "pt_sampler_trunc" "system.time" 
:316069:1111328:32459840:194:"vapply" "pmax" "logf" "pt_rw_step_trunc" "pt_sampler_trunc" "system.time" 
:320163:1111328:33690104:333:"pt_rw_step_trunc" "pt_sampler_trunc" "system.time" 
:321680:1111328:34150088:126:"r_trunc_norm" "pt_rw_step_trunc" "pt_sampler_trunc" "system.time" 
:324223:1111328:34913704:206:"mostattributes<-" "pmax" "logf" "pt_rw_step_trunc" "pt_sampler_trunc" "system.time" 
:327313:1111328:35845096:252:"logf" "pt_rw_step_trunc" "pt_sampler_trunc" "system.time" 
:329490:1111328:36499624:177:"pt_rw_step_trunc" "pt_sampler_trunc" "system.time" 
:332919:1111328:37534280:280:"pmax" "logf" "pt_rw_step_trunc" "pt_sampler_trunc" "system.time" 
:335102:1111328:38191720:178:"vapply" "pmax" "logf" "pt_rw_step_trunc" "pt_sampler_trunc" "system.time" 
:338207:1111328:39129496:255:"Z_tail" "pt_rw_step_trunc" "pt_sampler_trunc" "system.time" 
:340763:1111328:39898768:208:"logf" "pt_rw_step_trunc" "pt_sampler_trunc" "system.time" 
:341366:1111328:40082672:51:"Z_tail" "pt_rw_step_trunc" "pt_sampler_trunc" "system.time" 
:281415:1111328:22010912:274:"vapply" "pmax" "logf" "pt_rw_step_trunc" "pt_sampler_trunc" "system.time" 
:284094:1111328:22817032:217:"Z_tail" "pt_rw_step_trunc" "pt_sampler_trunc" "system.time" 
:287495:1111328:23843400:280:"all" "pmax" "logf" "pt_rw_step_trunc" "pt_sampler_trunc" "system.time" 
:290609:1111328:24777648:253:"pmax" "logf" "pt_sampler_trunc" "system.time" 
:296091:1111328:26428864:447:"pt_rw_step_trunc" "pt_sampler_trunc" "system.time" 
:298165:1111328:27051584:168:"rnorm" "r_trunc_norm" "pt_rw_step_trunc" "pt_sampler_trunc" "system.time" 
:301175:1111328:27957776:246:"runif" "pt_rw_step_trunc" "pt_sampler_trunc" "system.time" 
:304391:1111328:28927976:263:"pt_rw_step_trunc" "pt_sampler_trunc" "system.time" 
:309992:1111328:30612288:454:"is.atomic" "FUN" "vapply" "pmax" "logf" "pt_rw_step_trunc" "pt_sampler_trunc" "system.time" 
:315013:1111328:32120704:408:"vapply" "pmax" "logf" "pt_rw_step_trunc" "pt_sampler_trunc" "system.time" 
:318771:1111328:33256216:309:"pt_sampler_trunc" "system.time" 
:324805:1111328:35074816:491:"pnorm" "Z_tail" "pt_rw_step_trunc" "pt_sampler_trunc" "system.time" 
:328540:1111328:36195712:301:"rnorm" "r_trunc_norm" "pt_rw_step_trunc" "pt_sampler_trunc" "system.time" 
:331897:1111328:37207632:274:"pnorm" "Z_tail" "pt_rw_step_trunc" "pt_sampler_trunc" "system.time" 
:335071:1111328:38162992:260:"rnorm" "r_trunc_norm" "pt_rw_step_trunc" "pt_sampler_trunc" "system.time" 
:337503:1111328:38893512:196:"pt_rw_step_trunc" "pt_sampler_trunc" "system.time" 
:341094:1111328:39976776:294:"all" "pmax" "logf" "pt_rw_step_trunc" "pt_sampler_trunc" "system.time" 
:341447:1111328:40082672:29:"pmax" "logf" "pt_rw_step_trunc" "pt_sampler_trunc" "system.time" 
:284343:1111328:22887760:510:"logf" "pt_rw_step_trunc" "pt_sampler_trunc" "system.time" 
:290173:1111328:24640728:473:"mostattributes<-" "pmax" "logf" "pt_rw_step_trunc" "pt_sampler_trunc" "system.time" 
:295489:1111328:26235720:427:"pmax" "logf" "pt_rw_step_trunc" "pt_sampler_trunc" "system.time" 
:298195:1111328:27047608:217:"pmax" "logf" "pt_rw_step_trunc" "pt_sampler_trunc" "system.time" 
:302092:1111328:28219408:318:"logf" "pt_sampler_trunc" "system.time" 
:307860:1111328:29955296:471:"logf" "pt_sampler_trunc" "system.time" 
:313041:1111328:31515960:421:"pmax" "logf" "pt_rw_step_trunc" "pt_sampler_trunc" "system.time" 
:318516:1111328:33164992:445:"pmax" "logf" "pt_rw_step_trunc" "pt_sampler_trunc" "system.time" 
:322397:1111328:34333376:317:"logf" "pt_sampler_trunc" "system.time" 
:326790:1111328:35659680:361:"pmax" "logf" "pt_rw_step_trunc" "pt_sampler_trunc" "system.time" 
:340327:1111328:39737992:1104:"pmax" "logf" "pt_rw_step_trunc" "pt_sampler_trunc" "system.time" 
:341462:1111328:40082672:96:"pmax" "logf" "pt_rw_step_trunc" "pt_sampler_trunc" "system.time" 
:280029:1111328:21585872:156:"vapply" "pmax" "logf" "pt_rw_step_trunc" "pt_sampler_trunc" "system.time" 
:282402:1111328:22302224:195:"runif" "pt_rw_step_trunc" "pt_sampler_trunc" "system.time" 
:285989:1111328:23382296:291:"all" "pmax" "logf" "pt_rw_step_trunc" "pt_sampler_trunc" "system.time" 
:288634:1111328:24180912:217:"pnorm" "Z_tail" "pt_rw_step_trunc" "pt_sampler_trunc" "system.time" 
:292148:1111328:25240208:290:"pt_rw_step_trunc" "pt_sampler_trunc" "system.time" 
:297217:1111328:26767944:414:"pt_sampler_trunc" "system.time" 
:302341:1111328:28308784:415:"vapply" "pmax" "logf" "pt_rw_step_trunc" "pt_sampler_trunc" "system.time" 
:306756:1111328:29644104:366:"logf" "pt_rw_step_trunc" "pt_sampler_trunc" "system.time" 
:310505:1111328:30773624:305:"logf" "pt_sampler_trunc" "system.time" 
:314830:1111328:32078312:354:"rnorm" "r_trunc_norm" "pt_rw_step_trunc" "pt_sampler_trunc" "system.time" 
:318926:1111328:33312888:337:"pmax" "logf" "pt_sampler_trunc" "system.time" 
:322599:1111328:34419112:297:"Z_tail" "pt_rw_step_trunc" "pt_sampler_trunc" "system.time" 
:327732:1111328:35964768:419:"pmax" "logf" "pt_sampler_trunc" "system.time" 
:331219:1111328:37016672:286:"logf" "pt_rw_step_trunc" "pt_sampler_trunc" "system.time" 
:334327:1111328:37953440:254:"logf" "pt_rw_step_trunc" "pt_sampler_trunc" "system.time" 
:337057:1111328:38774904:222:"any" "logf" "pt_rw_step_trunc" "pt_sampler_trunc" "system.time" 
:339911:1111328:39633104:232:"vapply" "pmax" "logf" "pt_rw_step_trunc" "pt_sampler_trunc" "system.time" 
:341394:1111328:40082672:123:"pmax" "logf" "pt_rw_step_trunc" "pt_sampler_trunc" "system.time" 
:279943:1111328:21551768:146:"list" "pt_rw_step_trunc" "pt_sampler_trunc" "system.time" 
:281887:1111328:22136800:157:"match.fun" "vapply" "pmax" "logf" "pt_rw_step_trunc" "pt_sampler_trunc" "system.time" 
:286888:1111328:23645328:409:"logf" "pt_rw_step_trunc" "pt_sampler_trunc" "system.time" 
:289852:1111328:24538528:242:"pt_rw_step_trunc" "pt_sampler_trunc" "system.time" 
:292222:1111328:25251072:192:"pt_rw_step_trunc" "pt_sampler_trunc" "system.time" 
:294296:1111328:25873512:168:"pt_rw_step_trunc" "pt_sampler_trunc" "system.time" 
:295860:1111328:26346656:131:"any" "logf" "pt_sampler_trunc" "system.time" 
:298544:1111328:27157424:220:"logf" "pt_rw_step_trunc" "pt_sampler_trunc" "system.time" 
:300958:1111328:27884976:197:"pt_sampler_trunc" "system.time" 
:304936:1111328:29078896:321:"pmax" "logf" "pt_rw_step_trunc" "pt_sampler_trunc" "system.time" 
:308335:1111328:30105488:279:"pt_sampler_trunc" "system.time" 
:311490:1111328:31053736:255:"vapply" "pmax" "logf" "pt_rw_step_trunc" "pt_sampler_trunc" "system.time" 
:315603:1111328:32296320:338:"pt_rw_step_trunc" "pt_sampler_trunc" "system.time" 
:317848:1111328:32970840:182:"vapply" "pmax" "logf" "pt_rw_step_trunc" "pt_sampler_trunc" "system.time" 
:321050:1111328:33936896:263:"pt_sampler_trunc" "system.time" 
:326257:1111328:35507472:425:"pnorm" "Z_tail" "pt_rw_step_trunc" "pt_sampler_trunc" "system.time" 
:331674:1111328:37136848:441:"logf" "pt_rw_step_trunc" "pt_sampler_trunc" "system.time" 
:336957:1111328:38728368:431:"logf" "pt_rw_step_trunc" "pt_sampler_trunc" "system.time" 
:340635:1111328:39837336:300:"vapply" "pmax" "logf" "pt_rw_step_trunc" "pt_sampler_trunc" "system.time" 
:341441:1111328:40082672:68:"logf" "pt_rw_step_trunc" "pt_sampler_trunc" "system.time" 
:279915:1111328:21540400:142:"pmax" "logf" "pt_rw_step_trunc" "pt_sampler_trunc" "system.time" 
:284433:1111328:22898232:366:"pmax" "logf" "pt_rw_step_trunc" "pt_sampler_trunc" "system.time" 
:288625:1111328:24168536:347:"pt_rw_step_trunc" "pt_sampler_trunc" "system.time" 
:293022:1111328:25487672:354:"rnorm" "r_trunc_norm" "pt_rw_step_trunc" "pt_sampler_trunc" "system.time" 
:296215:1111328:26452720:262:"pmax" "logf" "pt_rw_step_trunc" "pt_sampler_trunc" "system.time" 
:301474:1111328:28036120:429:"FUN" "vapply" "pmax" "logf" "pt_sampler_trunc" "system.time" 
:305063:1111328:29116024:291:"logf" "pt_rw_step_trunc" "pt_sampler_trunc" "system.time" 
:309404:1111328:30424968:357:"pmax" "logf" "pt_rw_step_trunc" "pt_sampler_trunc" "system.time" 
:313016:1111328:31510192:292:"pmax" "logf" "pt_sampler_trunc" "system.time" 
:315700:1111328:32320288:221:"runif" "pt_sampler_trunc" "system.time" 
:319094:1111328:33336576:272:"list" "pt_rw_step_trunc" "pt_sampler_trunc" "system.time" 
:322613:1111328:34399456:287:"Z_tail" "pt_rw_step_trunc" "pt_sampler_trunc" "system.time" 
:325710:1111328:35330848:253:"Z_tail" "pt_rw_step_trunc" "pt_sampler_trunc" "system.time" 
:330353:1111328:36727544:377:"pmax" "logf" "pt_sampler_trunc" "system.time" 
:334859:1111328:38088568:370:"vapply" "pmax" "logf" "pt_rw_step_trunc" "pt_sampler_trunc" "system.time" 
:338385:1111328:39152904:291:"pt_sampler_trunc" "system.time" 
:341479:1111328:40082672:252:"logf" "pt_sampler_trunc" "system.time" 
:279578:1111328:21434616:111:"FUN" "vapply" "pmax" "logf" "pt_rw_step_trunc" "pt_sampler_trunc" "system.time" 
:284016:1111328:22770776:364:"any" "logf" "pt_sampler_trunc" "system.time" 
:288671:1111328:24170048:375:"pt_rw_step_trunc" "pt_sampler_trunc" "system.time" 
:293748:1111328:25697448:412:"logf" "pt_rw_step_trunc" "pt_sampler_trunc" "system.time" 
:298048:1111328:26994464:353:"logf" "pt_rw_step_trunc" "pt_sampler_trunc" "system.time" 
:302146:1111328:28224840:330:"vapply" "pmax" "logf" "pt_rw_step_trunc" "pt_sampler_trunc" "system.time" 
:307617:1111328:29872416:446:"pmax" "logf" "pt_rw_step_trunc" "pt_sampler_trunc" "system.time" 
:313873:1111328:31752112:506:"Z_tail" "pt_rw_step_trunc" "pt_sampler_trunc" "system.time" 
:319097:1111328:33321176:421:"logf" "pt_rw_step_trunc" "pt_sampler_trunc" "system.time" 
:323514:1111328:34648432:358:"pmax" "logf" "pt_rw_step_trunc" "pt_sampler_trunc" "system.time" 
:327468:1111328:35833840:319:"pmax" "logf" "pt_sampler_trunc" "system.time" 
:331505:1111328:37045904:325:"rnorm" "r_trunc_norm" "pt_rw_step_trunc" "pt_sampler_trunc" "system.time" 
:336429:1111328:38520608:393:"vapply" "pmax" "logf" "pt_rw_step_trunc" "pt_sampler_trunc" "system.time" 
:341532:1111328:40065480:423:"is.finite" "pt_rw_step_trunc" "pt_sampler_trunc" "system.time" 
:278920:1111328:21232624:58:"pnorm" "Z_tail" "pt_rw_step_trunc" "pt_sampler_trunc" "system.time" 
:283572:1111328:22634192:381:"logf" "pt_rw_step_trunc" "pt_sampler_trunc" "system.time" 
:290772:1111328:24796856:582:"vapply" "pmax" "logf" "pt_rw_step_trunc" "pt_sampler_trunc" "system.time" 
:296984:1111328:26669384:507:"mostattributes<-" "pmax" "logf" "pt_rw_step_trunc" "pt_sampler_trunc" "system.time" 
:303687:1111328:28686672:545:"vapply" "pmax" "logf" "pt_rw_step_trunc" "pt_sampler_trunc" "system.time" 
:307719:1111328:29893752:323:"pt_rw_step_trunc" "pt_sampler_trunc" "system.time" 
:310415:1111328:30705696:220:"logf" "pt_rw_step_trunc" "pt_sampler_trunc" "system.time" 
:314534:1111328:31949904:339:"pmax" "logf" "pt_rw_step_trunc" "pt_sampler_trunc" "system.time" 
:318230:1111328:33063912:303:"r_trunc_norm" "pt_rw_step_trunc" "pt_sampler_trunc" "system.time" 
:322923:1111328:34472256:379:"FUN" "vapply" "pmax" "logf" "pt_rw_step_trunc" "pt_sampler_trunc" "system.time" 
:327828:1111328:35952392:401:"logf" "pt_rw_step_trunc" "pt_sampler_trunc" "system.time" 
:332479:1111328:37358720:384:"logf" "pt_rw_step_trunc" "pt_sampler_trunc" "system.time" 
:335768:1111328:38351040:270:"pt_sampler_trunc" "system.time" 
:286502:1111328:23520504:1148:"all" "pmax" "logf" "pt_rw_step_trunc" "pt_sampler_trunc" "system.time" 
:292513:1111328:25329472:491:"pmax" "logf" "pt_sampler_trunc" "system.time" 
:310381:1111328:30710568:1452:"match.fun" "vapply" "pmax" "logf" "pt_rw_step_trunc" "pt_sampler_trunc" "system.time" 
:328727:1111328:36241184:1501:"pmax" "logf" "pt_rw_step_trunc" "pt_sampler_trunc" "system.time" 
:331780:1111328:37160872:250:"r_trunc_norm" "pt_rw_step_trunc" "pt_sampler_trunc" "system.time" 
:335009:1111328:38135104:264:"pt_rw_step_trunc" "pt_sampler_trunc" "system.time" 
:337571:1111328:38907680:209:"Z_tail" "pt_rw_step_trunc" "pt_sampler_trunc" "system.time" 
:341480:1111328:40082672:318:"logf" "pt_sampler_trunc" "system.time" 
:295115:1111328:26115992:1383:"pmax" "logf" "pt_rw_step_trunc" "pt_sampler_trunc" "system.time" 
:315502:1111328:32251296:1661:"vapply" "pmax" "logf" "pt_sampler_trunc" "system.time" 
:320823:1111328:33858104:437:"logf" "pt_rw_step_trunc" "pt_sampler_trunc" "system.time" 
:328466:1111328:36154720:619:"FUN" "vapply" "pmax" "logf" "pt_rw_step_trunc" "pt_sampler_trunc" "system.time" 
:278319:1111328:21042056:1068:"length" "pmax" "logf" "pt_rw_step_trunc" "pt_sampler_trunc" "system.time" 
:287941:1111328:23943024:786:"vapply" "pmax" "logf" "pt_rw_step_trunc" "pt_sampler_trunc" "system.time" 
:294469:1111328:25909688:533:"pt_sampler_trunc" "system.time" 
:302517:1111328:28326928:649:"FUN" "vapply" "pmax" "logf" "pt_rw_step_trunc" "pt_sampler_trunc" "system.time" 
:308921:1111328:30258368:523:"logf" "pt_rw_step_trunc" "pt_sampler_trunc" "system.time" 
:318486:1111328:33134528:778:"pt_rw_step_trunc" "pt_sampler_trunc" "system.time" 
:331901:1111328:37184896:1104:"runif" "pt_rw_step_trunc" "pt_sampler_trunc" "system.time" 
:337739:1111328:38943520:477:"match.fun" "vapply" "pmax" "logf" "pt_rw_step_trunc" "pt_sampler_trunc" "system.time" 
:279682:1111328:21453040:422:"Z_tail" "pt_rw_step_trunc" "pt_sampler_trunc" "system.time" 
:308581:1111328:30153480:2353:"Z_tail" "pt_rw_step_trunc" "pt_sampler_trunc" "system.time" 
:280708:1111328:21756224:2875:"vapply" "pmax" "logf" "pt_sampler_trunc" "system.time" 
:301296:1111328:27957160:1680:"vapply" "pmax" "logf" "pt_rw_step_trunc" "pt_sampler_trunc" "system.time" 
:307468:1111328:29819048:506:"any" "logf" "pt_rw_step_trunc" "pt_sampler_trunc" "system.time" 
:319470:1111328:33438160:981:"pt_rw_step_trunc" "pt_sampler_trunc" "system.time" 
:333113:1111328:37544304:1110:"pt_sampler_trunc" "system.time" 
:297638:1111328:26855472:2264:"pt_rw_step_trunc" "pt_sampler_trunc" "system.time" 
:303644:1111328:28659288:487:"vapply" "pmax" "logf" "pt_sampler_trunc" "system.time" 
:309548:1111328:30435496:479:"pt_rw_step_trunc" "pt_sampler_trunc" "system.time" 
:315989:1111328:32378920:529:"pmax" "logf" "pt_rw_step_trunc" "pt_sampler_trunc" "system.time" 
:320375:1111328:33706344:363:"r_trunc_norm" "pt_rw_step_trunc" "pt_sampler_trunc" "system.time" 
:325552:1111328:35263200:421:"pmax" "logf" "pt_rw_step_trunc" "pt_sampler_trunc" "system.time" 
:282394:1111328:22338568:1676:"length" "pmax" "logf" "pt_rw_step_trunc" "pt_sampler_trunc" "system.time" 
:296786:1111328:26677896:1176:"logf" "pt_rw_step_trunc" "pt_sampler_trunc" "system.time" 
:305330:1111328:29251992:697:"pmax" "logf" "pt_rw_step_trunc" "pt_sampler_trunc" "system.time" 
:313358:1111328:31671304:656:"logf" "pt_rw_step_trunc" "pt_sampler_trunc" "system.time" 
:319646:1111328:33563208:511:"logf" "pt_rw_step_trunc" "pt_sampler_trunc" "system.time" 
:325486:1111328:35318192:474:"logf" "pt_rw_step_trunc" "pt_sampler_trunc" "system.time" 
:330931:1111328:36960280:445:"pmax" "logf" "pt_rw_step_trunc" "pt_sampler_trunc" "system.time" 
:337515:1111328:38940440:535:"is.atomic" "FUN" "vapply" "pmax" "logf" "pt_sampler_trunc" "system.time" 
:278344:1111328:21110880:346:"pmax" "logf" "pt_rw_step_trunc" "pt_sampler_trunc" "system.time" 
:286639:1111328:23611840:680:"length" "pmax" "logf" "pt_rw_step_trunc" "pt_sampler_trunc" "system.time" 
:301590:1111328:28119560:1223:"logf" "pt_rw_step_trunc" "pt_sampler_trunc" "system.time" 
:326621:1111328:35649992:2033:"vapply" "pmax" "logf" "pt_rw_step_trunc" "pt_sampler_trunc" "system.time" 
:332660:1111328:37470888:494:"vapply" "pmax" "logf" "pt_rw_step_trunc" "pt_sampler_trunc" "system.time" 
:337922:1111328:39055912:429:"pt_rw_step_trunc" "pt_sampler_trunc" "system.time" 
:281254:1111328:21983472:552:"pt_sampler_trunc" "system.time" 
:293972:1111328:25811408:1033:"logf" "pt_rw_step_trunc" "pt_sampler_trunc" "system.time" 
:298773:1111328:27263768:395:"r_trunc_norm" "pt_rw_step_trunc" "pt_sampler_trunc" "system.time" 
:313421:1111328:31670352:1191:"pmax" "logf" "pt_rw_step_trunc" "pt_sampler_trunc" "system.time" 
:326554:1111328:35626640:1070:"pnorm" "Z_tail" "pt_rw_step_trunc" "pt_sampler_trunc" "system.time" 
:332026:1111328:37274048:446:"vapply" "pmax" "logf" "pt_rw_step_trunc" "pt_sampler_trunc" "system.time" 
:340235:1111328:39748576:671:"pt_rw_step_trunc" "pt_sampler_trunc" "system.time" 
:279927:1111328:21573720:249:"vapply" "pmax" "logf" "pt_rw_step_trunc" "pt_sampler_trunc" "system.time" 
:286714:1111328:23623488:557:"logf" "pt_rw_step_trunc" "pt_sampler_trunc" "system.time" 
:292931:1111328:25497304:509:"logf" "pt_rw_step_trunc" "pt_sampler_trunc" "system.time" 
:308602:1111328:30220064:1279:"logf" "pt_rw_step_trunc" "pt_sampler_trunc" "system.time" 
:324809:1111328:35104328:1324:"r_trunc_norm" "pt_rw_step_trunc" "pt_sampler_trunc" "system.time" 
:333913:1111328:37836736:734:"pmax" "logf" "pt_rw_step_trunc" "pt_sampler_trunc" "system.time" 
:340199:1111328:39730152:512:"Z_tail" "pt_rw_step_trunc" "pt_sampler_trunc" "system.time" 
:297484:1111328:26856984:1682:"logf" "pt_rw_step_trunc" "pt_sampler_trunc" "system.time" 
:300894:1111328:27885144:279:"pmax" "logf" "pt_rw_step_trunc" "pt_sampler_trunc" "system.time" 
:305509:1111328:29274280:375:"runif" "pt_rw_step_trunc" "pt_sampler_trunc" "system.time" 
:312253:1111328:31307024:550:"Z_tail" "pt_rw_step_trunc" "pt_sampler_trunc" "system.time" 
:327542:1111328:35916104:1250:"is.finite" "pt_rw_step_trunc" "pt_sampler_trunc" "system.time" 
:278157:1111328:21039256:1140:"runif" "pt_rw_step_trunc" "pt_sampler_trunc" "system.time" 
:293506:1111328:25657968:1248:"pt_sampler_trunc" "system.time" 
:299659:1111328:27514816:503:"pt_rw_step_trunc" "pt_sampler_trunc" "system.time" 
:304185:1111328:28878640:370:"vapply" "pmax" "logf" "pt_rw_step_trunc" "pt_sampler_trunc" "system.time" 
:305908:1111328:29394960:138:"vapply" "pmax" "logf" "pt_rw_step_trunc" "pt_sampler_trunc" "system.time" 
:307839:1111328:29973440:154:"vapply" "pmax" "logf" "pt_rw_step_trunc" "pt_sampler_trunc" "system.time" 
:311193:1111328:30986032:276:"vapply" "pmax" "logf" "pt_rw_step_trunc" "pt_sampler_trunc" "system.time" 
:315991:1111328:32436096:396:"pmax" "logf" "pt_sampler_trunc" "system.time" 
:317981:1111328:33037480:163:"logf" "pt_rw_step_trunc" "pt_sampler_trunc" "system.time" 
:321691:1111328:34155128:305:"logf" "pt_sampler_trunc" "system.time" 
:327912:1111328:36029504:506:"pmax" "logf" "pt_rw_step_trunc" "pt_sampler_trunc" "system.time" 
:334305:1111328:37959376:525:"logf" "pt_rw_step_trunc" "pt_sampler_trunc" "system.time" 
:340133:1111328:39714696:476:"all" "pmax" "logf" "pt_rw_step_trunc" "pt_sampler_trunc" "system.time" 
:341345:1111328:40082672:101:"vapply" "pmax" "logf" "pt_rw_step_trunc" "pt_sampler_trunc" "system.time" 
:289820:1111328:24551296:965:"logf" "pt_sampler_trunc" "system.time" 
:297075:1111328:26738544:592:"logf" "pt_rw_step_trunc" "pt_sampler_trunc" "system.time" 
:302881:1111328:28488208:474:"pmax" "logf" "pt_rw_step_trunc" "pt_sampler_trunc" "system.time" 
:307179:1111328:29782144:351:"logf" "pt_sampler_trunc" "system.time" 
:310130:1111328:30670416:239:"rnorm" "r_trunc_norm" "pt_rw_step_trunc" "pt_sampler_trunc" "system.time" 
:321626:1111328:34130096:935:"pmax" "logf" "pt_sampler_trunc" "system.time" 
:326082:1111328:35474600:364:"match.fun" "vapply" "pmax" "logf" "pt_rw_step_trunc" "pt_sampler_trunc" "system.time" 
:330311:1111328:36747424:343:"pnorm" "Z_tail" "pt_rw_step_trunc" "pt_sampler_trunc" "system.time" 
:333630:1111328:37747752:273:"vapply" "pmax" "logf" "pt_rw_step_trunc" "pt_sampler_trunc" "system.time" 
:340361:1111328:39777416:551:"runif" "pt_rw_step_trunc" "pt_sampler_trunc" "system.time" 
:280084:1111328:21610680:249:"logf" "pt_rw_step_trunc" "pt_sampler_trunc" "system.time" 
:289166:1111328:24345160:740:"Z_tail" "pt_rw_step_trunc" "pt_sampler_trunc" "system.time" 
:294608:1111328:25984112:443:"logf" "pt_rw_step_trunc" "pt_sampler_trunc" "system.time" 
:296163:1111328:26448688:125:"logf" "pt_rw_step_trunc" "pt_sampler_trunc" "system.time" 
:301747:1111328:28130984:455:"pt_rw_step_trunc" "pt_sampler_trunc" "system.time" 
:306784:1111328:29651832:415:"vapply" "pmax" "logf" "pt_sampler_trunc" "system.time" 
:314314:1111328:31923024:615:"pt_sampler_trunc" "system.time" 
:317472:1111328:32870376:254:"pt_rw_step_trunc" "pt_sampler_trunc" "system.time" 
:321108:1111328:33965624:298:"pt_sampler_trunc" "system.time" 
:326619:1111328:35628656:449:"pnorm" "Z_tail" "pt_rw_step_trunc" "pt_sampler_trunc" "system.time" 
:332720:1111328:37462936:497:"pmax" "logf" "pt_sampler_trunc" "system.time" 
:336612:1111328:38635296:316:"logf" "pt_rw_step_trunc" "pt_sampler_trunc" "system.time" 
:339330:1111328:39452560:222:"logf" "pt_rw_step_trunc" "pt_sampler_trunc" "system.time" 
:341423:1111328:40082672:171:"FUN" "vapply" "pmax" "logf" "pt_sampler_trunc" "system.time" 
:279156:1111328:21332584:90:"pnorm" "Z_tail" "pt_rw_step_trunc" "pt_sampler_trunc" "system.time" 
:282671:1111328:22392160:289:"pt_rw_step_trunc" "pt_sampler_trunc" "system.time" 
:286794:1111328:23629368:332:"pmax" "logf" "pt_rw_step_trunc" "pt_sampler_trunc" "system.time" 
:289722:1111328:24511088:239:"logf" "pt_rw_step_trunc" "pt_sampler_trunc" "system.time" 
:294010:1111328:25805864:351:"pmax" "logf" "pt_rw_step_trunc" "pt_sampler_trunc" "system.time" 
:298500:1111328:27153952:363:"match.fun" "vapply" "pmax" "logf" "pt_rw_step_trunc" "pt_sampler_trunc" "system.time" 
:301555:1111328:28076440:250:"Z_tail" "pt_rw_step_trunc" "pt_sampler_trunc" "system.time" 
:304055:1111328:28824040:200:"pmax" "logf" "pt_rw_step_trunc" "pt_sampler_trunc" "system.time" 
:306459:1111328:29556632:203:"rnorm" "r_trunc_norm" "pt_rw_step_trunc" "pt_sampler_trunc" "system.time" 
:308820:1111328:30266264:192:"pt_rw_step_trunc" "pt_sampler_trunc" "system.time" 
:312113:1111328:31258472:268:"Z_tail" "pt_rw_step_trunc" "pt_sampler_trunc" "system.time" 
:315391:1111328:32239480:265:"logf" "pt_sampler_trunc" "system.time" 
:318781:1111328:33263104:276:"pnorm" "Z_tail" "pt_rw_step_trunc" "pt_sampler_trunc" "system.time" 
:321955:1111328:34218016:260:"logf" "pt_rw_step_trunc" "pt_sampler_trunc" "system.time" 
:325858:1111328:35395976:320:"pmax" "logf" "pt_rw_step_trunc" "pt_sampler_trunc" "system.time" 
:329435:1111328:36476160:294:"pmax" "logf" "pt_rw_step_trunc" "pt_sampler_trunc" "system.time" 
:333452:1111328:37683296:324:"vapply" "pmax" "logf" "pt_rw_step_trunc" "pt_sampler_trunc" "system.time" 
:335548:1111328:38314080:171:"runif" "pt_sampler_trunc" "system.time" 
:338589:1111328:39229232:248:"pmax" "logf" "pt_rw_step_trunc" "pt_sampler_trunc" "system.time" 
:341423:1111328:40082672:231:"Z_tail" "pt_rw_step_trunc" "pt_sampler_trunc" "system.time" 
:279693:1111328:21490896:134:"match.fun" "vapply" "pmax" "logf" "pt_rw_step_trunc" "pt_sampler_trunc" "system.time" 
:285465:1111328:23226560:469:"pmax" "logf" "pt_rw_step_trunc" "pt_sampler_trunc" "system.time" 
:301746:1111328:28121352:1321:"vapply" "pmax" "logf" "pt_rw_step_trunc" "pt_sampler_trunc" "system.time" 
:315955:1111328:32405576:1163:"logf" "pt_rw_step_trunc" "pt_sampler_trunc" "system.time" 
:321883:1111328:34192536:485:"match.fun" "vapply" "pmax" "logf" "pt_rw_step_trunc" "pt_sampler_trunc" "system.time" 
:327689:1111328:35942424:474:"vapply" "pmax" "logf" "pt_rw_step_trunc" "pt_sampler_trunc" "system.time" 
:333248:1111328:37616600:453:"pt_rw_step_trunc" "pt_sampler_trunc" "system.time" 
:341432:1111328:40082672:668:"logf" "pt_rw_step_trunc" "pt_sampler_trunc" "system.time" 
:280433:1111328:21708176:192:"attributes" "pmax" "logf" "pt_sampler_trunc" "system.time" 
:286231:1111328:23451904:470:"logf" "pt_sampler_trunc" "system.time" 
:291933:1111328:25165784:461:"vapply" "pmax" "logf" "pt_sampler_trunc" "system.time" 
:298130:1111328:27026664:500:"logf" "pt_rw_step_trunc" "pt_sampler_trunc" "system.time" 
:303500:1111328:28645792:440:"pmax" "logf" "pt_sampler_trunc" "system.time" 
:306627:1111328:29585976:251:"Z_tail" "pt_rw_step_trunc" "pt_sampler_trunc" "system.time" 
:310069:1111328:30624608:283:"Z_tail" "pt_rw_step_trunc" "pt_sampler_trunc" "system.time" 
:313512:1111328:31663072:281:"Z_tail" "pt_rw_step_trunc" "pt_sampler_trunc" "system.time" 
:317812:1111328:32955944:351:"pmax" "logf" "pt_sampler_trunc" "system.time" 
:320719:1111328:33829880:235:"all" "pmax" "logf" "pt_sampler_trunc" "system.time" 
:325200:1111328:35180992:365:"vapply" "pmax" "logf" "pt_rw_step_trunc" "pt_sampler_trunc" "system.time" 
:328667:1111328:36228752:285:"pt_rw_step_trunc" "pt_sampler_trunc" "system.time" 
:333041:1111328:37538032:351:"pmax" "logf" "pt_rw_step_trunc" "pt_sampler_trunc" "system.time" 
:337042:1111328:38747576:330:"vapply" "pmax" "logf" "pt_rw_step_trunc" "pt_sampler_trunc" "system.time" 
:341160:1111328:39984224:332:"match.fun" "vapply" "pmax" "logf" "pt_rw_step_trunc" "pt_sampler_trunc" "system.time" 
:278610:1111328:21156912:68:"Z_tail" "pt_rw_step_trunc" "pt_sampler_trunc" "system.time" 
:285805:1111328:23324224:586:"FUN" "vapply" "pmax" "logf" "pt_rw_step_trunc" "pt_sampler_trunc" "system.time" 
:313560:1111328:31678528:2260:"FUN" "vapply" "pmax" "logf" "pt_rw_step_trunc" "pt_sampler_trunc" "system.time" 
:321135:1111328:33960080:618:"pmax" "logf" "pt_rw_step_trunc" "pt_sampler_trunc" "system.time" 
:337498:1111328:38895304:1338:"vapply" "pmax" "logf" "pt_rw_step_trunc" "pt_sampler_trunc" "system.time" 
:279779:1111328:21508760:458:"logf" "pt_rw_step_trunc" "pt_sampler_trunc" "system.time" 
:287437:1111328:23820440:626:"Z_tail" "pt_rw_step_trunc" "pt_sampler_trunc" "system.time" 
:299745:1111328:27523384:1000:"is.atomic" "FUN" "vapply" "pmax" "logf" "pt_rw_step_trunc" "pt_sampler_trunc" "system.time" 
:305119:1111328:29138984:436:"vapply" "pmax" "logf" "pt_rw_step_trunc" "pt_sampler_trunc" "system.time" 
:311230:1111328:30978080:498:"vapply" "pmax" "logf" "pt_rw_step_trunc" "pt_sampler_trunc" "system.time" 
:318028:1111328:33020008:549:"pt_rw_step_trunc" "pt_sampler_trunc" "system.time" 
:322844:1111328:34472536:395:"vapply" "pmax" "logf" "pt_rw_step_trunc" "pt_sampler_trunc" "system.time" 
:328106:1111328:36059912:431:"pmax" "logf" "pt_rw_step_trunc" "pt_sampler_trunc" "system.time" 
:334611:1111328:38014704:525:"Z_tail" "pt_rw_step_trunc" "pt_sampler_trunc" "system.time" 
:340344:1111328:39742248:467:"Z_tail" "pt_rw_step_trunc" "pt_sampler_trunc" "system.time" 
:286599:1111328:23552872:777:"pmax" "logf" "pt_rw_step_trunc" "pt_sampler_trunc" "system.time" 
:292392:1111328:25294528:470:"pmax" "logf" "pt_rw_step_trunc" "pt_sampler_trunc" "system.time" 
:298663:1111328:27185256:511:"mostattributes<-" "pmax" "logf" "pt_rw_step_trunc" "pt_sampler_trunc" "system.time" 
:305789:1111328:29334984:584:"Z_tail" "pt_rw_step_trunc" "pt_sampler_trunc" "system.time" 
:316876:1111328:32669560:901:"logf" "pt_rw_step_trunc" "pt_sampler_trunc" "system.time" 
:321926:1111328:34193152:412:"Z_tail" "pt_rw_step_trunc" "pt_sampler_trunc" "system.time" 
:326824:1111328:35664608:398:"vapply" "pmax" "logf" "pt_rw_step_trunc" "pt_sampler_trunc" "system.time" 
:334147:1111328:37872184:600:"pmax" "logf" "pt_rw_step_trunc" "pt_sampler_trunc" "system.time" 
:339477:1111328:39477984:434:"logf" "pt_rw_step_trunc" "pt_sampler_trunc" "system.time" 
:285248:1111328:23149616:742:"vapply" "pmax" "logf" "pt_rw_step_trunc" "pt_sampler_trunc" "system.time" 
:292446:1111328:25312896:582:"vapply" "pmax" "logf" "pt_rw_step_trunc" "pt_sampler_trunc" "system.time" 
:300943:1111328:27870024:691:"logf" "pt_rw_step_trunc" "pt_sampler_trunc" "system.time" 
:315082:1111328:32121320:1146:"pmax" "logf" "pt_rw_step_trunc" "pt_sampler_trunc" "system.time" 
:324876:1111328:35070168:798:"pmax" "logf" "pt_rw_step_trunc" "pt_sampler_trunc" "system.time" 
:332985:1111328:37506840:656:"pt_rw_step_trunc" "pt_sampler_trunc" "system.time" 
:338239:1111328:39088168:428:"rnorm" "r_trunc_norm" "pt_rw_step_trunc" "pt_sampler_trunc" "system.time" 
:280890:1111328:21831264:492:"pt_rw_step_trunc" "pt_sampler_trunc" "system.time" 
:287749:1111328:23900744:561:"is.function" "match.fun" "vapply" "pmax" "logf" "pt_rw_step_trunc" "pt_sampler_trunc" "system.time" 
:295056:1111328:26096952:593:"pmax" "logf" "pt_rw_step_trunc" "pt_sampler_trunc" "system.time" 
:301561:1111328:28058520:532:"logf" "pt_rw_step_trunc" "pt_sampler_trunc" "system.time" 
:324185:1111328:34869464:1840:"pnorm" "Z_tail" "pt_rw_step_trunc" "pt_sampler_trunc" "system.time" 
:330161:1111328:36670648:488:"logf" "pt_rw_step_trunc" "pt_sampler_trunc" "system.time" 
:341471:1111328:40082672:927:"logf" "pt_rw_step_trunc" "pt_sampler_trunc" "system.time" 
:288111:1111328:24005576:810:"vapply" "pmax" "logf" "pt_rw_step_trunc" "pt_sampler_trunc" "system.time" 
:300019:1111328:27588064:969:"logf" "pt_sampler_trunc" "system.time" 
:309135:1111328:30335200:744:"pt_rw_step_trunc" "pt_sampler_trunc" "system.time" 
:314981:1111328:32092928:475:"vapply" "pmax" "logf" "pt_rw_step_trunc" "pt_sampler_trunc" "system.time" 
:322032:1111328:34218912:578:"logf" "pt_rw_step_trunc" "pt_sampler_trunc" "system.time" 
:301464:1111328:28010920:3477:"pt_sampler_trunc" "system.time" 
:316606:1111328:32567472:1232:"pmax" "logf" "pt_rw_step_trunc" "pt_sampler_trunc" "system.time" 
:322817:1111328:34438376:507:"vapply" "pmax" "logf" "pt_sampler_trunc" "system.time" 
:331313:1111328:37000040:695:"pmax" "logf" "pt_sampler_trunc" "system.time" 
:338518:1111328:39165224:583:"pt_rw_step_trunc" "pt_sampler_trunc" "system.time" 
:278948:1111328:21238056:307:"pt_sampler_trunc" "system.time" 
:284904:1111328:23032520:486:"r_trunc_norm" "pt_rw_step_trunc" "pt_sampler_trunc" "system.time" 
:290116:1111328:24599848:422:"pt_rw_step_trunc" "pt_sampler_trunc" "system.time" 
:295640:1111328:26268032:454:"pt_rw_step_trunc" "pt_sampler_trunc" "system.time" 
:301125:1111328:27919584:447:"pmax" "logf" "pt_rw_step_trunc" "pt_sampler_trunc" "system.time" 
:311057:1111328:30912056:812:"logf" "pt_sampler_trunc" "system.time" 
:323933:1111328:34794032:1052:"pmax" "logf" "pt_rw_step_trunc" "pt_sampler_trunc" "system.time" 
:335765:1111328:38360840:967:"logf" "pt_rw_step_trunc" "pt_sampler_trunc" "system.time" 
:341482:1111328:40082672:467:"vapply" "pmax" "logf" "pt_rw_step_trunc" "pt_sampler_trunc" "system.time" 
:296319:1111328:26475456:1481:"pt_rw_step_trunc" "pt_sampler_trunc" "system.time" 
:304467:1111328:28929768:665:"pt_rw_step_trunc" "pt_sampler_trunc" "system.time" 
:318228:1111328:33075616:1124:"logf" "pt_rw_step_trunc" "pt_sampler_trunc" "system.time" 
:324891:1111328:35085624:546:"FUN" "vapply" "pmax" "logf" "pt_rw_step_trunc" "pt_sampler_trunc" "system.time" 
:341327:1111328:40037368:1344:"logf" "pt_rw_step_trunc" "pt_sampler_trunc" "system.time" 
:282697:1111328:22355088:368:"vapply" "pmax" "logf" "pt_rw_step_trunc" "pt_sampler_trunc" "system.time" 
:296699:1111328:26576312:1146:"any" "logf" "pt_rw_step_trunc" "pt_sampler_trunc" "system.time" 
:317239:1111328:32763304:1677:"pt_sampler_trunc" "system.time" 
:326300:1111328:35499408:744:"pt_rw_step_trunc" "pt_sampler_trunc" "system.time" 
:332649:1111328:37417408:522:"r_trunc_norm" "pt_rw_step_trunc" "pt_sampler_trunc" "system.time" 
:338059:1111328:39044488:438:"any" "logf" "pt_rw_step_trunc" "pt_sampler_trunc" "system.time" 
:277878:1111328:20973680:282:"logf" "pt_rw_step_trunc" "pt_sampler_trunc" "system.time" 
:279112:1111328:21342440:97:"vapply" "pmax" "logf" "pt_rw_step_trunc" "pt_sampler_trunc" "system.time" 
:290731:1111328:24840424:945:"logf" "pt_rw_step_trunc" "pt_sampler_trunc" "system.time" 
:298114:1111328:27062336:603:"length" "pmax" "logf" "pt_rw_step_trunc" "pt_sampler_trunc" "system.time" 
:304272:1111328:28918232:503:"logf" "pt_sampler_trunc" "system.time" 
:309867:1111328:30597784:451:"vapply" "pmax" "logf" "pt_rw_step_trunc" "pt_sampler_trunc" "system.time" 
:317226:1111328:32808384:596:"vapply" "pmax" "logf" "pt_rw_step_trunc" "pt_sampler_trunc" "system.time" 
:322479:1111328:34390608:429:"pt_rw_step_trunc" "pt_sampler_trunc" "system.time" 
:327260:1111328:35836080:394:"pmax" "logf" "pt_rw_step_trunc" "pt_sampler_trunc" "system.time" 
:331766:1111328:37192176:366:"logf" "pt_rw_step_trunc" "pt_sampler_trunc" "system.time" 
:337096:1111328:38793888:432:"logf" "pt_rw_step_trunc" "pt_sampler_trunc" "system.time" 
:341373:1111328:40082504:351:"pmax" "logf" "pt_rw_step_trunc" "pt_sampler_trunc" "system.time" 
:283362:1111328:22624112:446:"vapply" "pmax" "logf" "pt_rw_step_trunc" "pt_sampler_trunc" "system.time" 
:294432:1111328:25958184:904:"pmax" "logf" "pt_rw_step_trunc" "pt_sampler_trunc" "system.time" 
:302932:1111328:28520688:695:"rnorm" "r_trunc_norm" "pt_rw_step_trunc" "pt_sampler_trunc" "system.time" 
:309583:1111328:30529464:546:"logf" "pt_rw_step_trunc" "pt_sampler_trunc" "system.time" 
:319519:1111328:33517120:807:"vapply" "pmax" "logf" "pt_rw_step_trunc" "pt_sampler_trunc" "system.time" 
:326033:1111328:35483056:535:"logf" "pt_rw_step_trunc" "pt_sampler_trunc" "system.time" 
:335869:1111328:38440696:799:"Z_tail" "pt_rw_step_trunc" "pt_sampler_trunc" "system.time" 
:341315:1111328:40082672:447:"pmax" "logf" "pt_sampler_trunc" "system.time" 
:282494:1111328:22355312:370:"logf" "pt_rw_step_trunc" "pt_sampler_trunc" "system.time" 
:289000:1111328:24318056:534:"r_trunc_norm" "pt_rw_step_trunc" "pt_sampler_trunc" "system.time" 
:296275:1111328:26506536:591:"match.fun" "vapply" "pmax" "logf" "pt_rw_step_trunc" "pt_sampler_trunc" "system.time" 
:306256:1111328:29517040:817:"Z_tail" "pt_rw_step_trunc" "pt_sampler_trunc" "system.time" 
:313241:1111328:31614296:564:"pnorm" "Z_tail" "pt_rw_step_trunc" "pt_sampler_trunc" "system.time" 
:319286:1111328:33435360:495:"logf" "pt_rw_step_trunc" "pt_sampler_trunc" "system.time" 
:328659:1111328:36261456:767:"pt_sampler_trunc" "system.time" 
:336910:1111328:38747184:672:"logf" "pt_rw_step_trunc" "pt_sampler_trunc" "system.time" 
:341356:1111328:40082672:360:"logf" "pt_rw_step_trunc" "pt_sampler_trunc" "system.time" 
:283919:1111328:22783656:489:"vapply" "pmax" "logf" "pt_rw_step_trunc" "pt_sampler_trunc" "system.time" 
:290089:1111328:24643752:505:"pt_rw_step_trunc" "pt_sampler_trunc" "system.time" 
:296492:1111328:26575696:525:"pmax" "logf" "pt_rw_step_trunc" "pt_sampler_trunc" "system.time" 
:302018:1111328:28241528:451:"pmax" "logf" "pt_rw_step_trunc" "pt_sampler_trunc" "system.time" 
:312384:1111328:31357648:840:"pmax" "logf" "pt_rw_step_trunc" "pt_sampler_trunc" "system.time" 
:318310:1111328:33145728:485:"vapply" "pmax" "logf" "pt_rw_step_trunc" "pt_sampler_trunc" "system.time" 
:328527:1111328:36228976:837:"pt_rw_step_trunc" "pt_sampler_trunc" "system.time" 
:334761:1111328:38102960:507:"FUN" "vapply" "pmax" "logf" "pt_rw_step_trunc" "pt_sampler_trunc" "system.time" 
:340489:1111328:39825856:467:"rnorm" "r_trunc_norm" "pt_rw_step_trunc" "pt_sampler_trunc" "system.time" 
:281605:1111328:22082760:366:"pt_sampler_trunc" "system.time" 
:290021:1111328:24618440:687:"vapply" "pmax" "logf" "pt_rw_step_trunc" "pt_sampler_trunc" "system.time" 
:306072:1111328:29456616:1314:"vapply" "pmax" "logf" "pt_sampler_trunc" "system.time" 
:312005:1111328:31241840:483:"pt_rw_step_trunc" "pt_sampler_trunc" "system.time" 
:319348:1111328:33459720:603:"FUN" "vapply" "pmax" "logf" "pt_rw_step_trunc" "pt_sampler_trunc" "system.time" 
:327065:1111328:35786744:631:"pt_rw_step_trunc" "pt_sampler_trunc" "system.time" 
:334997:1111328:38177048:649:"pt_rw_step_trunc" "pt_sampler_trunc" "system.time" 
:279260:1111328:21371728:620:"vapply" "pmax" "logf" "pt_rw_step_trunc" "pt_sampler_trunc" "system.time" 
:290863:1111328:24868088:946:"Z_tail" "pt_rw_step_trunc" "pt_sampler_trunc" "system.time" 
:297394:1111328:26830776:529:"pt_rw_step_trunc" "pt_sampler_trunc" "system.time" 
:305930:1111328:29400840:695:"vapply" "pmax" "logf" "pt_sampler_trunc" "system.time" 
:313115:1111328:31570056:589:"rnorm" "r_trunc_norm" "pt_rw_step_trunc" "pt_sampler_trunc" "system.time" 
:322844:1111328:34502328:797:"logf" "pt_sampler_trunc" "system.time" 
:328637:1111328:36246280:472:"vapply" "pmax" "logf" "pt_sampler_trunc" "system.time" 
:336915:1111328:38743824:678:"vapply" "pmax" "logf" "pt_rw_step_trunc" "pt_sampler_trunc" "system.time" 
:282406:1111328:22315944:723:"-" "logf" "pt_sampler_trunc" "system.time" 
:299380:1111328:27433336:1388:"pmax" "logf" "pt_rw_step_trunc" "pt_sampler_trunc" "system.time" 
:306561:1111328:29595664:586:"Z_tail" "pt_rw_step_trunc" "pt_sampler_trunc" "system.time" 
:312654:1111328:31431792:498:"runif" "pt_rw_step_trunc" "pt_sampler_trunc" "system.time" 
:318909:1111328:33317256:511:"vapply" "pmax" "logf" "pt_rw_step_trunc" "pt_sampler_trunc" "system.time" 
:329711:1111328:36564696:876:"logf" "pt_rw_step_trunc" "pt_sampler_trunc" "system.time" 
:337962:1111328:39047904:671:"pt_sampler_trunc" "system.time" 
:291501:1111328:25046112:1375:"logf" "pt_rw_step_trunc" "pt_sampler_trunc" "system.time" 
:307097:1111328:29742216:1268:"vapply" "pmax" "logf" "pt_rw_step_trunc" "pt_sampler_trunc" "system.time" 
:317515:1111328:32876144:846:"logf" "pt_rw_step_trunc" "pt_sampler_trunc" "system.time" 
:329048:1111328:36348424:938:"Z_tail" "pt_rw_step_trunc" "pt_sampler_trunc" "system.time" 
:279679:1111328:21484568:1141:"rnorm" "r_trunc_norm" "pt_rw_step_trunc" "pt_sampler_trunc" "system.time" 
:288610:1111328:24170216:724:"pmax" "logf" "pt_rw_step_trunc" "pt_sampler_trunc" "system.time" 
:294817:1111328:26038544:506:"pt_rw_step_trunc" "pt_sampler_trunc" "system.time" 
:305272:1111328:29176560:843:"pmax" "logf" "pt_sampler_trunc" "system.time" 
:328432:1111328:36154664:1889:"logf" "pt_rw_step_trunc" "pt_sampler_trunc" "system.time" 
:288082:1111328:24009048:1879:"vapply" "pmax" "logf" "pt_rw_step_trunc" "pt_sampler_trunc" "system.time" 
:312193:1111328:31284792:1976:"pnorm" "Z_tail" "pt_rw_step_trunc" "pt_sampler_trunc" "system.time" 
:329411:1111328:36470392:1403:"pnorm" "Z_tail" "pt_rw_step_trunc" "pt_sampler_trunc" "system.time" 
:337402:1111328:38880072:654:"pnorm" "Z_tail" "pt_rw_step_trunc" "pt_sampler_trunc" "system.time" 
:279585:1111328:21448784:448:"pt_rw_step_trunc" "pt_sampler_trunc" "system.time" 
:286190:1111328:23438912:539:"vapply" "pmax" "logf" "pt_rw_step_trunc" "pt_sampler_trunc" "system.time" 
:297678:1111328:26900776:938:"pmax" "logf" "pt_rw_step_trunc" "pt_sampler_trunc" "system.time" 
:324958:1111328:35114800:2222:"vapply" "pmax" "logf" "pt_sampler_trunc" "system.time" 
:289693:1111328:24499104:2295:"logf" "pt_rw_step_trunc" "pt_sampler_trunc" "system.time" 
:296619:1111328:26580232:563:"logf" "pt_rw_step_trunc" "pt_sampler_trunc" "system.time" 
:308266:1111328:30089640:950:"vapply" "pmax" "logf" "pt_rw_step_trunc" "pt_sampler_trunc" "system.time" 
:314408:1111328:31943464:504:"vapply" "pmax" "logf" "pt_rw_step_trunc" "pt_sampler_trunc" "system.time" 
:340044:1111328:39679192:2103:"r_trunc_norm" "pt_rw_step_trunc" "pt_sampler_trunc" "system.time" 
:301016:1111328:27903176:1980:"pt_sampler_trunc" "system.time" 
:333548:1111328:37694328:2646:"rnorm" "r_trunc_norm" "pt_rw_step_trunc" "pt_sampler_trunc" "system.time" 
:341465:1111328:40082672:650:"all" "pmax" "logf" "pt_sampler_trunc" "system.time" 
:289335:1111328:24382400:914:"logf" "pt_rw_step_trunc" "pt_sampler_trunc" "system.time" 
:295791:1111328:26323472:523:"pnorm" "Z_tail" "pt_rw_step_trunc" "pt_sampler_trunc" "system.time" 
:313425:1111328:31638488:1443:"pmax" "logf" "pt_rw_step_trunc" "pt_sampler_trunc" "system.time" 
:325444:1111328:35259728:983:"vapply" "pmax" "logf" "pt_rw_step_trunc" "pt_sampler_trunc" "system.time" 
:338439:1111328:39168864:1056:"pmax" "logf" "pt_sampler_trunc" "system.time" 
:341479:1111328:40082672:246:"vapply" "pmax" "logf" "pt_rw_step_trunc" "pt_sampler_trunc" "system.time" 
:283851:1111328:22723512:463:"pmax" "logf" "pt_rw_step_trunc" "pt_sampler_trunc" "system.time" 
:290936:1111328:24862208:581:"vapply" "pmax" "logf" "pt_rw_step_trunc" "pt_sampler_trunc" "system.time" 
:296589:1111328:26565280:461:"r_trunc_norm" "pt_rw_step_trunc" "pt_sampler_trunc" "system.time" 
:301096:1111328:27920088:366:"pt_rw_step_trunc" "pt_sampler_trunc" "system.time" 
:307384:1111328:29817760:515:"Z_tail" "pt_rw_step_trunc" "pt_sampler_trunc" "system.time" 
:313214:1111328:31574480:477:"logf" "pt_rw_step_trunc" "pt_sampler_trunc" "system.time" 
:318908:1111328:33290264:466:"rnorm" "r_trunc_norm" "pt_rw_step_trunc" "pt_sampler_trunc" "system.time" 
:326636:1111328:35619360:633:"vapply" "pmax" "logf" "pt_sampler_trunc" "system.time" 
:339323:1111328:39440688:1035:"pt_sampler_trunc" "system.time" 
:287235:1111328:23733752:904:"pt_rw_step_trunc" "pt_sampler_trunc" "system.time" 
:295543:1111328:26235384:677:"vapply" "pmax" "logf" "pt_rw_step_trunc" "pt_sampler_trunc" "system.time" 
:313307:1111328:31591560:1455:"pt_sampler_trunc" "system.time" 
:320208:1111328:33666864:560:"logf" "pt_rw_step_trunc" "pt_sampler_trunc" "system.time" 
:326660:1111328:35603904:522:"runif" "pt_sampler_trunc" "system.time" 
:334370:1111328:37928520:631:"pmax" "logf" "pt_rw_step_trunc" "pt_sampler_trunc" "system.time" 
:291277:1111328:24950576:1641:"rnorm" "r_trunc_norm" "pt_rw_step_trunc" "pt_sampler_trunc" "system.time" 
:306797:1111328:29625512:1267:"pmax" "logf" "pt_rw_step_trunc" "pt_sampler_trunc" "system.time" 
:316899:1111328:32676784:830:"FUN" "vapply" "pmax" "logf" "pt_rw_step_trunc" "pt_sampler_trunc" "system.time" 
:325722:1111328:35336168:724:"logf" "pt_rw_step_trunc" "pt_sampler_trunc" "system.time" 
:312188:1111328:31246152:4055:"pt_rw_step_trunc" "pt_sampler_trunc" "system.time" 
:325773:1111328:35344456:1113:"vapply" "pmax" "logf" "pt_rw_step_trunc" "pt_sampler_trunc" "system.time" 
:283172:1111328:22500912:1681:"pnorm" "Z_tail" "pt_rw_step_trunc" "pt_sampler_trunc" "system.time" 
:279911:1111328:21515312:4891:"pmax" "logf" "pt_sampler_trunc" "system.time" 
:286003:1111328:23347296:493:"r_trunc_norm" "pt_rw_step_trunc" "pt_sampler_trunc" "system.time" 
:293562:1111328:25627392:618:"any" "logf" "pt_rw_step_trunc" "pt_sampler_trunc" "system.time" 
:299443:1111328:27399232:481:"vapply" "pmax" "logf" "pt_rw_step_trunc" "pt_sampler_trunc" "system.time" 
:329579:1111328:36483272:2462:"FUN" "vapply" "pmax" "logf" "pt_rw_step_trunc" "pt_sampler_trunc" "system.time" 
:295574:1111328:26234040:2386:"vapply" "pmax" "logf" "pt_rw_step_trunc" "pt_sampler_trunc" "system.time" 
:315304:1111328:32185440:1616:"pmax" "logf" "pt_rw_step_trunc" "pt_sampler_trunc" "system.time" 
:300083:1111328:27663552:3957:"pt_sampler_trunc" "system.time" 
:309122:1111328:30389184:739:"vapply" "pmax" "logf" "pt_rw_step_trunc" "pt_sampler_trunc" "system.time" 
:334525:1111328:38042928:2073:"logf" "pt_rw_step_trunc" "pt_sampler_trunc" "system.time" 
:330564:1111328:36831704:4844:"-" "logf" "pt_sampler_trunc" "system.time" 
:338151:1111328:39115384:617:"Z_tail" "pt_rw_step_trunc" "pt_sampler_trunc" "system.time" 
:280163:1111328:21653688:442:"FUN" "vapply" "pmax" "logf" "pt_rw_step_trunc" "pt_sampler_trunc" "system.time" 
:286457:1111328:23548280:514:"logf" "pt_rw_step_trunc" "pt_sampler_trunc" "system.time" 
:306744:1111328:29657544:1652:"vapply" "pmax" "logf" "pt_rw_step_trunc" "pt_sampler_trunc" "system.time" 
:279593:1111328:21475552:2958:"vapply" "pmax" "logf" "pt_rw_step_trunc" "pt_sampler_trunc" "system.time" 
:285625:1111328:23295272:495:"pt_rw_step_trunc" "pt_sampler_trunc" "system.time" 
:300275:1111328:27707792:1195:"vapply" "pmax" "logf" "pt_rw_step_trunc" "pt_sampler_trunc" "system.time" 
:306648:1111328:29631168:524:"pmax" "logf" "pt_rw_step_trunc" "pt_sampler_trunc" "system.time" 
:312077:1111328:31266816:444:"pmax" "logf" "pt_rw_step_trunc" "pt_sampler_trunc" "system.time" 
:317798:1111328:32992792:468:"pmax" "logf" "pt_rw_step_trunc" "pt_sampler_trunc" "system.time" 
:324049:1111328:34874168:510:"vapply" "pmax" "logf" "pt_sampler_trunc" "system.time" 
:338890:1111328:39339888:1205:"pt_rw_step_trunc" "pt_sampler_trunc" "system.time" 
:281534:1111328:22057000:492:"logf" "pt_rw_step_trunc" "pt_sampler_trunc" "system.time" 
:287157:1111328:23752624:458:"pnorm" "Z_tail" "pt_rw_step_trunc" "pt_sampler_trunc" "system.time" 
:293680:1111328:25718168:534:"pmax" "logf" "pt_rw_step_trunc" "pt_sampler_trunc" "system.time" 
:301142:1111328:27958560:604:"pmax" "logf" "pt_rw_step_trunc" "pt_sampler_trunc" "system.time" 
:307020:1111328:29726648:478:"pt_rw_step_trunc" "pt_sampler_trunc" "system.time" 
:312108:1111328:31262336:418:"logf" "pt_rw_step_trunc" "pt_sampler_trunc" "system.time" 
:320342:1111328:33742184:671:"vapply" "pmax" "logf" "pt_rw_step_trunc" "pt_sampler_trunc" "system.time" 
:326411:1111328:35568288:495:"list" "pt_rw_step_trunc" "pt_sampler_trunc" "system.time" 
:332580:1111328:37420264:498:"logf" "pt_sampler_trunc" "system.time" 
:338196:1111328:39110456:457:"vapply" "pmax" "logf" "pt_sampler_trunc" "system.time" 
:341435:1111328:40082672:260:"pmax" "logf" "pt_rw_step_trunc" "pt_sampler_trunc" "system.time" 
:281036:1111328:21907200:249:"logf" "pt_rw_step_trunc" "pt_sampler_trunc" "system.time" 
:285346:1111328:23207632:355:"pmax" "logf" "pt_rw_step_trunc" "pt_sampler_trunc" "system.time" 
:290297:1111328:24700144:403:"logf" "pt_rw_step_trunc" "pt_sampler_trunc" "system.time" 
:295483:1111328:26263944:424:"pt_rw_step_trunc" "pt_sampler_trunc" "system.time" 
:300332:1111328:27730360:399:"vapply" "pmax" "logf" "pt_rw_step_trunc" "pt_sampler_trunc" "system.time" 
:305948:1111328:29420832:459:"list" "pt_rw_step_trunc" "pt_sampler_trunc" "system.time" 
:309802:1111328:30580256:311:"pnorm" "Z_tail" "pt_rw_step_trunc" "pt_sampler_trunc" "system.time" 
:313817:1111328:31790752:331:"pt_sampler_trunc" "system.time" 
:320235:1111328:33726504:525:"pmax" "logf" "pt_rw_step_trunc" "pt_sampler_trunc" "system.time" 
:326469:1111328:35602448:508:"pmax" "logf" "pt_sampler_trunc" "system.time" 
:332900:1111328:37537472:522:"pmax" "logf" "pt_rw_step_trunc" "pt_sampler_trunc" "system.time" 
:341355:1111328:40082672:689:"pt_sampler_trunc" "system.time" 
:280070:1111328:21616112:171:"is.atomic" "FUN" "vapply" "pmax" "logf" "pt_rw_step_trunc" "pt_sampler_trunc" "system.time" 
:284764:1111328:23028264:381:"rnorm" "r_trunc_norm" "pt_rw_step_trunc" "pt_sampler_trunc" "system.time" 
:289227:1111328:24367280:360:"runif" "pt_rw_step_trunc" "pt_sampler_trunc" "system.time" 
:294369:1111328:25917696:421:"logf" "pt_rw_step_trunc" "pt_sampler_trunc" "system.time" 
:300846:1111328:27860280:521:"list" "pt_rw_step_trunc" "pt_sampler_trunc" "system.time" 
:306434:1111328:29542072:455:"logf" "pt_sampler_trunc" "system.time" 
:312254:1111328:31290168:470:"pmax" "logf" "pt_rw_step_trunc" "pt_sampler_trunc" "system.time" 
:317532:1111328:32877768:428:"pmax" "logf" "pt_rw_step_trunc" "pt_sampler_trunc" "system.time" 
:324190:1111328:34876352:537:"pt_sampler_trunc" "system.time" 
:286728:1111328:23615928:2123:"pnorm" "Z_tail" "pt_rw_step_trunc" "pt_sampler_trunc" "system.time" 
:293779:1111328:25740680:575:"pmax" "logf" "pt_rw_step_trunc" "pt_sampler_trunc" "system.time" 
:300639:1111328:27806128:558:"Z_tail" "pt_rw_step_trunc" "pt_sampler_trunc" "system.time" 
:306643:1111328:29619912:493:"Z_tail" "pt_rw_step_trunc" "pt_sampler_trunc" "system.time" 
:313773:1111328:31769080:584:"vapply" "pmax" "logf" "pt_rw_step_trunc" "pt_sampler_trunc" "system.time" 
:324199:1111328:34902056:845:"pt_sampler_trunc" "system.time" 
:341435:1111328:40082672:1396:"logf" "pt_rw_step_trunc" "pt_sampler_trunc" "system.time" 
:283410:1111328:22607032:435:"vapply" "pmax" "logf" "pt_rw_step_trunc" "pt_sampler_trunc" "system.time" 
:289831:1111328:24544856:528:"pmax" "logf" "pt_rw_step_trunc" "pt_sampler_trunc" "system.time" 
:297836:1111328:26953360:651:"pmax" "logf" "pt_rw_step_trunc" "pt_sampler_trunc" "system.time" 
:317393:1111328:32844280:1598:"logf" "pt_sampler_trunc" "system.time" 
:320907:1111328:33902848:285:"all" "pmax" "logf" "pt_rw_step_trunc" "pt_sampler_trunc" "system.time" 
:325629:1111328:35330904:391:"logf" "pt_rw_step_trunc" "pt_sampler_trunc" "system.time" 
:331145:1111328:36991024:450:"pmax" "logf" "pt_rw_step_trunc" "pt_sampler_trunc" "system.time" 
:335442:1111328:38278352:346:"length" "mostattributes<-" "pmax" "logf" "pt_rw_step_trunc" "pt_sampler_trunc" "system.time" 
:341444:1111328:40082672:487:"logf" "pt_rw_step_trunc" "pt_sampler_trunc" "system.time" 
:286904:1111328:23654960:718:"match.fun" "vapply" "pmax" "logf" "pt_rw_step_trunc" "pt_sampler_trunc" "system.time" 
:293110:1111328:25526536:509:"pt_rw_step_trunc" "pt_sampler_trunc" "system.time" 
:298361:1111328:27109152:428:"length" "mostattributes<-" "pmax" "logf" "pt_rw_step_trunc" "pt_sampler_trunc" "system.time" 
:306043:1111328:29423520:626:"pt_rw_step_trunc" "pt_sampler_trunc" "system.time" 
:314758:1111328:32051208:713:"vapply" "pmax" "logf" "pt_rw_step_trunc" "pt_sampler_trunc" "system.time" 
:328822:1111328:36289400:1149:"logf" "pt_rw_step_trunc" "pt_sampler_trunc" "system.time" 
:335014:1111328:38152520:505:"vapply" "pmax" "logf" "pt_rw_step_trunc" "pt_sampler_trunc" "system.time" 
:339894:1111328:39626888:403:"pmax" "logf" "pt_sampler_trunc" "system.time" 
:341417:1111328:40082672:121:"logf" "pt_rw_step_trunc" "pt_sampler_trunc" "system.time" 
:287453:1111328:23819824:762:"logf" "pt_rw_step_trunc" "pt_sampler_trunc" "system.time" 
:295359:1111328:26198424:642:"vapply" "pmax" "logf" "pt_rw_step_trunc" "pt_sampler_trunc" "system.time" 
:303276:1111328:28580272:646:"logf" "pt_rw_step_trunc" "pt_sampler_trunc" "system.time" 
:313679:1111328:31719184:852:"pmax" "logf" "pt_rw_step_trunc" "pt_sampler_trunc" "system.time" 
:323210:1111328:34585824:774:"pmax" "logf" "pt_rw_step_trunc" "pt_sampler_trunc" "system.time" 
:331945:1111328:37218104:714:"pmax" "logf" "pt_rw_step_trunc" "pt_sampler_trunc" "system.time" 
:337922:1111328:39021864:489:"pt_rw_step_trunc" "pt_sampler_trunc" "system.time" 
:341444:1111328:40082672:287:"vapply" "pmax" "logf" "pt_rw_step_trunc" "pt_sampler_trunc" "system.time" 
:280973:1111328:21865480:233:"logf" "pt_rw_step_trunc" "pt_sampler_trunc" "system.time" 
:285968:1111328:23364488:402:"logf" "pt_rw_step_trunc" "pt_sampler_trunc" "system.time" 
:293399:1111328:25605104:607:"vapply" "pmax" "logf" "pt_rw_step_trunc" "pt_sampler_trunc" "system.time" 
:305407:1111328:29215816:975:"pmax" "logf" "pt_sampler_trunc" "system.time" 
:314921:1111328:32075512:774:"pt_sampler_trunc" "system.time" 
:322737:1111328:34429976:638:"pmax" "logf" "pt_rw_step_trunc" "pt_sampler_trunc" "system.time" 
:328238:1111328:36093568:454:"pmax" "logf" "pt_sampler_trunc" "system.time" 
:333521:1111328:37685872:432:"pt_rw_step_trunc" "pt_sampler_trunc" "system.time" 
:278934:1111328:21250488:714:"rnorm" "r_trunc_norm" "pt_rw_step_trunc" "pt_sampler_trunc" "system.time" 
:287612:1111328:23863280:707:"Z_tail" "pt_rw_step_trunc" "pt_sampler_trunc" "system.time" 
:293640:1111328:25678296:491:"mostattributes<-" "pmax" "logf" "pt_sampler_trunc" "system.time" 
:303594:1111328:28668248:804:"pt_rw_step_trunc" "pt_sampler_trunc" "system.time" 
:311180:1111328:30945880:614:"pt_sampler_trunc" "system.time" 
:317051:1111328:32714864:477:"vapply" "pmax" "logf" "pt_rw_step_trunc" "pt_sampler_trunc" "system.time" 
:331216:1111328:36981392:1154:"FUN" "vapply" "pmax" "logf" "pt_sampler_trunc" "system.time" 
:338551:1111328:39198208:604:"logf" "pt_rw_step_trunc" "pt_sampler_trunc" "system.time" 
:280005:1111328:21561400:386:"Z_tail" "pt_rw_step_trunc" "pt_sampler_trunc" "system.time" 
:288053:1111328:23985416:657:"pmax" "logf" "pt_rw_step_trunc" "pt_sampler_trunc" "system.time" 
:297548:1111328:26848808:778:"rnorm" "r_trunc_norm" "pt_rw_step_trunc" "pt_sampler_trunc" "system.time" 
:305380:1111328:29209712:639:"FUN" "vapply" "pmax" "logf" "pt_rw_step_trunc" "pt_sampler_trunc" "system.time" 
:311815:1111328:31153024:529:"logf" "pt_rw_step_trunc" "pt_sampler_trunc" "system.time" 
:319985:1111328:33610752:666:"all" "pmax" "logf" "pt_rw_step_trunc" "pt_sampler_trunc" "system.time" 
:335378:1111328:38250912:1259:"logf" "pt_rw_step_trunc" "pt_sampler_trunc" "system.time" 
:340681:1111328:39847024:431:"pmax" "logf" "pt_rw_step_trunc" "pt_sampler_trunc" "system.time" 
:341456:1111328:40082672:65:"logf" "pt_rw_step_trunc" "pt_sampler_trunc" "system.time" 
:280013:1111328:21560840:146:"pmax" "logf" "pt_rw_step_trunc" "pt_sampler_trunc" "system.time" 
:286471:1111328:23511488:531:"logf" "pt_rw_step_trunc" "pt_sampler_trunc" "system.time" 
:291783:1111328:25111912:433:"is.function" "match.fun" "vapply" "pmax" "logf" "pt_rw_step_trunc" "pt_sampler_trunc" "system.time" 
:297819:1111328:26927992:489:"logf" "pt_rw_step_trunc" "pt_sampler_trunc" "system.time" 
:304844:1111328:29038016:570:"pmax" "logf" "pt_sampler_trunc" "system.time" 
:311362:1111328:31000704:530:"pt_rw_step_trunc" "pt_sampler_trunc" "system.time" 
:316838:1111328:32648616:445:"vapply" "pmax" "logf" "pt_rw_step_trunc" "pt_sampler_trunc" "system.time" 
:322954:1111328:34492192:500:"FUN" "vapply" "pmax" "logf" "pt_rw_step_trunc" "pt_sampler_trunc" "system.time" 
:327975:1111328:36001616:408:"pmax" "logf" "pt_rw_step_trunc" "pt_sampler_trunc" "system.time" 
:333485:1111328:37669072:455:"pmax" "logf" "pt_sampler_trunc" "system.time" 
:336765:1111328:38654784:265:"pmax" "logf" "pt_rw_step_trunc" "pt_sampler_trunc" "system.time" 
:341486:1111328:40082672:390:"any" "logf" "pt_rw_step_trunc" "pt_sampler_trunc" "system.time" 
:284187:1111328:22819664:487:"pnorm" "Z_tail" "pt_rw_step_trunc" "pt_sampler_trunc" "system.time" 
:291495:1111328:25014192:592:"logf" "pt_rw_step_trunc" "pt_sampler_trunc" "system.time" 
:296500:1111328:26519248:406:"pt_rw_step_trunc" "pt_sampler_trunc" "system.time" 
:302130:1111328:28214088:459:"pmax" "logf" "pt_rw_step_trunc" "pt_sampler_trunc" "system.time" 
:307952:1111328:29970416:477:"pt_rw_step_trunc" "pt_sampler_trunc" "system.time" 
:313401:1111328:31612280:444:"pmax" "logf" "pt_sampler_trunc" "system.time" 
:318030:1111328:33007464:379:"vapply" "pmax" "logf" "pt_rw_step_trunc" "pt_sampler_trunc" "system.time" 
:323167:1111328:34553960:418:"pnorm" "Z_tail" "pt_rw_step_trunc" "pt_sampler_trunc" "system.time" 
:328677:1111328:36210944:448:"vapply" "pmax" "logf" "pt_rw_step_trunc" "pt_sampler_trunc" "system.time" 
:333717:1111328:37729552:411:"logf" "pt_rw_step_trunc" "pt_sampler_trunc" "system.time" 
:338139:1111328:39067336:366:"rnorm" "r_trunc_norm" "pt_rw_step_trunc" "pt_sampler_trunc" "system.time" 
:340912:1111328:39900448:225:"vapply" "pmax" "logf" "pt_rw_step_trunc" "pt_sampler_trunc" "system.time" 
:278498:1111328:21099568:73:"pmax" "logf" "pt_sampler_trunc" "system.time" 
:281330:1111328:21955080:232:"length" "mostattributes<-" "pmax" "logf" "pt_sampler_trunc" "system.time" 
:284409:1111328:22879640:249:"logf" "pt_sampler_trunc" "system.time" 
:288542:1111328:24126200:337:"rnorm" "r_trunc_norm" "pt_rw_step_trunc" "pt_sampler_trunc" "system.time" 
:291678:1111328:25072376:257:"Z_tail" "pt_rw_step_trunc" "pt_sampler_trunc" "system.time" 
:296466:1111328:26511968:388:"vapply" "pmax" "logf" "pt_rw_step_trunc" "pt_sampler_trunc" "system.time" 
:298583:1111328:27152160:177:"pt_sampler_trunc" "system.time" 
:303643:1111328:28679168:413:"pnorm" "Z_tail" "pt_rw_step_trunc" "pt_sampler_trunc" "system.time" 
:307888:1111328:29953112:344:"logf" "pt_rw_step_trunc" "pt_sampler_trunc" "system.time" 
:310580:1111328:30761640:218:"logf" "pt_rw_step_trunc" "pt_sampler_trunc" "system.time" 
:312661:1111328:31392872:174:"logf" "pt_rw_step_trunc" "pt_sampler_trunc" "system.time" 
:314996:1111328:32094944:190:"logf" "pt_rw_step_trunc" "pt_sampler_trunc" "system.time" 
:319175:1111328:33351192:338:"vapply" "pmax" "logf" "pt_rw_step_trunc" "pt_sampler_trunc" "system.time" 
:323121:1111328:34544608:325:"mostattributes<-" "pmax" "logf" "pt_rw_step_trunc" "pt_sampler_trunc" "system.time" 
:325873:1111328:35373744:225:"vapply" "pmax" "logf" "pt_rw_step_trunc" "pt_sampler_trunc" "system.time" 
:327834:1111328:35962864:158:"vapply" "pmax" "logf" "pt_rw_step_trunc" "pt_sampler_trunc" "system.time" 
:332141:1111328:37264472:357:"pt_sampler_trunc" "system.time" 
:336563:1111328:38595088:359:"Z_tail" "pt_rw_step_trunc" "pt_sampler_trunc" "system.time" 
:341480:1111328:40079312:406:"vapply" "pmax" "logf" "pt_sampler_trunc" "system.time" 
:280901:1111328:21824320:219:"list" "pt_rw_step_trunc" "pt_sampler_trunc" "system.time" 
:289110:1111328:24299240:672:"pt_sampler_trunc" "system.time" 
:294945:1111328:26057360:476:"logf" "pt_rw_step_trunc" "pt_sampler_trunc" "system.time" 
:298618:1111328:27160728:296:"Z_tail" "pt_rw_step_trunc" "pt_sampler_trunc" "system.time" 
:302975:1111328:28475328:359:"vapply" "pmax" "logf" "pt_rw_step_trunc" "pt_sampler_trunc" "system.time" 
:307340:1111328:29788640:354:"vapply" "pmax" "logf" "pt_rw_step_trunc" "pt_sampler_trunc" "system.time" 
:312161:1111328:31243520:396:"vapply" "pmax" "logf" "pt_rw_step_trunc" "pt_sampler_trunc" "system.time" 
:316290:1111328:32484816:335:"-" "logf" "pt_rw_step_trunc" "pt_sampler_trunc" "system.time" 
:319529:1111328:33462408:265:"logf" "pt_rw_step_trunc" "pt_sampler_trunc" "system.time" 
:321517:1111328:34056680:159:"r_trunc_norm" "pt_rw_step_trunc" "pt_sampler_trunc" "system.time" 
:326554:1111328:35580048:415:"FUN" "vapply" "pmax" "logf" "pt_rw_step_trunc" "pt_sampler_trunc" "system.time" 
:330714:1111328:36831480:338:"logf" "pt_rw_step_trunc" "pt_sampler_trunc" "system.time" 
:336732:1111328:38645040:490:"pmax" "logf" "pt_rw_step_trunc" "pt_sampler_trunc" "system.time" 
:341512:1111328:40082672:388:"vapply" "pmax" "logf" "pt_sampler_trunc" "system.time" 
:341512:1111328:40082672:0:"vapply" "pmax" "logf" "pt_sampler_trunc" "system.time" 
:280381:1111328:21664776:175:"length" "logf" "pt_rw_step_trunc" "pt_sampler_trunc" "system.time" 
:282322:1111328:22247344:156:"rnorm" "r_trunc_norm" "pt_rw_step_trunc" "pt_sampler_trunc" "system.time" 
:284640:1111328:22942864:187:"vapply" "pmax" "logf" "pt_rw_step_trunc" "pt_sampler_trunc" "system.time" 
:288000:1111328:23959096:277:"logf" "pt_rw_step_trunc" "pt_sampler_trunc" "system.time" 
:289900:1111328:24528280:152:"length" "mostattributes<-" "pmax" "logf" "pt_rw_step_trunc" "pt_sampler_trunc" "system.time" 
:293210:1111328:25526088:272:"pt_sampler_trunc" "system.time" 
:295583:1111328:26240368:192:"rnorm" "r_trunc_norm" "pt_rw_step_trunc" "pt_sampler_trunc" "system.time" 
:298492:1111328:27115032:237:"logf" "pt_rw_step_trunc" "pt_sampler_trunc" "system.time" 
:301018:1111328:27879096:210:"pmax" "logf" "pt_sampler_trunc" "system.time" 
:302754:1111328:28401912:138:"vapply" "pmax" "logf" "pt_rw_step_trunc" "pt_sampler_trunc" "system.time" 
:305585:1111328:29254568:232:"any" "logf" "pt_rw_step_trunc" "pt_sampler_trunc" "system.time" 
:310354:1111328:30689064:386:"vapply" "pmax" "logf" "pt_rw_step_trunc" "pt_sampler_trunc" "system.time" 
:313991:1111328:31787280:300:"logf" "pt_rw_step_trunc" "pt_sampler_trunc" "system.time" 
:317597:1111328:32877040:297:"list" "pt_rw_step_trunc" "pt_sampler_trunc" "system.time" 
:320476:1111328:33745880:235:"vapply" "pmax" "logf" "pt_rw_step_trunc" "pt_sampler_trunc" "system.time" 
:324796:1111328:35041552:348:"pmax" "logf" "pt_rw_step_trunc" "pt_sampler_trunc" "system.time" 
:328608:1111328:36192408:312:"vapply" "pmax" "logf" "pt_rw_step_trunc" "pt_sampler_trunc" "system.time" 
:332323:1111328:37313304:304:"Z_tail" "pt_rw_step_trunc" "pt_sampler_trunc" "system.time" 
:336000:1111328:38414432:295:"pt_sampler_trunc" "system.time" 
:339150:1111328:39365816:258:"pt_rw_step_trunc" "pt_sampler_trunc" "system.time" 
:341542:1111328:40082672:192:"pt_sampler_trunc" "system.time" 
:279214:1111328:21309736:78:"rnorm" "r_trunc_norm" "pt_rw_step_trunc" "pt_sampler_trunc" "system.time" 
:281450:1111328:21979216:180:"pt_rw_step_trunc" "pt_sampler_trunc" "system.time" 
:285699:1111328:23261000:349:"vapply" "pmax" "logf" "pt_rw_step_trunc" "pt_sampler_trunc" "system.time" 
:291564:1111328:25029704:480:"vapply" "pmax" "logf" "pt_rw_step_trunc" "pt_sampler_trunc" "system.time" 
:298033:1111328:26979008:530:"vapply" "pmax" "logf" "pt_sampler_trunc" "system.time" 
:301493:1111328:28018928:279:"logf" "pt_rw_step_trunc" "pt_sampler_trunc" "system.time" 
:305708:1111328:29291808:347:"Z_tail" "pt_rw_step_trunc" "pt_sampler_trunc" "system.time" 
:310922:1111328:30863392:426:"Z_tail" "pt_rw_step_trunc" "pt_sampler_trunc" "system.time" 
:316721:1111328:32610816:475:"pt_rw_step_trunc" "pt_sampler_trunc" "system.time" 
:321026:1111328:33907440:352:"pmax" "logf" "pt_sampler_trunc" "system.time" 
:324767:1111328:35032816:303:"pmax" "logf" "pt_rw_step_trunc" "pt_sampler_trunc" "system.time" 
:329767:1111328:36540896:410:"FUN" "vapply" "pmax" "logf" "pt_sampler_trunc" "system.time" 
:335586:1111328:38294704:477:"pt_rw_step_trunc" "pt_sampler_trunc" "system.time" 
:341507:1111328:40082672:485:"pnorm" "Z_tail" "pt_rw_step_trunc" "pt_sampler_trunc" "system.time" 
:281194:1111328:21900200:237:"all" "pmax" "logf" "pt_rw_step_trunc" "pt_sampler_trunc" "system.time" 
:287752:1111328:23879520:539:"pmax" "logf" "pt_rw_step_trunc" "pt_sampler_trunc" "system.time" 
:293312:1111328:25557672:456:"logf" "pt_rw_step_trunc" "pt_sampler_trunc" "system.time" 
:299348:1111328:27376664:493:"logf" "pt_rw_step_trunc" "pt_sampler_trunc" "system.time" 
:305505:1111328:29232504:503:"FUN" "vapply" "pmax" "logf" "pt_rw_step_trunc" "pt_sampler_trunc" "system.time" 
:311204:1111328:30948904:467:"pt_sampler_trunc" "system.time" 
:328590:1111328:36188208:1420:"Z_tail" "pt_rw_step_trunc" "pt_sampler_trunc" "system.time" 
:336882:1111328:38684800:678:"pmax" "logf" "pt_rw_step_trunc" "pt_sampler_trunc" "system.time" 
:341533:1111328:40082672:377:"vapply" "pmax" "logf" "pt_rw_step_trunc" "pt_sampler_trunc" "system.time" 
:341533:1111328:40082672:0:"vapply" "pmax" "logf" "pt_rw_step_trunc" "pt_sampler_trunc" "system.time" 
:341533:1111328:40082672:0:"vapply" "pmax" "logf" "pt_rw_step_trunc" "pt_sampler_trunc" "system.time" 
:341533:1111328:40082672:0:"vapply" "pmax" "logf" "pt_rw_step_trunc" "pt_sampler_trunc" "system.time" 
:341533:1111328:40082672:0:"vapply" "pmax" "logf" "pt_rw_step_trunc" "pt_sampler_trunc" "system.time" 
:341533:1111328:40082672:0:"vapply" "pmax" "logf" "pt_rw_step_trunc" "pt_sampler_trunc" "system.time" 
:341533:1111328:40082672:0:"vapply" "pmax" "logf" "pt_rw_step_trunc" "pt_sampler_trunc" "system.time" 
:341533:1111328:40082672:0:"vapply" "pmax" "logf" "pt_rw_step_trunc" "pt_sampler_trunc" "system.time" 
:341533:1111328:40082672:0:"vapply" "pmax" "logf" "pt_rw_step_trunc" "pt_sampler_trunc" "system.time" 
:277882:1111328:20975920:0:"vapply" "pmax" "logf" "pt_rw_step_trunc" "pt_sampler_trunc" "system.time" 
:277882:1111328:20975920:0:"vapply" "pmax" "logf" "pt_rw_step_trunc" "pt_sampler_trunc" "system.time" 
:282006:1111328:22222032:340:"vapply" "pmax" "logf" "pt_rw_step_trunc" "pt_sampler_trunc" "system.time" 
:308056:1111328:30066064:2120:"pmax" "logf" "pt_rw_step_trunc" "pt_sampler_trunc" "system.time" 
:313267:1111328:31634736:426:"logf" "pt_rw_step_trunc" "pt_sampler_trunc" "system.time" 
:324671:1111328:35066752:928:"pmax" "logf" "pt_rw_step_trunc" "pt_sampler_trunc" "system.time" 
:329111:1111328:36401232:360:"logf" "pt_rw_step_trunc" "pt_sampler_trunc" "system.time" 
:283678:1111328:22717576:1463:"pt_sampler_trunc" "system.time" 
:297401:1111328:26840800:1111:"logf" "pt_rw_step_trunc" "pt_sampler_trunc" "system.time" 
:302786:1111328:28467264:443:"pmax" "logf" "pt_sampler_trunc" "system.time" 
:312932:1111328:31525704:828:"pt_rw_step_trunc" "pt_sampler_trunc" "system.time" 
:337510:1111328:38916808:1995:"vapply" "pmax" "logf" "pt_sampler_trunc" "system.time" 
:282266:1111328:22291024:671:"mostattributes<-" "pmax" "logf" "pt_rw_step_trunc" "pt_sampler_trunc" "system.time" 
:289126:1111328:24353280:556:"logf" "pt_rw_step_trunc" "pt_sampler_trunc" "system.time" 
:298270:1111328:27109712:750:"pt_rw_step_trunc" "pt_sampler_trunc" "system.time" 
:315205:1111328:32216688:1384:"all" "pmax" "logf" "pt_rw_step_trunc" "pt_sampler_trunc" "system.time" 
:322447:1111328:34403488:594:"mostattributes<-" "pmax" "logf" "pt_rw_step_trunc" "pt_sampler_trunc" "system.time" 
:333129:1111328:37617552:869:"pmax" "logf" "pt_rw_step_trunc" "pt_sampler_trunc" "system.time" 
:282663:1111328:22402576:1047:"pt_rw_step_trunc" "pt_sampler_trunc" "system.time" 
:294037:1111328:25820424:920:"logf" "pt_rw_step_trunc" "pt_sampler_trunc" "system.time" 
:303062:1111328:28540064:737:"logf" "pt_rw_step_trunc" "pt_sampler_trunc" "system.time" 
:316400:1111328:32561816:1091:"pt_sampler_trunc" "system.time" 
:325190:1111328:35210672:717:"length" "pmax" "logf" "pt_rw_step_trunc" "pt_sampler_trunc" "system.time" 
:338047:1111328:39079152:1045:"logf" "pt_rw_step_trunc" "pt_sampler_trunc" "system.time" 
:284746:1111328:23031176:826:"pt_rw_step_trunc" "pt_sampler_trunc" "system.time" 
:293141:1111328:25556216:683:"logf" "pt_rw_step_trunc" "pt_sampler_trunc" "system.time" 
:298145:1111328:27062168:405:"Z_tail" "pt_rw_step_trunc" "pt_sampler_trunc" "system.time" 
:324823:1111328:35099904:2180:"runif" "pt_rw_step_trunc" "pt_sampler_trunc" "system.time" 
:332420:1111328:37385936:618:"runif" "pt_rw_step_trunc" "pt_sampler_trunc" "system.time" 
:279446:1111328:21428176:846:"pt_rw_step_trunc" "pt_sampler_trunc" "system.time" 
:288090:1111328:24025288:699:"length" "pmax" "logf" "pt_rw_step_trunc" "pt_sampler_trunc" "system.time" 
:303613:1111328:28699160:1264:"pmax" "logf" "pt_rw_step_trunc" "pt_sampler_trunc" "system.time" 
:309129:1111328:30358272:449:"pt_sampler_trunc" "system.time" 
:314158:1111328:31872120:408:"logf" "pt_rw_step_trunc" "pt_sampler_trunc" "system.time" 
:321105:1111328:33964336:567:"vapply" "pmax" "logf" "pt_rw_step_trunc" "pt_sampler_trunc" "system.time" 
:326965:1111328:35728672:478:"vapply" "pmax" "logf" "pt_rw_step_trunc" "pt_sampler_trunc" "system.time" 
:334479:1111328:37987264:609:"mostattributes<-" "pmax" "logf" "pt_rw_step_trunc" "pt_sampler_trunc" "system.time" 
:341240:1111328:40024096:554:"pt_sampler_trunc" "system.time" 
:283363:1111328:22605128:451:"FUN" "vapply" "pmax" "logf" "pt_rw_step_trunc" "pt_sampler_trunc" "system.time" 
:290577:1111328:24770872:582:"vapply" "pmax" "logf" "pt_rw_step_trunc" "pt_sampler_trunc" "system.time" 
:306532:1111328:29581552:1307:"pt_rw_step_trunc" "pt_sampler_trunc" "system.time" 
:319652:1111328:33530784:1066:"logf" "pt_rw_step_trunc" "pt_sampler_trunc" "system.time" 
:324814:1111328:35084952:423:"pmax" "logf" "pt_sampler_trunc" "system.time" 
:279187:1111328:21340200:1448:"logf" "pt_rw_step_trunc" "pt_sampler_trunc" "system.time" 
:307980:1111328:30001496:2343:"pt_sampler_trunc" "system.time" 
:331538:1111328:37093168:1917:"FUN" "vapply" "pmax" "logf" "pt_rw_step_trunc" "pt_sampler_trunc" "system.time" 
:338688:1111328:39248496:586:"vapply" "pmax" "logf" "pt_rw_step_trunc" "pt_sampler_trunc" "system.time" 
:280615:1111328:21764512:428:"vapply" "pmax" "logf" "pt_rw_step_trunc" "pt_sampler_trunc" "system.time" 
:286715:1111328:23605736:500:"pnorm" "Z_tail" "pt_rw_step_trunc" "pt_sampler_trunc" "system.time" 
:292917:1111328:25467792:502:"vapply" "pmax" "logf" "pt_sampler_trunc" "system.time" 
:299060:1111328:27317752:499:"pt_rw_step_trunc" "pt_sampler_trunc" "system.time" 
:305574:1111328:29281224:532:"logf" "pt_rw_step_trunc" "pt_sampler_trunc" "system.time" 
:323096:1111328:34557936:1427:"vapply" "pmax" "logf" "pt_rw_step_trunc" "pt_sampler_trunc" "system.time" 
:329130:1111328:36373960:490:"pnorm" "Z_tail" "pt_rw_step_trunc" "pt_sampler_trunc" "system.time" 
:335809:1111328:38388560:549:"logf" "pt_sampler_trunc" "system.time" 
:341425:1111328:40082672:458:"pmax" "logf" "pt_rw_step_trunc" "pt_sampler_trunc" "system.time" 
:281556:1111328:22042720:278:"rnorm" "r_trunc_norm" "pt_rw_step_trunc" "pt_sampler_trunc" "system.time" 
:286959:1111328:23673552:445:"logf" "pt_sampler_trunc" "system.time" 
:309344:1111328:30417352:1829:"pt_sampler_trunc" "system.time" 
:328993:1111328:36339856:1605:"vapply" "pmax" "logf" "pt_rw_step_trunc" "pt_sampler_trunc" "system.time" 
:334345:1111328:37949128:435:"is.finite" "pt_rw_step_trunc" "pt_sampler_trunc" "system.time" 
:340501:1111328:39798696:498:"logf" "pt_rw_step_trunc" "pt_sampler_trunc" "system.time" 
:279693:1111328:21484176:205:"vapply" "pmax" "logf" "pt_rw_step_trunc" "pt_sampler_trunc" "system.time" 
:284570:1111328:22949080:395:"pt_sampler_trunc" "system.time" 
:290518:1111328:24740464:484:"Z_tail" "pt_rw_step_trunc" "pt_sampler_trunc" "system.time" 
:294038:1111328:25803680:290:"pt_rw_step_trunc" "pt_sampler_trunc" "system.time" 
:298262:1111328:27075944:345:"match.fun" "vapply" "pmax" "logf" "pt_sampler_trunc" "system.time" 
:303174:1111328:28561232:403:"Z_tail" "pt_rw_step_trunc" "pt_sampler_trunc" "system.time" 
:311534:1111328:31074904:678:"pmax" "logf" "pt_rw_step_trunc" "pt_sampler_trunc" "system.time" 
:319153:1111328:33364296:617:"pmax" "logf" "pt_rw_step_trunc" "pt_sampler_trunc" "system.time" 
:327463:1111328:35870576:679:"pt_rw_step_trunc" "pt_sampler_trunc" "system.time" 
:332811:1111328:37477664:433:"vapply" "pmax" "logf" "pt_sampler_trunc" "system.time" 
:341153:1111328:39992680:682:"logf" "pt_rw_step_trunc" "pt_sampler_trunc" "system.time" 
:282958:1111328:22466976:417:"rnorm" "r_trunc_norm" "pt_rw_step_trunc" "pt_sampler_trunc" "system.time" 
:298330:1111328:27088600:1248:"pt_sampler_trunc" "system.time" 
:303992:1111328:28792400:461:"pmax" "logf" "pt_sampler_trunc" "system.time" 
:315430:1111328:32240936:933:"logf" "pt_sampler_trunc" "system.time" 
:326599:1111328:35607824:911:"vapply" "pmax" "logf" "pt_rw_step_trunc" "pt_sampler_trunc" "system.time" 
:339906:1111328:39605104:1076:"FUN" "vapply" "pmax" "logf" "pt_rw_step_trunc" "pt_sampler_trunc" "system.time" 
:279661:1111328:21471464:256:"vapply" "pmax" "logf" "pt_rw_step_trunc" "pt_sampler_trunc" "system.time" 
:294727:1111328:26017992:1235:"runif" "pt_rw_step_trunc" "pt_sampler_trunc" "system.time" 
:302568:1111328:28375200:637:"logf" "pt_rw_step_trunc" "pt_sampler_trunc" "system.time" 
:325082:1111328:35161672:1838:"vapply" "pmax" "logf" "pt_rw_step_trunc" "pt_sampler_trunc" "system.time" 
:338641:1111328:39246872:1108:"match.fun" "vapply" "pmax" "logf" "pt_rw_step_trunc" "pt_sampler_trunc" "system.time" 
:283106:1111328:22509368:637:"logf" "pt_rw_step_trunc" "pt_sampler_trunc" "system.time" 
:293683:1111328:25690056:862:"pt_sampler_trunc" "system.time" 
:307048:1111328:29714272:1088:"logf" "pt_rw_step_trunc" "pt_sampler_trunc" "system.time" 
:314358:1111328:31922632:601:"pmax" "logf" "pt_rw_step_trunc" "pt_sampler_trunc" "system.time" 
:319852:1111328:33577320:448:"vapply" "pmax" "logf" "pt_rw_step_trunc" "pt_sampler_trunc" "system.time" 
:329159:1111328:36381632:761:"logf" "pt_sampler_trunc" "system.time" 
:339001:1111328:39344312:799:"vapply" "pmax" "logf" "pt_rw_step_trunc" "pt_sampler_trunc" "system.time" 
:281791:1111328:22107512:498:"vapply" "pmax" "logf" "pt_rw_step_trunc" "pt_sampler_trunc" "system.time" 
:287509:1111328:23832536:469:"pmax" "logf" "pt_rw_step_trunc" "pt_sampler_trunc" "system.time" 
:305030:1111328:29113616:1433:"pmax" "logf" "pt_rw_step_trunc" "pt_sampler_trunc" "system.time" 
:311734:1111328:31131240:547:"logf" "pt_sampler_trunc" "system.time" 
:321193:1111328:33977160:767:"logf" "pt_rw_step_trunc" "pt_sampler_trunc" "system.time" 
:327281:1111328:35813792:498:"logf" "pt_rw_step_trunc" "pt_sampler_trunc" "system.time" 
:286994:1111328:23666160:1868:"vapply" "pmax" "logf" "pt_rw_step_trunc" "pt_sampler_trunc" "system.time" 
:301265:1111328:27967240:1168:"vapply" "pmax" "logf" "pt_rw_step_trunc" "pt_sampler_trunc" "system.time" 
:312946:1111328:31487232:954:"FUN" "vapply" "pmax" "logf" "pt_rw_step_trunc" "pt_sampler_trunc" "system.time" 
:323369:1111328:34626256:849:"pnorm" "Z_tail" "pt_rw_step_trunc" "pt_sampler_trunc" "system.time" 
:296431:1111328:26505584:2963:"logf" "pt_rw_step_trunc" "pt_sampler_trunc" "system.time" 
:302502:1111328:28336616:496:"logf" "pt_rw_step_trunc" "pt_sampler_trunc" "system.time" 
:312870:1111328:31458672:843:"pmax" "logf" "pt_rw_step_trunc" "pt_sampler_trunc" "system.time" 
:336840:1111328:38676848:1955:"pmax" "logf" "pt_rw_step_trunc" "pt_sampler_trunc" "system.time" 
:296776:1111328:26615344:1897:"pnorm" "Z_tail" "pt_rw_step_trunc" "pt_sampler_trunc" "system.time" 
:321985:1111328:34200152:2048:"rnorm" "r_trunc_norm" "pt_rw_step_trunc" "pt_sampler_trunc" "system.time" 
:329081:1111328:36337392:578:"logf" "pt_rw_step_trunc" "pt_sampler_trunc" "system.time" 
:334446:1111328:37953384:439:"any" "logf" "pt_sampler_trunc" "system.time" 
:341090:1111328:39950568:538:"pmax" "logf" "pt_rw_step_trunc" "pt_sampler_trunc" "system.time" 
:341528:1111328:40082672:36:"match.fun" "vapply" "pmax" "logf" "pt_rw_step_trunc" "pt_sampler_trunc" "system.time" 
:283219:1111328:22518216:402:"logf" "pt_rw_step_trunc" "pt_sampler_trunc" "system.time" 
:298592:1111328:27150312:1254:"vapply" "pmax" "logf" "pt_rw_step_trunc" "pt_sampler_trunc" "system.time" 
:309161:1111328:30333184:861:"logf" "pt_rw_step_trunc" "pt_sampler_trunc" "system.time" 
:325202:1111328:35165032:1308:"mostattributes<-" "pmax" "logf" "pt_rw_step_trunc" "pt_sampler_trunc" "system.time" 
:333191:1111328:37567544:648:"pmax" "logf" "pt_rw_step_trunc" "pt_sampler_trunc" "system.time" 
:286731:1111328:23573144:1368:"logf" "pt_rw_step_trunc" "pt_sampler_trunc" "system.time" 
:293900:1111328:25738776:588:"Z_tail" "pt_rw_step_trunc" "pt_sampler_trunc" "system.time" 
:299519:1111328:27430648:458:"pt_rw_step_trunc" "pt_sampler_trunc" "system.time" 
:317887:1111328:32955328:1491:"pmax" "logf" "pt_rw_step_trunc" "pt_sampler_trunc" "system.time" 
:333698:1111328:37719696:1291:"pnorm" "Z_tail" "pt_rw_step_trunc" "pt_sampler_trunc" "system.time" 
:341548:1111328:40082672:640:"-" "logf" "pt_rw_step_trunc" "pt_sampler_trunc" "system.time" 
:296024:1111328:26368776:1444:"rnorm" "r_trunc_norm" "pt_rw_step_trunc" "pt_sampler_trunc" "system.time" 
:308997:1111328:30275616:1058:"logf" "pt_rw_step_trunc" "pt_sampler_trunc" "system.time" 
:314182:1111328:31839528:426:"all" "pmax" "logf" "pt_sampler_trunc" "system.time" 
:278197:1111328:21070056:2256:"pt_rw_step_trunc" "pt_sampler_trunc" "system.time" 
:288649:1111328:24217816:853:"logf" "pt_rw_step_trunc" "pt_sampler_trunc" "system.time" 
:294914:1111328:26105184:511:"mostattributes<-" "pmax" "logf" "pt_rw_step_trunc" "pt_sampler_trunc" "system.time" 
:303653:1111328:28737520:713:"pmax" "logf" "pt_rw_step_trunc" "pt_sampler_trunc" "system.time" 
:311358:1111328:31056536:627:"rnorm" "r_trunc_norm" "pt_rw_step_trunc" "pt_sampler_trunc" "system.time" 
:320640:1111328:33853848:758:"logf" "pt_rw_step_trunc" "pt_sampler_trunc" "system.time" 
:327736:1111328:35994952:584:"pmax" "logf" "pt_sampler_trunc" "system.time" 
:279465:1111328:21445200:1235:"any" "logf" "pt_rw_step_trunc" "pt_sampler_trunc" "system.time" 
:286562:1111328:23587816:582:"vapply" "pmax" "logf" "pt_rw_step_trunc" "pt_sampler_trunc" "system.time" 
:292539:1111328:25388664:489:"logf" "pt_rw_step_trunc" "pt_sampler_trunc" "system.time" 
:300803:1111328:27875456:672:"runif" "pt_rw_step_trunc" "pt_sampler_trunc" "system.time" 
:306720:1111328:29654128:479:"Z_tail" "pt_rw_step_trunc" "pt_sampler_trunc" "system.time" 
:313095:1111328:31571008:517:"pt_sampler_trunc" "system.time" 
:320324:1111328:33747168:586:"pnorm" "Z_tail" "pt_rw_step_trunc" "pt_sampler_trunc" "system.time" 
:331481:1111328:37111872:914:"pt_sampler_trunc" "system.time" 
:340254:1111328:39755688:717:"pmax" "logf" "pt_rw_step_trunc" "pt_sampler_trunc" "system.time" 
:281578:1111328:22079568:386:"Z_tail" "pt_rw_step_trunc" "pt_sampler_trunc" "system.time" 
:289964:1111328:24605392:686:"vapply" "pmax" "logf" "pt_sampler_trunc" "system.time" 
:297847:1111328:26981080:642:"vapply" "pmax" "logf" "pt_rw_step_trunc" "pt_sampler_trunc" "system.time" 
:304262:1111328:28912520:523:"logf" "pt_sampler_trunc" "system.time" 
:312591:1111328:31425016:683:"pmax" "logf" "pt_rw_step_trunc" "pt_sampler_trunc" "system.time" 
:318429:1111328:33184648:477:"pt_rw_step_trunc" "pt_sampler_trunc" "system.time" 
:326418:1111328:35590800:653:"logf" "pt_rw_step_trunc" "pt_sampler_trunc" "system.time" 
:332769:1111328:37506560:521:"logf" "pt_sampler_trunc" "system.time" 
:281178:1111328:21949816:958:"pt_sampler_trunc" "system.time" 
:295282:1111328:26199544:1153:"vapply" "pmax" "logf" "pt_sampler_trunc" "system.time" 
:301423:1111328:28044352:495:"logf" "pt_rw_step_trunc" "pt_sampler_trunc" "system.time" 
:307405:1111328:29841896:484:"all" "pmax" "logf" "pt_rw_step_trunc" "pt_sampler_trunc" "system.time" 
:323284:1111328:34624744:1296:"length" "logf" "pt_rw_step_trunc" "pt_sampler_trunc" "system.time" 
:329778:1111328:36580208:529:"pmax" "logf" "pt_sampler_trunc" "system.time" 
:338610:1111328:39237856:718:"is.atomic" "FUN" "vapply" "pmax" "logf" "pt_sampler_trunc" "system.time" 
:278043:1111328:21007840:235:"pt_sampler_trunc" "system.time" 
:287881:1111328:23972816:805:"vapply" "pmax" "logf" "pt_rw_step_trunc" "pt_sampler_trunc" "system.time" 
:300121:1111328:27661480:1000:"logf" "pt_rw_step_trunc" "pt_sampler_trunc" "system.time" 
:306089:1111328:29460144:488:"logf" "pt_rw_step_trunc" "pt_sampler_trunc" "system.time" 
:309721:1111328:30528288:290:
